sample_no,process_cpu_percent_raw,process_cpu_percent_normalized,memory_rss_mb
1,0.0,0.0,172.145
2,0.0,0.0,173.039
3,14.3,0.894,175.16
4,0.0,0.0,175.613
5,0.0,0.0,175.613
6,0.0,0.0,175.613
7,0.0,0.0,175.711
8,14.3,0.894,175.742
9,0.0,0.0,175.742
10,0.0,0.0,175.742
11,0.0,0.0,175.742
12,0.0,0.0,175.742
13,37.5,2.344,175.789
14,100.0,6.25,176.289
15,14.3,0.894,176.289
16,0.0,0.0,176.289
17,14.3,0.894,176.355
18,0.0,0.0,176.383
19,28.7,1.794,176.398
20,14.2,0.887,176.398
21,87.5,5.469,176.398
22,0.0,0.0,176.398
23,14.3,0.894,176.406
24,14.2,0.887,176.402
25,62.5,3.906,176.945
26,62.5,3.906,177.059
27,0.0,0.0,177.059
28,0.0,0.0,177.059
29,0.0,0.0,177.059
30,0.0,0.0,177.059
31,0.0,0.0,177.059
32,0.0,0.0,177.059
33,0.0,0.0,177.059
34,0.0,0.0,177.059
35,0.0,0.0,177.059
36,0.0,0.0,177.059
37,0.0,0.0,177.059
38,0.0,0.0,177.059
39,0.0,0.0,177.059
40,0.0,0.0,177.059
41,0.0,0.0,177.059
42,0.0,0.0,177.059
43,0.0,0.0,177.059
44,0.0,0.0,177.059
45,0.0,0.0,177.059
46,14.3,0.894,177.059
47,0.0,0.0,177.059
48,0.0,0.0,177.059
49,0.0,0.0,177.059
50,0.0,0.0,177.059
51,0.0,0.0,177.062
52,14.3,0.894,177.059
53,0.0,0.0,177.059
54,0.0,0.0,177.059
55,0.0,0.0,177.059
56,0.0,0.0,177.059
57,0.0,0.0,177.059
58,0.0,0.0,177.059
59,0.0,0.0,177.059
60,0.0,0.0,177.059
61,0.0,0.0,177.059
62,0.0,0.0,177.059
63,0.0,0.0,177.059
64,0.0,0.0,177.059
65,0.0,0.0,177.059
66,0.0,0.0,177.059
67,0.0,0.0,177.059
68,0.0,0.0,177.059
69,0.0,0.0,177.059
70,0.0,0.0,177.059
71,0.0,0.0,177.059
72,0.0,0.0,177.059
73,0.0,0.0,177.059
74,0.0,0.0,177.059
75,0.0,0.0,177.059
76,0.0,0.0,177.059
77,0.0,0.0,177.059
78,0.0,0.0,177.059
79,0.0,0.0,177.059
80,0.0,0.0,177.059
81,0.0,0.0,177.059
82,0.0,0.0,177.059
83,0.0,0.0,177.059
84,0.0,0.0,177.059
85,0.0,0.0,177.059
86,0.0,0.0,177.059
87,0.0,0.0,177.059
88,0.0,0.0,177.059
89,0.0,0.0,177.059
90,0.0,0.0,177.059
91,0.0,0.0,177.059
92,0.0,0.0,177.059
93,0.0,0.0,177.059
94,0.0,0.0,177.059
95,0.0,0.0,177.059
96,0.0,0.0,177.059
97,0.0,0.0,177.059
98,0.0,0.0,177.059
99,0.0,0.0,177.059
100,0.0,0.0,177.059
101,0.0,0.0,177.059
102,0.0,0.0,177.059
103,0.0,0.0,177.059
104,0.0,0.0,177.059
105,0.0,0.0,177.059
106,0.0,0.0,177.059
107,0.0,0.0,177.059
108,0.0,0.0,177.059
109,0.0,0.0,177.059
110,0.0,0.0,177.059
111,0.0,0.0,177.059
112,0.0,0.0,177.059
113,0.0,0.0,177.059
114,0.0,0.0,177.059
115,0.0,0.0,177.059
116,0.0,0.0,177.059
117,0.0,0.0,177.059
118,0.0,0.0,177.059
119,0.0,0.0,177.059
120,0.0,0.0,177.059
121,0.0,0.0,177.059
122,0.0,0.0,177.059
123,0.0,0.0,177.059
124,0.0,0.0,177.059
125,0.0,0.0,177.059
126,14.3,0.894,177.219
127,0.0,0.0,177.219
128,0.0,0.0,177.219
129,0.0,0.0,177.219
130,0.0,0.0,177.219
131,0.0,0.0,177.219
132,0.0,0.0,177.219
133,0.0,0.0,177.324
134,0.0,0.0,177.324
135,0.0,0.0,177.324
136,0.0,0.0,177.324
137,0.0,0.0,177.324
138,0.0,0.0,177.324
139,0.0,0.0,177.324
140,0.0,0.0,177.324
141,0.0,0.0,177.324
142,0.0,0.0,177.324
143,0.0,0.0,177.324
144,0.0,0.0,177.324
145,0.0,0.0,177.324
146,0.0,0.0,177.324
147,0.0,0.0,177.324
148,0.0,0.0,177.324
149,0.0,0.0,177.324
150,0.0,0.0,177.324
151,0.0,0.0,177.324
152,0.0,0.0,177.324
153,0.0,0.0,177.324
154,0.0,0.0,177.324
155,0.0,0.0,177.324
156,0.0,0.0,177.324
157,0.0,0.0,177.324
158,0.0,0.0,177.324
159,0.0,0.0,177.324
160,0.0,0.0,177.324
161,0.0,0.0,177.324
162,0.0,0.0,177.324
163,0.0,0.0,177.324
164,0.0,0.0,177.324
165,0.0,0.0,177.324
166,0.0,0.0,177.324
167,0.0,0.0,177.324
168,0.0,0.0,177.324
169,0.0,0.0,177.324
170,0.0,0.0,177.324
171,0.0,0.0,177.324
172,0.0,0.0,177.324
173,0.0,0.0,177.324
174,0.0,0.0,177.324
175,0.0,0.0,177.324
176,0.0,0.0,177.324
177,0.0,0.0,177.324
178,0.0,0.0,177.324
179,0.0,0.0,177.324
180,0.0,0.0,177.324
181,0.0,0.0,177.324
182,0.0,0.0,177.324
183,0.0,0.0,177.324
184,0.0,0.0,177.324
185,0.0,0.0,177.324
186,0.0,0.0,177.324
187,0.0,0.0,177.324
188,0.0,0.0,177.324
189,0.0,0.0,177.324
190,0.0,0.0,177.324
191,0.0,0.0,177.324
192,0.0,0.0,177.324
193,0.0,0.0,177.324
194,0.0,0.0,177.324
195,0.0,0.0,177.324
196,0.0,0.0,177.324
197,0.0,0.0,177.324
198,0.0,0.0,177.324
199,0.0,0.0,177.324
200,100.0,6.25,177.984
201,100.0,6.25,177.984
202,71.0,4.438,177.984
203,0.0,0.0,178.109
204,0.0,0.0,178.109
205,0.0,0.0,178.109
206,0.0,0.0,178.109
207,14.2,0.887,178.121
208,14.3,0.894,178.121
209,0.0,0.0,178.121
210,0.0,0.0,178.121
211,62.5,3.906,178.621
212,49.9,3.119,178.629
213,75.0,4.688,178.633
214,86.0,5.375,178.633
215,75.0,4.688,178.633
216,75.0,4.688,178.633
217,28.4,1.775,178.633
218,14.3,0.894,178.633
219,0.0,0.0,178.633
220,0.0,0.0,178.633
221,0.0,0.0,178.633
222,0.0,0.0,178.633
223,0.0,0.0,178.633
224,0.0,0.0,178.633
225,0.0,0.0,178.633
226,0.0,0.0,178.633
227,0.0,0.0,178.633
228,0.0,0.0,178.633
229,0.0,0.0,178.633
230,0.0,0.0,178.633
231,0.0,0.0,178.633
232,0.0,0.0,178.633
233,0.0,0.0,178.633
234,0.0,0.0,178.633
235,0.0,0.0,178.633
236,0.0,0.0,178.633
237,0.0,0.0,178.633
238,0.0,0.0,178.633
239,0.0,0.0,178.633
240,0.0,0.0,178.633
241,0.0,0.0,178.633
242,0.0,0.0,178.633
243,0.0,0.0,178.633
244,0.0,0.0,178.633
245,0.0,0.0,178.633
246,0.0,0.0,178.633
247,0.0,0.0,178.633
248,0.0,0.0,178.633
249,0.0,0.0,178.633
250,0.0,0.0,178.633
251,0.0,0.0,178.633
252,0.0,0.0,178.633
253,0.0,0.0,178.633
254,0.0,0.0,178.633
255,0.0,0.0,178.633
256,0.0,0.0,178.633
257,0.0,0.0,178.633
258,0.0,0.0,178.633
259,0.0,0.0,178.633
260,0.0,0.0,178.633
261,0.0,0.0,178.633
262,0.0,0.0,178.633
263,0.0,0.0,178.633
264,0.0,0.0,178.633
265,0.0,0.0,178.633
266,0.0,0.0,178.633
267,0.0,0.0,178.633
268,0.0,0.0,178.633
269,0.0,0.0,178.633
270,0.0,0.0,178.633
271,0.0,0.0,178.633
272,14.2,0.887,178.633
273,0.0,0.0,178.633
274,0.0,0.0,178.633
275,0.0,0.0,178.633
276,0.0,0.0,178.633
277,0.0,0.0,178.633
278,0.0,0.0,178.633
279,0.0,0.0,178.633
280,0.0,0.0,178.633
281,0.0,0.0,178.633
282,0.0,0.0,178.633
283,0.0,0.0,178.633
284,0.0,0.0,178.633
285,0.0,0.0,178.633
286,0.0,0.0,178.633
287,0.0,0.0,178.633
288,0.0,0.0,178.633
289,0.0,0.0,178.633
290,0.0,0.0,178.633
291,0.0,0.0,178.633
292,14.3,0.894,178.633
293,0.0,0.0,178.633
294,0.0,0.0,178.633
295,0.0,0.0,178.633
296,0.0,0.0,178.633
297,0.0,0.0,178.633
298,0.0,0.0,178.633
299,0.0,0.0,178.633
300,0.0,0.0,178.633
301,0.0,0.0,178.633
302,0.0,0.0,178.633
303,0.0,0.0,178.633
304,0.0,0.0,178.633
305,0.0,0.0,178.633
306,14.3,0.894,178.633
307,0.0,0.0,178.633
308,0.0,0.0,178.633
309,0.0,0.0,178.633
310,0.0,0.0,178.633
311,0.0,0.0,178.633
312,0.0,0.0,178.633
313,0.0,0.0,178.633
314,0.0,0.0,178.633
315,0.0,0.0,178.633
316,14.2,0.887,178.633
317,0.0,0.0,178.633
318,0.0,0.0,178.633
319,14.2,0.887,178.633
320,0.0,0.0,178.633
321,0.0,0.0,178.633
322,0.0,0.0,178.633
323,0.0,0.0,178.633
324,0.0,0.0,178.633
325,0.0,0.0,178.633
326,0.0,0.0,178.633
327,0.0,0.0,178.633
328,0.0,0.0,178.633
329,0.0,0.0,178.633
330,0.0,0.0,178.633
331,0.0,0.0,178.633
332,0.0,0.0,178.633
333,0.0,0.0,178.633
334,0.0,0.0,178.633
335,0.0,0.0,178.633
336,0.0,0.0,178.633
337,0.0,0.0,178.633
338,0.0,0.0,178.633
339,0.0,0.0,178.633
340,0.0,0.0,178.633
341,0.0,0.0,178.633
342,0.0,0.0,178.633
343,0.0,0.0,178.633
344,0.0,0.0,178.633
345,0.0,0.0,178.633
346,0.0,0.0,178.633
347,0.0,0.0,178.633
348,0.0,0.0,178.633
349,0.0,0.0,178.633
350,0.0,0.0,178.633
351,0.0,0.0,178.633
352,0.0,0.0,178.633
353,0.0,0.0,178.633
354,0.0,0.0,178.633
355,0.0,0.0,178.633
356,0.0,0.0,178.633
357,0.0,0.0,178.633
358,0.0,0.0,178.633
359,0.0,0.0,178.633
360,0.0,0.0,178.633
361,0.0,0.0,178.633
362,0.0,0.0,178.633
363,0.0,0.0,178.633
364,0.0,0.0,178.633
365,75.0,4.688,178.633
366,100.0,6.25,178.633
367,71.7,4.481,178.633
368,0.0,0.0,178.633
369,0.0,0.0,178.633
370,14.2,0.887,178.637
371,0.0,0.0,178.637
372,14.3,0.894,178.637
373,0.0,0.0,178.637
374,28.7,1.794,178.637
375,0.0,0.0,178.637
376,0.0,0.0,178.637
377,0.0,0.0,178.645
378,0.0,0.0,178.84
379,14.3,0.894,179.316
380,43.0,2.688,181.246
381,14.2,0.887,181.246
382,0.0,0.0,181.246
383,0.0,0.0,181.246
384,0.0,0.0,181.246
385,14.3,0.894,181.234
386,0.0,0.0,181.234
387,0.0,0.0,181.18
388,0.0,0.0,181.184
389,0.0,0.0,181.184
390,14.2,0.887,181.605
391,0.0,0.0,181.715
392,71.7,4.481,181.988
393,71.0,4.438,182.484
394,0.0,0.0,182.484
395,0.0,0.0,182.484
396,0.0,0.0,182.484
397,0.0,0.0,182.484
398,0.0,0.0,182.484
399,0.0,0.0,182.484
400,14.3,0.894,182.484
401,0.0,0.0,182.484
402,0.0,0.0,182.484
403,0.0,0.0,182.484
404,0.0,0.0,182.484
405,0.0,0.0,182.484
406,0.0,0.0,182.484
407,0.0,0.0,182.484
408,0.0,0.0,182.484
409,0.0,0.0,182.484
410,0.0,0.0,182.484
411,0.0,0.0,182.484
412,0.0,0.0,182.484
413,0.0,0.0,182.484
414,0.0,0.0,182.484
415,0.0,0.0,182.484
416,0.0,0.0,182.484
417,14.3,0.894,182.484
418,0.0,0.0,182.484
419,0.0,0.0,182.484
420,0.0,0.0,182.484
421,0.0,0.0,182.484
422,0.0,0.0,182.484
423,0.0,0.0,182.484
424,0.0,0.0,182.484
425,0.0,0.0,182.484
426,0.0,0.0,182.484
427,0.0,0.0,182.484
428,0.0,0.0,182.484
429,0.0,0.0,182.484
430,0.0,0.0,182.484
431,0.0,0.0,182.484
432,0.0,0.0,182.484
433,0.0,0.0,182.484
434,0.0,0.0,182.484
435,0.0,0.0,182.484
436,0.0,0.0,182.484
437,0.0,0.0,182.484
438,0.0,0.0,182.484
439,0.0,0.0,182.484
440,0.0,0.0,182.484
441,0.0,0.0,182.484
442,0.0,0.0,182.484
443,0.0,0.0,182.484
444,0.0,0.0,182.484
445,0.0,0.0,182.484
446,0.0,0.0,182.484
447,0.0,0.0,182.484
448,0.0,0.0,182.484
449,0.0,0.0,182.484
450,0.0,0.0,182.484
451,0.0,0.0,182.484
452,0.0,0.0,182.484
453,0.0,0.0,182.484
454,0.0,0.0,182.484
455,0.0,0.0,182.484
456,0.0,0.0,182.484
457,0.0,0.0,182.484
458,14.2,0.887,182.484
459,0.0,0.0,182.484
460,0.0,0.0,182.484
461,0.0,0.0,182.484
462,0.0,0.0,182.484
463,0.0,0.0,182.484
464,0.0,0.0,182.484
465,0.0,0.0,182.484
466,0.0,0.0,182.484
467,0.0,0.0,182.484
468,0.0,0.0,182.484
469,0.0,0.0,182.484
470,0.0,0.0,182.484
471,0.0,0.0,182.484
472,0.0,0.0,182.484
473,0.0,0.0,182.48
474,0.0,0.0,182.48
475,0.0,0.0,182.48
476,0.0,0.0,182.48
477,0.0,0.0,182.48
478,0.0,0.0,182.48
479,0.0,0.0,182.48
480,0.0,0.0,182.48
481,0.0,0.0,182.48
482,0.0,0.0,182.48
483,0.0,0.0,182.48
484,0.0,0.0,182.48
485,0.0,0.0,182.48
486,0.0,0.0,182.48
487,0.0,0.0,182.48
488,0.0,0.0,182.48
489,0.0,0.0,182.48
490,0.0,0.0,182.48
491,0.0,0.0,182.48
492,0.0,0.0,182.48
493,0.0,0.0,182.48
494,0.0,0.0,182.48
495,0.0,0.0,182.48
496,0.0,0.0,182.48
497,0.0,0.0,182.48
498,0.0,0.0,182.48
499,0.0,0.0,182.48
500,0.0,0.0,182.48
501,0.0,0.0,182.48
502,0.0,0.0,182.48
503,0.0,0.0,182.48
504,0.0,0.0,182.48
505,0.0,0.0,182.48
506,0.0,0.0,182.48
507,0.0,0.0,182.48
508,14.2,0.887,182.48
509,0.0,0.0,182.48
510,0.0,0.0,182.48
511,0.0,0.0,182.48
512,0.0,0.0,182.48
513,0.0,0.0,182.48
514,0.0,0.0,182.48
515,0.0,0.0,182.48
516,0.0,0.0,182.48
517,0.0,0.0,182.48
518,0.0,0.0,182.48
519,0.0,0.0,182.48
520,0.0,0.0,182.48
521,0.0,0.0,182.48
522,0.0,0.0,182.48
523,0.0,0.0,182.48
524,0.0,0.0,182.48
525,0.0,0.0,182.48
526,0.0,0.0,182.48
527,0.0,0.0,182.48
528,0.0,0.0,182.48
529,0.0,0.0,182.48
530,0.0,0.0,182.48
531,0.0,0.0,182.48
532,0.0,0.0,182.48
533,0.0,0.0,182.48
534,0.0,0.0,182.48
535,0.0,0.0,182.48
536,0.0,0.0,182.48
537,0.0,0.0,182.48
538,0.0,0.0,182.48
539,0.0,0.0,182.48
540,0.0,0.0,182.48
541,0.0,0.0,182.48
542,0.0,0.0,182.48
543,0.0,0.0,182.48
544,0.0,0.0,182.48
545,0.0,0.0,182.48
546,12.5,0.781,182.48
547,100.0,6.25,182.48
548,100.0,6.25,182.48
549,99.4,6.213,182.48
550,14.3,0.894,182.473
551,0.0,0.0,182.5
552,0.0,0.0,182.5
553,14.3,0.894,182.5
554,14.2,0.887,182.496
555,0.0,0.0,182.496
556,0.0,0.0,182.496
557,14.3,0.894,182.5
558,0.0,0.0,182.5
559,0.0,0.0,182.5
560,28.7,1.794,182.516
561,0.0,0.0,182.516
562,0.0,0.0,182.516
563,50.0,3.125,180.539
564,75.0,4.688,181.25
565,57.3,3.581,181.25
566,12.5,0.781,181.258
567,0.0,0.0,181.258
568,0.0,0.0,181.258
569,0.0,0.0,181.258
570,0.0,0.0,181.258
571,0.0,0.0,181.258
572,0.0,0.0,181.258
573,0.0,0.0,181.258
574,0.0,0.0,181.258
575,0.0,0.0,181.258
576,0.0,0.0,181.258
577,0.0,0.0,181.258
578,0.0,0.0,181.258
579,0.0,0.0,181.258
580,0.0,0.0,181.258
581,0.0,0.0,181.258
582,0.0,0.0,181.258
583,0.0,0.0,181.258
584,0.0,0.0,181.258
585,0.0,0.0,181.258
586,0.0,0.0,181.258
587,0.0,0.0,181.258
588,0.0,0.0,181.258
589,0.0,0.0,181.258
590,0.0,0.0,181.258
591,0.0,0.0,181.258
592,0.0,0.0,181.258
593,0.0,0.0,181.258
594,0.0,0.0,181.258
595,0.0,0.0,181.258
596,0.0,0.0,181.258
597,0.0,0.0,181.258
598,0.0,0.0,181.258
599,0.0,0.0,181.258
600,0.0,0.0,181.258
601,0.0,0.0,181.258
602,0.0,0.0,181.258
603,0.0,0.0,181.258
604,0.0,0.0,181.258
605,0.0,0.0,181.258
606,0.0,0.0,181.258
607,0.0,0.0,181.258
608,0.0,0.0,181.258
609,0.0,0.0,181.258
610,0.0,0.0,181.258
611,0.0,0.0,181.258
612,0.0,0.0,181.258
613,0.0,0.0,181.258
614,14.3,0.894,181.258
615,0.0,0.0,181.258
616,0.0,0.0,181.258
617,0.0,0.0,181.258
618,0.0,0.0,181.258
619,0.0,0.0,181.258
620,0.0,0.0,181.258
621,0.0,0.0,181.258
622,0.0,0.0,181.258
623,0.0,0.0,181.258
624,0.0,0.0,181.258
625,0.0,0.0,181.258
626,0.0,0.0,181.258
627,0.0,0.0,181.258
628,0.0,0.0,181.258
629,0.0,0.0,181.258
630,0.0,0.0,181.258
631,0.0,0.0,181.258
632,0.0,0.0,181.258
633,0.0,0.0,181.258
634,0.0,0.0,181.258
635,0.0,0.0,181.258
636,0.0,0.0,181.258
637,0.0,0.0,181.258
638,0.0,0.0,181.258
639,28.4,1.775,181.328
640,0.0,0.0,181.34
641,0.0,0.0,181.34
642,0.0,0.0,181.34
643,0.0,0.0,181.34
644,0.0,0.0,181.34
645,0.0,0.0,181.34
646,0.0,0.0,181.34
647,0.0,0.0,181.34
648,0.0,0.0,181.34
649,0.0,0.0,181.34
650,0.0,0.0,181.34
651,0.0,0.0,181.34
652,0.0,0.0,181.34
653,0.0,0.0,181.34
654,0.0,0.0,181.34
655,0.0,0.0,181.34
656,0.0,0.0,181.34
657,0.0,0.0,181.34
658,0.0,0.0,181.34
659,0.0,0.0,181.34
660,0.0,0.0,181.34
661,0.0,0.0,181.34
662,0.0,0.0,181.34
663,0.0,0.0,181.34
664,0.0,0.0,181.34
665,0.0,0.0,181.34
666,0.0,0.0,181.34
667,0.0,0.0,181.34
668,0.0,0.0,181.34
669,0.0,0.0,181.34
670,0.0,0.0,181.34
671,14.3,0.894,181.34
672,0.0,0.0,181.34
673,0.0,0.0,181.34
674,0.0,0.0,181.34
675,0.0,0.0,181.34
676,14.3,0.894,181.34
677,0.0,0.0,181.34
678,0.0,0.0,181.34
679,0.0,0.0,181.34
680,0.0,0.0,181.34
681,14.3,0.894,181.34
682,0.0,0.0,181.34
683,14.2,0.887,181.34
684,0.0,0.0,181.34
685,0.0,0.0,181.34
686,0.0,0.0,181.34
687,0.0,0.0,181.34
688,14.2,0.887,181.34
689,0.0,0.0,181.34
690,0.0,0.0,181.34
691,0.0,0.0,181.34
692,14.3,0.894,181.34
693,0.0,0.0,181.34
694,0.0,0.0,181.34
695,0.0,0.0,181.34
696,0.0,0.0,181.34
697,0.0,0.0,181.34
698,0.0,0.0,181.34
699,0.0,0.0,181.34
700,0.0,0.0,181.34
701,0.0,0.0,181.34
702,0.0,0.0,181.34
703,0.0,0.0,181.34
704,0.0,0.0,181.34
705,0.0,0.0,181.34
706,0.0,0.0,181.34
707,0.0,0.0,181.34
708,0.0,0.0,181.34
709,0.0,0.0,181.34
710,0.0,0.0,181.34
711,0.0,0.0,181.34
712,12.5,0.781,181.352
713,88.7,5.544,181.512
714,87.5,5.469,181.512
715,28.7,1.794,181.512
716,14.2,0.887,181.715
717,0.0,0.0,181.715
718,0.0,0.0,181.715
719,0.0,0.0,181.715
720,0.0,0.0,181.715
721,0.0,0.0,181.715
722,0.0,0.0,181.715
723,0.0,0.0,181.715
724,0.0,0.0,181.715
725,0.0,0.0,181.715
726,0.0,0.0,181.715
727,0.0,0.0,181.715
728,0.0,0.0,181.715
729,0.0,0.0,181.715
730,0.0,0.0,181.715
731,0.0,0.0,181.715
732,0.0,0.0,181.715
733,0.0,0.0,181.715
734,0.0,0.0,181.715
735,0.0,0.0,181.715
736,0.0,0.0,181.715
737,0.0,0.0,181.715
738,0.0,0.0,181.715
739,0.0,0.0,181.715
740,0.0,0.0,181.715
741,0.0,0.0,181.715
742,0.0,0.0,181.715
743,0.0,0.0,181.715
744,0.0,0.0,181.715
745,0.0,0.0,181.715
746,0.0,0.0,181.715
747,0.0,0.0,181.715
748,0.0,0.0,181.715
749,0.0,0.0,181.715
750,0.0,0.0,181.715
751,0.0,0.0,181.715
752,0.0,0.0,181.715
753,0.0,0.0,181.715
754,0.0,0.0,181.715
755,0.0,0.0,181.715
756,0.0,0.0,181.715
757,0.0,0.0,181.715
758,0.0,0.0,181.715
759,0.0,0.0,181.715
760,0.0,0.0,181.715
761,0.0,0.0,181.75
762,0.0,0.0,181.754
763,0.0,0.0,181.754
764,0.0,0.0,181.754
765,0.0,0.0,181.754
766,0.0,0.0,181.754
767,0.0,0.0,181.754
768,0.0,0.0,181.754
769,0.0,0.0,181.754
770,0.0,0.0,181.754
771,0.0,0.0,181.754
772,0.0,0.0,181.754
773,0.0,0.0,181.754
774,0.0,0.0,181.754
775,0.0,0.0,181.754
776,0.0,0.0,181.754
777,0.0,0.0,181.754
778,0.0,0.0,181.754
779,0.0,0.0,181.754
780,0.0,0.0,181.754
781,0.0,0.0,181.754
782,0.0,0.0,181.754
783,0.0,0.0,181.754
784,0.0,0.0,181.754
785,0.0,0.0,181.754
786,0.0,0.0,181.754
787,0.0,0.0,181.754
788,0.0,0.0,181.754
789,0.0,0.0,181.754
790,14.3,0.894,182.414
791,87.5,5.469,182.922
792,0.0,0.0,182.922
793,0.0,0.0,182.922
794,0.0,0.0,182.922
795,0.0,0.0,182.922
796,0.0,0.0,182.922
797,0.0,0.0,182.922
798,0.0,0.0,182.922
799,0.0,0.0,182.922
800,0.0,0.0,182.922
801,0.0,0.0,182.922
802,16.8,1.05,182.922
803,0.0,0.0,182.922
804,0.0,0.0,182.922
805,0.0,0.0,182.922
806,0.0,0.0,182.922
807,0.0,0.0,182.922
808,0.0,0.0,182.922
809,0.0,0.0,182.922
810,0.0,0.0,182.922
811,0.0,0.0,182.922
812,0.0,0.0,182.922
813,0.0,0.0,182.922
814,0.0,0.0,182.922
815,0.0,0.0,182.922
816,0.0,0.0,182.922
817,0.0,0.0,182.922
818,0.0,0.0,182.922
819,0.0,0.0,182.922
820,0.0,0.0,182.922
821,0.0,0.0,182.922
822,0.0,0.0,182.922
823,0.0,0.0,182.922
824,0.0,0.0,182.922
825,0.0,0.0,182.922
826,0.0,0.0,182.922
827,0.0,0.0,182.922
828,0.0,0.0,182.922
829,0.0,0.0,182.922
830,0.0,0.0,182.922
831,0.0,0.0,182.922
832,0.0,0.0,182.922
833,0.0,0.0,182.922
834,0.0,0.0,182.922
835,0.0,0.0,182.922
836,0.0,0.0,182.922
837,0.0,0.0,182.922
838,0.0,0.0,182.922
839,0.0,0.0,182.922
840,0.0,0.0,182.922
841,0.0,0.0,182.922
842,0.0,0.0,182.922
843,0.0,0.0,182.922
844,0.0,0.0,182.922
845,0.0,0.0,182.922
846,0.0,0.0,182.922
847,0.0,0.0,182.922
848,0.0,0.0,182.922
849,0.0,0.0,182.922
850,0.0,0.0,182.922
851,0.0,0.0,182.922
852,0.0,0.0,182.922
853,0.0,0.0,182.922
854,0.0,0.0,182.922
855,0.0,0.0,182.922
856,0.0,0.0,182.922
857,0.0,0.0,182.922
858,0.0,0.0,182.922
859,0.0,0.0,182.922
860,0.0,0.0,182.922
861,0.0,0.0,182.922
862,0.0,0.0,182.926
863,0.0,0.0,182.926
864,0.0,0.0,182.926
865,0.0,0.0,182.926
866,0.0,0.0,182.926
867,0.0,0.0,182.926
868,0.0,0.0,182.926
869,0.0,0.0,182.926
870,0.0,0.0,182.926
871,0.0,0.0,182.926
872,0.0,0.0,182.926
873,0.0,0.0,182.926
874,0.0,0.0,182.926
875,0.0,0.0,182.926
876,0.0,0.0,182.926
877,0.0,0.0,182.926
878,0.0,0.0,182.926
879,0.0,0.0,182.926
880,0.0,0.0,182.926
881,0.0,0.0,182.926
882,0.0,0.0,182.926
883,0.0,0.0,182.926
884,0.0,0.0,182.926
885,0.0,0.0,182.926
886,0.0,0.0,182.926
887,0.0,0.0,182.926
888,0.0,0.0,182.926
889,0.0,0.0,182.926
890,0.0,0.0,182.926
891,0.0,0.0,182.926
892,0.0,0.0,182.926
893,87.5,5.469,181.145
894,87.5,5.469,181.32
895,71.0,4.438,181.32
896,0.0,0.0,181.32
897,0.0,0.0,181.32
898,28.4,1.775,181.328
899,25.0,1.562,181.332
900,14.3,0.894,181.332
901,62.5,3.906,181.336
902,87.5,5.469,181.336
903,87.5,5.469,181.336
904,71.0,4.438,181.336
905,0.0,0.0,181.336
906,0.0,0.0,181.336
907,0.0,0.0,181.336
908,12.5,0.781,181.336
909,0.0,0.0,181.336
910,0.0,0.0,181.336
911,0.0,0.0,181.336
912,0.0,0.0,181.336
913,0.0,0.0,181.336
914,0.0,0.0,181.336
915,0.0,0.0,181.336
916,0.0,0.0,181.336
917,0.0,0.0,181.336
918,0.0,0.0,181.336
919,0.0,0.0,181.336
920,0.0,0.0,181.336
921,0.0,0.0,181.336
922,28.7,1.794,181.445
923,14.2,0.887,181.457
924,0.0,0.0,181.457
925,0.0,0.0,181.457
926,0.0,0.0,181.457
927,0.0,0.0,181.457
928,0.0,0.0,181.457
929,0.0,0.0,181.457
930,0.0,0.0,181.457
931,0.0,0.0,181.457
932,0.0,0.0,181.457
933,0.0,0.0,181.457
934,25.0,1.562,182.039
935,57.3,3.581,182.164
936,14.2,0.887,182.164
937,0.0,0.0,182.164
938,0.0,0.0,182.164
939,0.0,0.0,182.164
940,0.0,0.0,182.164
941,0.0,0.0,182.164
942,0.0,0.0,182.164
943,0.0,0.0,182.164
944,0.0,0.0,182.164
945,0.0,0.0,182.164
946,28.7,1.794,182.164
947,0.0,0.0,182.168
948,0.0,0.0,182.168
949,0.0,0.0,182.168
950,0.0,0.0,182.168
951,0.0,0.0,182.168
952,0.0,0.0,182.168
953,0.0,0.0,182.168
954,0.0,0.0,182.168
955,37.5,2.344,182.215
956,87.5,5.469,182.324
957,89.3,5.581,182.406
958,99.4,6.213,182.406
959,16.8,1.05,182.406
960,12.5,0.781,182.406
961,0.0,0.0,182.406
962,14.3,0.894,182.406
963,0.0,0.0,182.406
964,0.0,0.0,182.406
965,0.0,0.0,182.406
966,0.0,0.0,182.406
967,0.0,0.0,182.406
968,0.0,0.0,182.406
969,0.0,0.0,182.406
970,0.0,0.0,182.406
971,0.0,0.0,182.406
972,0.0,0.0,182.406
973,0.0,0.0,182.406
974,0.0,0.0,182.406
975,0.0,0.0,182.406
976,0.0,0.0,182.406
977,0.0,0.0,182.406
978,0.0,0.0,182.406
979,0.0,0.0,182.406
980,0.0,0.0,182.406
981,0.0,0.0,182.406
982,0.0,0.0,182.406
983,0.0,0.0,182.406
984,0.0,0.0,182.406
985,0.0,0.0,182.406
986,0.0,0.0,182.406
987,0.0,0.0,182.406
988,0.0,0.0,182.406
989,0.0,0.0,182.406
990,0.0,0.0,182.406
991,0.0,0.0,182.406
992,0.0,0.0,182.406
993,0.0,0.0,182.406
994,0.0,0.0,182.406
995,0.0,0.0,182.406
996,0.0,0.0,182.406
997,0.0,0.0,182.406
998,0.0,0.0,182.406
999,0.0,0.0,182.406
1000,0.0,0.0,182.406
1001,0.0,0.0,182.406
1002,0.0,0.0,182.406
1003,0.0,0.0,182.406
1004,0.0,0.0,182.406
1005,0.0,0.0,182.406
1006,0.0,0.0,182.406
1007,0.0,0.0,182.406
1008,0.0,0.0,182.406
1009,0.0,0.0,182.406
1010,0.0,0.0,182.406
1011,0.0,0.0,182.406
1012,0.0,0.0,182.406
1013,0.0,0.0,182.406
1014,0.0,0.0,182.406
1015,0.0,0.0,182.406
1016,0.0,0.0,182.406
1017,0.0,0.0,182.406
1018,0.0,0.0,182.406
1019,0.0,0.0,182.406
1020,0.0,0.0,182.406
1021,0.0,0.0,182.406
1022,0.0,0.0,182.406
1023,0.0,0.0,182.406
1024,0.0,0.0,182.406
1025,0.0,0.0,182.406
1026,0.0,0.0,182.406
1027,0.0,0.0,182.406
1028,0.0,0.0,182.406
1029,0.0,0.0,182.406
1030,0.0,0.0,182.406
1031,0.0,0.0,182.406
1032,0.0,0.0,182.406
1033,44.3,2.769,182.406
1034,100.0,6.25,182.406
1035,114.7,7.169,182.406
1036,56.8,3.55,182.406
1037,14.3,0.894,182.578
1038,0.0,0.0,182.578
1039,0.0,0.0,182.578
1040,0.0,0.0,182.578
1041,0.0,0.0,182.582
1042,0.0,0.0,182.582
1043,0.0,0.0,182.582
1044,28.7,1.794,182.746
1045,0.0,0.0,182.746
1046,0.0,0.0,182.746
1047,0.0,0.0,182.746
1048,14.3,0.894,182.746
1049,0.0,0.0,182.746
1050,0.0,0.0,182.746
1051,62.5,3.906,182.754
1052,112.5,7.031,182.754
1053,75.0,4.688,182.754
1054,87.5,5.469,182.754
1055,14.2,0.887,182.754
1056,0.0,0.0,182.734
1057,14.3,0.894,182.734
1058,0.0,0.0,182.734
1059,0.0,0.0,182.734
1060,0.0,0.0,182.734
1061,0.0,0.0,182.734
1062,0.0,0.0,182.734
1063,0.0,0.0,182.734
1064,0.0,0.0,182.734
1065,0.0,0.0,182.734
1066,0.0,0.0,182.734
1067,0.0,0.0,182.734
1068,0.0,0.0,182.734
1069,0.0,0.0,182.734
1070,0.0,0.0,182.734
1071,62.5,3.906,182.734
1072,100.0,6.25,182.734
1073,56.8,3.55,182.734
1074,0.0,0.0,182.734
1075,0.0,0.0,182.734
1076,0.0,0.0,182.734
1077,0.0,0.0,182.734
1078,0.0,0.0,182.734
1079,0.0,0.0,182.734
1080,0.0,0.0,182.734
1081,0.0,0.0,182.734
1082,0.0,0.0,182.734
1083,0.0,0.0,182.734
1084,0.0,0.0,182.734
1085,75.0,4.688,182.734
1086,100.0,6.25,182.734
1087,57.3,3.581,182.734
1088,0.0,0.0,182.734
1089,0.0,0.0,182.734
1090,87.5,5.469,182.734
1091,100.0,6.25,182.734
1092,43.0,2.688,182.742
1093,0.0,0.0,182.742
1094,0.0,0.0,182.742
1095,0.0,0.0,182.742
1096,0.0,0.0,182.742
1097,0.0,0.0,182.742
1098,0.0,0.0,182.742
1099,0.0,0.0,182.742
1100,0.0,0.0,182.742
1101,0.0,0.0,182.742
1102,0.0,0.0,182.742
1103,0.0,0.0,182.742
1104,0.0,0.0,182.742
1105,0.0,0.0,182.742
1106,0.0,0.0,182.742
1107,0.0,0.0,182.742
1108,0.0,0.0,182.742
1109,0.0,0.0,182.742
1110,0.0,0.0,182.742
1111,0.0,0.0,182.742
1112,0.0,0.0,182.742
1113,0.0,0.0,182.742
1114,0.0,0.0,182.742
1115,0.0,0.0,182.742
1116,0.0,0.0,182.742
1117,0.0,0.0,182.742
1118,14.3,0.894,182.742
1119,0.0,0.0,182.742
1120,0.0,0.0,182.742
1121,0.0,0.0,182.742
1122,0.0,0.0,182.742
1123,0.0,0.0,182.742
1124,0.0,0.0,182.742
1125,0.0,0.0,182.742
1126,0.0,0.0,182.742
1127,0.0,0.0,182.742
1128,0.0,0.0,182.742
1129,0.0,0.0,182.742
1130,0.0,0.0,182.742
1131,0.0,0.0,182.742
1132,0.0,0.0,182.742
1133,0.0,0.0,182.742
1134,0.0,0.0,182.742
1135,0.0,0.0,182.742
1136,0.0,0.0,182.742
1137,0.0,0.0,182.742
1138,0.0,0.0,182.742
1139,0.0,0.0,182.742
1140,0.0,0.0,182.742
1141,14.3,0.894,182.742
1142,0.0,0.0,182.742
1143,0.0,0.0,182.742
1144,0.0,0.0,182.742
1145,0.0,0.0,182.742
1146,0.0,0.0,182.742
1147,0.0,0.0,182.742
1148,0.0,0.0,182.742
1149,0.0,0.0,182.742
1150,0.0,0.0,182.742
1151,0.0,0.0,182.742
1152,0.0,0.0,182.742
1153,0.0,0.0,182.742
1154,0.0,0.0,182.742
1155,0.0,0.0,182.742
1156,0.0,0.0,182.742
1157,0.0,0.0,182.742
1158,0.0,0.0,182.742
1159,0.0,0.0,182.742
1160,0.0,0.0,182.742
1161,0.0,0.0,182.742
1162,0.0,0.0,182.742
1163,0.0,0.0,182.742
1164,0.0,0.0,182.742
1165,0.0,0.0,182.742
1166,0.0,0.0,182.742
1167,0.0,0.0,182.742
1168,0.0,0.0,182.742
1169,0.0,0.0,182.742
1170,0.0,0.0,182.742
1171,0.0,0.0,182.742
1172,0.0,0.0,182.742
1173,0.0,0.0,182.742
1174,0.0,0.0,182.742
1175,0.0,0.0,182.742
1176,0.0,0.0,182.742
1177,0.0,0.0,182.742
1178,0.0,0.0,182.742
1179,0.0,0.0,182.742
1180,0.0,0.0,182.742
1181,0.0,0.0,182.742
1182,0.0,0.0,182.742
1183,0.0,0.0,182.742
1184,0.0,0.0,182.742
1185,16.8,1.05,182.742
1186,0.0,0.0,182.742
1187,0.0,0.0,182.742
1188,0.0,0.0,182.742
1189,0.0,0.0,182.742
1190,0.0,0.0,182.742
1191,14.2,0.887,182.742
1192,0.0,0.0,182.742
1193,0.0,0.0,182.742
1194,0.0,0.0,182.742
1195,0.0,0.0,182.742
1196,0.0,0.0,182.742
1197,0.0,0.0,182.742
1198,0.0,0.0,182.742
1199,0.0,0.0,182.742
1200,0.0,0.0,182.742
1201,0.0,0.0,182.742
1202,0.0,0.0,182.742
1203,0.0,0.0,182.742
1204,0.0,0.0,182.742
1205,0.0,0.0,182.742
1206,0.0,0.0,182.742
1207,0.0,0.0,182.742
1208,0.0,0.0,182.742
1209,0.0,0.0,182.742
1210,0.0,0.0,182.742
1211,0.0,0.0,182.742
1212,0.0,0.0,182.742
1213,0.0,0.0,182.742
1214,0.0,0.0,182.742
1215,0.0,0.0,182.742
1216,0.0,0.0,182.742
1217,0.0,0.0,182.742
1218,0.0,0.0,182.742
1219,0.0,0.0,182.742
1220,0.0,0.0,182.742
1221,0.0,0.0,182.742
1222,0.0,0.0,182.742
1223,0.0,0.0,182.742
1224,0.0,0.0,182.742
1225,0.0,0.0,182.742
1226,0.0,0.0,182.742
1227,0.0,0.0,182.742
1228,0.0,0.0,182.742
1229,0.0,0.0,182.742
1230,0.0,0.0,182.742
1231,0.0,0.0,182.742
1232,0.0,0.0,182.742
1233,0.0,0.0,182.742
1234,0.0,0.0,182.742
1235,0.0,0.0,182.742
1236,0.0,0.0,182.742
1237,0.0,0.0,182.742
1238,0.0,0.0,182.742
1239,0.0,0.0,182.742
1240,0.0,0.0,182.742
1241,0.0,0.0,182.742
1242,14.2,0.887,182.742
1243,0.0,0.0,182.742
1244,0.0,0.0,182.742
1245,0.0,0.0,182.742
1246,0.0,0.0,182.742
1247,0.0,0.0,182.742
1248,0.0,0.0,182.742
1249,0.0,0.0,182.742
1250,0.0,0.0,182.742
1251,0.0,0.0,182.742
1252,0.0,0.0,182.742
1253,0.0,0.0,182.742
1254,0.0,0.0,182.742
1255,0.0,0.0,182.742
1256,0.0,0.0,182.742
1257,0.0,0.0,182.742
1258,0.0,0.0,182.742
1259,0.0,0.0,182.742
1260,0.0,0.0,182.742
1261,0.0,0.0,182.742
1262,0.0,0.0,182.742
1263,0.0,0.0,182.742
1264,0.0,0.0,182.742
1265,33.5,2.094,182.746
1266,87.5,5.469,182.746
1267,87.5,5.469,182.746
1268,28.4,1.775,182.746
1269,0.0,0.0,182.742
1270,0.0,0.0,182.742
1271,0.0,0.0,182.742
1272,14.3,0.894,182.742
1273,0.0,0.0,182.742
1274,0.0,0.0,182.742
1275,0.0,0.0,182.742
1276,86.0,5.375,182.742
1277,28.4,1.775,182.766
1278,0.0,0.0,182.766
1279,0.0,0.0,182.766
1280,0.0,0.0,182.766
1281,0.0,0.0,182.766
1282,0.0,0.0,182.766
1283,0.0,0.0,182.766
1284,0.0,0.0,182.766
1285,0.0,0.0,182.766
1286,0.0,0.0,182.766
1287,0.0,0.0,182.766
1288,0.0,0.0,182.766
1289,0.0,0.0,182.766
1290,0.0,0.0,182.766
1291,0.0,0.0,182.766
1292,0.0,0.0,182.766
1293,0.0,0.0,182.766
1294,0.0,0.0,182.766
1295,0.0,0.0,182.766
1296,0.0,0.0,182.766
1297,0.0,0.0,182.766
1298,0.0,0.0,182.766
1299,0.0,0.0,182.766
1300,0.0,0.0,182.766
1301,0.0,0.0,182.766
1302,0.0,0.0,182.766
1303,0.0,0.0,182.766
1304,0.0,0.0,182.766
1305,0.0,0.0,182.766
1306,0.0,0.0,182.766
1307,0.0,0.0,182.766
1308,0.0,0.0,182.766
1309,0.0,0.0,182.766
1310,0.0,0.0,182.766
1311,0.0,0.0,182.766
1312,0.0,0.0,182.766
1313,0.0,0.0,182.766
1314,0.0,0.0,182.766
1315,0.0,0.0,182.766
1316,0.0,0.0,182.766
1317,0.0,0.0,182.766
1318,0.0,0.0,182.766
1319,0.0,0.0,182.766
1320,0.0,0.0,182.766
1321,0.0,0.0,182.766
1322,0.0,0.0,182.766
1323,0.0,0.0,182.766
1324,0.0,0.0,182.766
1325,0.0,0.0,182.766
1326,0.0,0.0,182.766
1327,0.0,0.0,182.766
1328,0.0,0.0,182.766
1329,0.0,0.0,182.766
1330,0.0,0.0,182.766
1331,0.0,0.0,182.766
1332,14.3,0.894,182.766
1333,0.0,0.0,182.766
1334,0.0,0.0,182.766
1335,0.0,0.0,182.766
1336,0.0,0.0,182.766
1337,0.0,0.0,182.766
1338,0.0,0.0,182.766
1339,0.0,0.0,182.766
1340,0.0,0.0,182.766
1341,0.0,0.0,182.766
1342,0.0,0.0,182.766
1343,0.0,0.0,182.766
1344,0.0,0.0,182.766
1345,0.0,0.0,182.766
1346,0.0,0.0,182.766
1347,0.0,0.0,182.766
1348,0.0,0.0,182.766
1349,0.0,0.0,182.766
1350,0.0,0.0,182.766
1351,0.0,0.0,182.766
1352,0.0,0.0,182.766
1353,0.0,0.0,182.766
1354,0.0,0.0,182.766
1355,0.0,0.0,182.766
1356,0.0,0.0,182.766
1357,0.0,0.0,182.766
1358,0.0,0.0,182.766
1359,0.0,0.0,182.766
1360,0.0,0.0,182.766
1361,0.0,0.0,182.766
1362,0.0,0.0,182.766
1363,0.0,0.0,182.766
1364,0.0,0.0,182.766
1365,0.0,0.0,182.766
1366,0.0,0.0,182.766
1367,0.0,0.0,182.766
1368,0.0,0.0,182.766
1369,0.0,0.0,182.766
1370,0.0,0.0,182.766
1371,0.0,0.0,182.766
1372,0.0,0.0,182.766
1373,0.0,0.0,182.766
1374,0.0,0.0,182.766
1375,0.0,0.0,182.766
1376,0.0,0.0,182.766
1377,0.0,0.0,182.766
1378,0.0,0.0,182.766
1379,0.0,0.0,182.766
1380,0.0,0.0,182.766
1381,0.0,0.0,182.766
1382,0.0,0.0,182.766
1383,0.0,0.0,182.766
1384,0.0,0.0,182.766
1385,0.0,0.0,182.766
1386,0.0,0.0,182.766
1387,0.0,0.0,182.766
1388,0.0,0.0,182.766
1389,0.0,0.0,182.766
1390,0.0,0.0,182.766
1391,0.0,0.0,182.766
1392,0.0,0.0,182.766
1393,0.0,0.0,182.766
1394,0.0,0.0,182.766
1395,0.0,0.0,182.766
1396,0.0,0.0,182.766
1397,0.0,0.0,182.766
1398,0.0,0.0,182.766
1399,0.0,0.0,182.766
1400,0.0,0.0,182.766
1401,0.0,0.0,182.766
1402,0.0,0.0,182.766
1403,0.0,0.0,182.766
1404,0.0,0.0,182.766
1405,0.0,0.0,182.766
1406,0.0,0.0,182.766
1407,0.0,0.0,182.766
1408,0.0,0.0,182.766
1409,0.0,0.0,182.766
1410,0.0,0.0,182.766
1411,0.0,0.0,182.766
1412,0.0,0.0,182.766
1413,0.0,0.0,182.766
1414,0.0,0.0,182.766
1415,0.0,0.0,182.766
1416,0.0,0.0,182.766
1417,0.0,0.0,182.766
1418,0.0,0.0,182.766
1419,0.0,0.0,182.766
1420,0.0,0.0,182.766
1421,0.0,0.0,182.766
1422,0.0,0.0,182.766
1423,0.0,0.0,182.766
1424,0.0,0.0,182.766
1425,0.0,0.0,182.766
1426,0.0,0.0,182.766
1427,0.0,0.0,182.766
1428,0.0,0.0,182.766
1429,0.0,0.0,182.766
1430,0.0,0.0,182.766
1431,0.0,0.0,182.766
1432,0.0,0.0,182.766
1433,0.0,0.0,182.766
1434,0.0,0.0,182.766
1435,0.0,0.0,182.766
1436,0.0,0.0,182.766
1437,0.0,0.0,182.766
1438,0.0,0.0,182.766
1439,0.0,0.0,182.766
1440,0.0,0.0,182.766
1441,0.0,0.0,182.766
1442,0.0,0.0,182.766
1443,0.0,0.0,182.766
1444,0.0,0.0,182.766
1445,0.0,0.0,182.766
1446,0.0,0.0,182.766
1447,0.0,0.0,182.766
1448,0.0,0.0,182.766
1449,0.0,0.0,182.766
1450,0.0,0.0,182.766
1451,0.0,0.0,182.766
1452,0.0,0.0,182.766
1453,0.0,0.0,182.766
1454,0.0,0.0,182.766
1455,0.0,0.0,182.766
1456,0.0,0.0,182.766
1457,0.0,0.0,182.766
1458,0.0,0.0,182.766
1459,0.0,0.0,182.766
1460,0.0,0.0,182.766
1461,0.0,0.0,182.766
1462,0.0,0.0,182.766
1463,0.0,0.0,182.766
1464,0.0,0.0,182.766
1465,0.0,0.0,182.766
1466,0.0,0.0,182.766
1467,0.0,0.0,182.766
1468,0.0,0.0,182.766
1469,0.0,0.0,182.766
1470,0.0,0.0,182.766
1471,0.0,0.0,182.766
1472,0.0,0.0,182.766
1473,0.0,0.0,182.766
1474,0.0,0.0,182.766
1475,0.0,0.0,182.766
1476,0.0,0.0,182.766
1477,0.0,0.0,182.766
1478,0.0,0.0,182.766
1479,25.0,1.562,182.766
1480,87.5,5.469,182.766
1481,100.0,6.25,182.766
1482,43.0,2.688,182.766
1483,14.3,0.894,182.766
1484,0.0,0.0,182.766
1485,0.0,0.0,182.766
1486,0.0,0.0,182.766
1487,0.0,0.0,182.766
1488,0.0,0.0,182.766
1489,0.0,0.0,182.766
1490,0.0,0.0,182.766
1491,0.0,0.0,182.766
1492,0.0,0.0,182.766
1493,0.0,0.0,182.766
1494,0.0,0.0,182.766
1495,0.0,0.0,182.766
1496,0.0,0.0,182.766
1497,0.0,0.0,182.766
1498,0.0,0.0,182.766
1499,0.0,0.0,182.766
1500,0.0,0.0,182.766
1501,0.0,0.0,182.766
1502,0.0,0.0,182.766
1503,0.0,0.0,182.766
1504,0.0,0.0,182.766
1505,0.0,0.0,182.766
1506,0.0,0.0,182.766
1507,0.0,0.0,182.766
1508,0.0,0.0,182.766
1509,0.0,0.0,182.766
1510,0.0,0.0,182.766
1511,0.0,0.0,182.766
1512,0.0,0.0,182.766
1513,0.0,0.0,182.766
1514,14.3,0.894,182.766
1515,0.0,0.0,182.766
1516,0.0,0.0,182.766
1517,0.0,0.0,182.766
1518,0.0,0.0,182.766
1519,0.0,0.0,182.766
1520,0.0,0.0,182.766
1521,0.0,0.0,182.766
1522,0.0,0.0,182.766
1523,0.0,0.0,182.766
1524,0.0,0.0,182.766
1525,0.0,0.0,182.766
1526,0.0,0.0,182.766
1527,0.0,0.0,182.766
1528,0.0,0.0,182.766
1529,0.0,0.0,182.766
1530,0.0,0.0,182.766
1531,0.0,0.0,182.766
1532,0.0,0.0,182.766
1533,0.0,0.0,182.766
1534,0.0,0.0,182.766
1535,0.0,0.0,182.766
1536,0.0,0.0,182.766
1537,0.0,0.0,182.766
1538,0.0,0.0,182.766
1539,0.0,0.0,182.766
1540,0.0,0.0,182.766
1541,0.0,0.0,182.766
1542,0.0,0.0,182.766
1543,0.0,0.0,182.766
1544,0.0,0.0,182.766
1545,0.0,0.0,182.766
1546,0.0,0.0,182.766
1547,0.0,0.0,182.766
1548,0.0,0.0,182.766
1549,0.0,0.0,182.766
1550,0.0,0.0,182.766
1551,0.0,0.0,182.766
1552,0.0,0.0,182.766
1553,0.0,0.0,182.766
1554,0.0,0.0,182.766
1555,0.0,0.0,182.766
1556,14.3,0.894,182.766
1557,0.0,0.0,182.766
1558,0.0,0.0,182.766
1559,0.0,0.0,182.766
1560,0.0,0.0,182.766
1561,0.0,0.0,182.766
1562,0.0,0.0,182.766
1563,0.0,0.0,182.766
1564,0.0,0.0,182.766
1565,0.0,0.0,182.766
1566,0.0,0.0,182.766
1567,0.0,0.0,182.766
1568,0.0,0.0,182.766
1569,0.0,0.0,182.766
1570,0.0,0.0,182.766
1571,0.0,0.0,182.766
1572,0.0,0.0,182.766
1573,0.0,0.0,182.766
1574,0.0,0.0,182.766
1575,0.0,0.0,182.766
1576,0.0,0.0,182.766
1577,0.0,0.0,182.766
1578,0.0,0.0,182.766
1579,0.0,0.0,182.766
1580,0.0,0.0,182.766
1581,0.0,0.0,182.766
1582,0.0,0.0,182.766
1583,0.0,0.0,182.766
1584,0.0,0.0,182.766
1585,0.0,0.0,182.766
1586,0.0,0.0,182.766
1587,0.0,0.0,182.766
1588,0.0,0.0,182.766
1589,0.0,0.0,182.766
1590,0.0,0.0,182.766
1591,0.0,0.0,182.766
1592,0.0,0.0,182.766
1593,0.0,0.0,182.766
1594,0.0,0.0,182.766
1595,0.0,0.0,182.766
1596,0.0,0.0,182.766
1597,0.0,0.0,182.766
1598,0.0,0.0,182.766
1599,0.0,0.0,182.766
1600,0.0,0.0,182.766
1601,0.0,0.0,182.766
1602,0.0,0.0,182.766
1603,0.0,0.0,182.766
1604,0.0,0.0,182.766
1605,0.0,0.0,182.766
1606,0.0,0.0,182.766
1607,0.0,0.0,182.766
1608,0.0,0.0,182.766
1609,0.0,0.0,182.766
1610,0.0,0.0,182.766
1611,0.0,0.0,182.766
1612,0.0,0.0,182.766
1613,0.0,0.0,182.766
1614,0.0,0.0,182.766
1615,0.0,0.0,182.766
1616,0.0,0.0,182.766
1617,0.0,0.0,182.766
1618,0.0,0.0,182.766
1619,0.0,0.0,182.766
1620,0.0,0.0,182.766
1621,0.0,0.0,182.766
1622,0.0,0.0,182.766
1623,0.0,0.0,182.766
1624,0.0,0.0,182.766
1625,0.0,0.0,182.766
1626,0.0,0.0,182.766
1627,0.0,0.0,182.766
1628,100.0,6.25,182.766
1629,100.0,6.25,182.766
1630,56.8,3.55,182.766
1631,14.3,0.894,182.766
1632,0.0,0.0,182.766
1633,0.0,0.0,182.766
1634,0.0,0.0,182.766
1635,0.0,0.0,182.766
1636,0.0,0.0,182.766
1637,0.0,0.0,182.766
1638,0.0,0.0,182.766
1639,0.0,0.0,182.766
1640,0.0,0.0,182.766
1641,0.0,0.0,182.766
1642,0.0,0.0,182.766
1643,0.0,0.0,182.766
1644,0.0,0.0,182.766
1645,0.0,0.0,182.766
1646,0.0,0.0,182.766
1647,0.0,0.0,182.766
1648,0.0,0.0,182.766
1649,0.0,0.0,182.766
1650,0.0,0.0,182.766
1651,0.0,0.0,182.766
1652,0.0,0.0,182.766
1653,0.0,0.0,182.766
1654,0.0,0.0,182.766
1655,0.0,0.0,182.766
1656,0.0,0.0,182.766
1657,0.0,0.0,182.766
1658,0.0,0.0,182.766
1659,0.0,0.0,182.766
1660,0.0,0.0,182.766
1661,0.0,0.0,182.766
1662,0.0,0.0,182.766
1663,0.0,0.0,182.766
1664,0.0,0.0,182.766
1665,0.0,0.0,182.766
1666,0.0,0.0,182.766
1667,0.0,0.0,182.766
1668,0.0,0.0,182.766
1669,0.0,0.0,182.766
1670,0.0,0.0,182.766
1671,0.0,0.0,182.766
1672,0.0,0.0,182.766
1673,0.0,0.0,182.766
1674,0.0,0.0,182.766
1675,0.0,0.0,182.766
1676,0.0,0.0,182.766
1677,0.0,0.0,182.766
1678,0.0,0.0,182.766
1679,0.0,0.0,182.766
1680,0.0,0.0,182.785
1681,0.0,0.0,182.785
1682,0.0,0.0,182.785
1683,0.0,0.0,182.785
1684,0.0,0.0,182.785
1685,0.0,0.0,182.785
1686,42.6,2.663,182.805
1687,33.5,2.094,176.809
1688,0.0,0.0,176.809
1689,0.0,0.0,176.809
1690,0.0,0.0,176.809
1691,0.0,0.0,176.809
1692,0.0,0.0,176.809
1693,0.0,0.0,176.809
1694,0.0,0.0,176.809
1695,0.0,0.0,176.809
1696,0.0,0.0,176.809
1697,0.0,0.0,176.809
1698,0.0,0.0,176.809
1699,0.0,0.0,176.809
1700,0.0,0.0,176.809
1701,0.0,0.0,176.809
1702,0.0,0.0,176.809
1703,0.0,0.0,176.809
1704,0.0,0.0,176.809
1705,0.0,0.0,176.809
1706,14.2,0.887,176.809
1707,0.0,0.0,176.809
1708,0.0,0.0,176.809
1709,0.0,0.0,176.809
1710,0.0,0.0,176.809
1711,0.0,0.0,176.809
1712,0.0,0.0,176.809
1713,0.0,0.0,176.809
1714,0.0,0.0,176.809
1715,0.0,0.0,176.809
1716,0.0,0.0,176.809
1717,0.0,0.0,176.809
1718,0.0,0.0,176.809
1719,0.0,0.0,176.809
1720,0.0,0.0,176.809
1721,0.0,0.0,176.809
1722,0.0,0.0,176.809
1723,0.0,0.0,176.809
1724,0.0,0.0,176.809
1725,0.0,0.0,176.809
1726,0.0,0.0,176.809
1727,0.0,0.0,176.809
1728,0.0,0.0,176.809
1729,0.0,0.0,176.809
1730,0.0,0.0,176.809
1731,0.0,0.0,176.809
1732,0.0,0.0,176.809
1733,0.0,0.0,176.809
1734,0.0,0.0,176.809
1735,0.0,0.0,176.809
1736,0.0,0.0,176.809
1737,0.0,0.0,176.812
1738,0.0,0.0,176.812
1739,0.0,0.0,176.812
1740,14.2,0.887,176.883
1741,0.0,0.0,176.883
1742,0.0,0.0,176.883
1743,0.0,0.0,176.883
1744,0.0,0.0,176.883
1745,0.0,0.0,176.883
1746,0.0,0.0,176.883
1747,50.0,3.125,176.91
1748,87.5,5.469,177.562
1749,100.0,6.25,177.562
1750,25.0,1.562,177.562
1751,28.7,1.794,177.648
1752,0.0,0.0,177.648
1753,0.0,0.0,177.648
1754,0.0,0.0,177.648
1755,0.0,0.0,177.648
1756,0.0,0.0,177.648
1757,0.0,0.0,177.648
1758,14.2,0.887,177.656
1759,0.0,0.0,177.656
1760,0.0,0.0,177.656
1761,0.0,0.0,177.656
1762,0.0,0.0,177.656
1763,0.0,0.0,177.656
1764,0.0,0.0,177.656
1765,0.0,0.0,177.656
1766,0.0,0.0,177.656
1767,0.0,0.0,177.656
1768,0.0,0.0,177.656
1769,0.0,0.0,177.656
1770,0.0,0.0,177.656
1771,0.0,0.0,177.656
1772,0.0,0.0,177.656
1773,0.0,0.0,177.656
1774,0.0,0.0,177.656
1775,0.0,0.0,177.684
1776,0.0,0.0,177.684
1777,14.3,0.894,177.762
1778,0.0,0.0,177.762
1779,0.0,0.0,177.77
1780,0.0,0.0,177.77
1781,0.0,0.0,177.77
1782,0.0,0.0,177.77
1783,0.0,0.0,177.77
1784,0.0,0.0,177.77
1785,14.2,0.887,177.77
1786,0.0,0.0,177.77
1787,0.0,0.0,177.77
1788,0.0,0.0,177.77
1789,0.0,0.0,177.77
1790,0.0,0.0,177.77
1791,0.0,0.0,177.77
1792,0.0,0.0,177.77
1793,0.0,0.0,177.77
1794,113.6,7.1,177.961
1795,12.5,0.781,177.957
1796,0.0,0.0,177.957
1797,0.0,0.0,177.957
1798,0.0,0.0,177.957
1799,0.0,0.0,177.957
1800,0.0,0.0,177.957
1801,0.0,0.0,177.957
1802,0.0,0.0,177.957
1803,0.0,0.0,177.957
1804,0.0,0.0,177.957
1805,0.0,0.0,177.957
1806,0.0,0.0,177.957
1807,0.0,0.0,177.957
1808,0.0,0.0,177.957
1809,0.0,0.0,177.957
1810,0.0,0.0,177.957
1811,0.0,0.0,177.957
1812,0.0,0.0,177.957
1813,0.0,0.0,177.957
1814,0.0,0.0,177.957
1815,0.0,0.0,177.957
1816,0.0,0.0,177.957
1817,0.0,0.0,177.957
1818,0.0,0.0,177.957
1819,0.0,0.0,177.957
1820,0.0,0.0,177.957
1821,0.0,0.0,177.957
1822,0.0,0.0,177.957
1823,0.0,0.0,177.957
1824,0.0,0.0,177.957
1825,0.0,0.0,177.957
1826,0.0,0.0,177.957
1827,0.0,0.0,177.957
1828,0.0,0.0,177.957
1829,0.0,0.0,177.957
1830,0.0,0.0,177.957
1831,0.0,0.0,177.957
1832,0.0,0.0,177.957
1833,0.0,0.0,177.957
1834,0.0,0.0,177.957
1835,0.0,0.0,177.957
1836,0.0,0.0,177.957
1837,0.0,0.0,177.957
1838,0.0,0.0,177.957
1839,0.0,0.0,177.957
1840,0.0,0.0,177.957
1841,0.0,0.0,177.957
1842,0.0,0.0,177.957
1843,0.0,0.0,177.957
1844,0.0,0.0,177.957
1845,0.0,0.0,177.957
1846,0.0,0.0,177.957
1847,0.0,0.0,177.957
1848,0.0,0.0,177.957
1849,0.0,0.0,177.957
1850,0.0,0.0,177.957
1851,0.0,0.0,177.957
1852,0.0,0.0,177.957
1853,0.0,0.0,177.957
1854,0.0,0.0,177.957
1855,0.0,0.0,177.957
1856,0.0,0.0,177.957
1857,0.0,0.0,177.957
1858,0.0,0.0,177.957
1859,0.0,0.0,177.957
1860,0.0,0.0,177.957
1861,0.0,0.0,177.957
1862,0.0,0.0,177.957
1863,0.0,0.0,177.957
1864,0.0,0.0,177.965
1865,0.0,0.0,177.965
1866,0.0,0.0,177.965
1867,0.0,0.0,177.965
1868,0.0,0.0,177.965
1869,28.7,1.794,178.516
1870,0.0,0.0,178.516
1871,0.0,0.0,178.516
1872,0.0,0.0,178.516
1873,0.0,0.0,178.516
1874,0.0,0.0,178.516
1875,0.0,0.0,178.516
1876,14.3,0.894,178.516
1877,0.0,0.0,178.516
1878,0.0,0.0,178.516
1879,0.0,0.0,178.516
1880,0.0,0.0,178.516
1881,0.0,0.0,178.516
1882,0.0,0.0,178.516
1883,0.0,0.0,178.516
1884,0.0,0.0,178.516
1885,0.0,0.0,178.516
1886,0.0,0.0,178.516
1887,0.0,0.0,178.516
1888,0.0,0.0,178.516
1889,0.0,0.0,178.516
1890,0.0,0.0,178.516
1891,0.0,0.0,178.516
1892,0.0,0.0,178.516
1893,0.0,0.0,178.516
1894,0.0,0.0,178.516
1895,0.0,0.0,178.516
1896,0.0,0.0,178.516
1897,0.0,0.0,178.516
1898,0.0,0.0,178.516
1899,0.0,0.0,178.516
1900,0.0,0.0,178.516
1901,0.0,0.0,178.516
1902,0.0,0.0,178.516
1903,0.0,0.0,178.516
1904,0.0,0.0,178.516
1905,0.0,0.0,178.516
1906,0.0,0.0,178.516
1907,0.0,0.0,178.516
1908,0.0,0.0,178.516
1909,0.0,0.0,178.516
1910,0.0,0.0,178.516
1911,0.0,0.0,178.516
1912,0.0,0.0,178.516
1913,0.0,0.0,178.516
1914,0.0,0.0,178.516
1915,0.0,0.0,178.516
1916,0.0,0.0,178.516
1917,0.0,0.0,178.516
1918,0.0,0.0,178.516
1919,0.0,0.0,178.516
1920,0.0,0.0,178.516
1921,0.0,0.0,178.516
1922,0.0,0.0,178.516
1923,0.0,0.0,178.516
1924,0.0,0.0,178.516
1925,0.0,0.0,178.516
1926,0.0,0.0,178.516
1927,0.0,0.0,178.516
1928,0.0,0.0,178.516
1929,0.0,0.0,178.516
1930,0.0,0.0,178.516
1931,0.0,0.0,178.516
1932,0.0,0.0,178.516
1933,0.0,0.0,178.516
1934,0.0,0.0,178.516
1935,0.0,0.0,178.516
1936,0.0,0.0,178.516
1937,0.0,0.0,178.516
1938,0.0,0.0,178.516
1939,0.0,0.0,178.516
1940,87.5,5.469,178.645
1941,100.0,6.25,178.645
1942,71.7,4.481,178.645
1943,0.0,0.0,178.645
1944,0.0,0.0,178.645
1945,0.0,0.0,179.012
1946,14.3,0.894,179.012
1947,0.0,0.0,179.012
1948,0.0,0.0,179.012
1949,0.0,0.0,179.012
1950,0.0,0.0,179.012
1951,0.0,0.0,179.012
1952,0.0,0.0,179.012
1953,0.0,0.0,179.012
1954,0.0,0.0,179.012
1955,0.0,0.0,179.012
1956,0.0,0.0,179.012
1957,0.0,0.0,179.012
1958,0.0,0.0,179.012
1959,0.0,0.0,179.012
1960,0.0,0.0,179.012
1961,0.0,0.0,179.012
1962,0.0,0.0,179.012
1963,0.0,0.0,179.012
1964,0.0,0.0,179.012
1965,0.0,0.0,179.012
1966,0.0,0.0,179.012
1967,0.0,0.0,179.012
1968,0.0,0.0,179.012
1969,0.0,0.0,179.012
1970,0.0,0.0,179.012
1971,0.0,0.0,179.012
1972,0.0,0.0,179.012
1973,0.0,0.0,179.012
1974,0.0,0.0,179.012
1975,0.0,0.0,179.012
1976,0.0,0.0,179.012
1977,0.0,0.0,179.012
1978,0.0,0.0,179.012
1979,0.0,0.0,179.012
1980,0.0,0.0,179.012
1981,0.0,0.0,179.012
1982,0.0,0.0,179.012
1983,0.0,0.0,179.012
1984,0.0,0.0,179.012
1985,0.0,0.0,179.012
1986,0.0,0.0,179.012
1987,0.0,0.0,179.012
1988,0.0,0.0,179.012
1989,0.0,0.0,179.012
1990,0.0,0.0,179.012
1991,0.0,0.0,179.012
1992,0.0,0.0,179.012
1993,0.0,0.0,179.012
1994,0.0,0.0,179.012
1995,0.0,0.0,179.012
1996,0.0,0.0,179.012
1997,0.0,0.0,179.012
1998,0.0,0.0,179.012
1999,0.0,0.0,179.012
2000,0.0,0.0,179.012
2001,0.0,0.0,179.012
2002,0.0,0.0,179.012
2003,0.0,0.0,179.012
2004,0.0,0.0,179.012
2005,0.0,0.0,179.012
2006,0.0,0.0,179.012
2007,0.0,0.0,179.012
2008,0.0,0.0,179.012
2009,0.0,0.0,179.012
2010,0.0,0.0,179.012
2011,0.0,0.0,179.012
2012,0.0,0.0,179.012
2013,0.0,0.0,179.012
2014,0.0,0.0,179.012
2015,0.0,0.0,179.012
2016,0.0,0.0,179.012
2017,0.0,0.0,179.012
2018,14.3,0.894,179.59
2019,0.0,0.0,179.59
2020,0.0,0.0,179.59
2021,0.0,0.0,179.59
2022,0.0,0.0,179.59
2023,0.0,0.0,179.59
2024,0.0,0.0,179.59
2025,0.0,0.0,179.59
2026,0.0,0.0,179.59
2027,0.0,0.0,179.59
2028,0.0,0.0,179.59
2029,0.0,0.0,179.59
2030,0.0,0.0,179.59
2031,0.0,0.0,179.59
2032,0.0,0.0,179.59
2033,0.0,0.0,179.59
2034,0.0,0.0,179.59
2035,0.0,0.0,179.59
2036,0.0,0.0,179.59
2037,0.0,0.0,179.59
2038,0.0,0.0,179.59
2039,0.0,0.0,179.59
2040,0.0,0.0,179.59
2041,0.0,0.0,179.59
2042,0.0,0.0,179.59
2043,0.0,0.0,179.59
2044,0.0,0.0,179.59
2045,0.0,0.0,179.59
2046,0.0,0.0,179.59
2047,0.0,0.0,179.59
2048,0.0,0.0,179.59
2049,0.0,0.0,179.59
2050,0.0,0.0,179.59
2051,0.0,0.0,179.59
2052,0.0,0.0,179.59
2053,0.0,0.0,179.59
2054,0.0,0.0,179.59
2055,0.0,0.0,179.59
2056,0.0,0.0,179.59
2057,0.0,0.0,179.59
2058,0.0,0.0,179.59
2059,0.0,0.0,179.59
2060,0.0,0.0,179.59
2061,0.0,0.0,179.59
2062,0.0,0.0,179.59
2063,0.0,0.0,179.59
2064,0.0,0.0,179.59
2065,0.0,0.0,179.59
2066,0.0,0.0,179.59
2067,0.0,0.0,179.59
2068,0.0,0.0,179.59
2069,0.0,0.0,179.59
2070,0.0,0.0,179.59
2071,0.0,0.0,179.59
2072,0.0,0.0,179.59
2073,0.0,0.0,179.59
2074,0.0,0.0,179.59
2075,0.0,0.0,179.59
2076,0.0,0.0,179.59
2077,0.0,0.0,179.59
2078,0.0,0.0,179.59
2079,0.0,0.0,179.59
2080,0.0,0.0,179.59
2081,0.0,0.0,179.59
2082,0.0,0.0,179.59
2083,0.0,0.0,179.59
2084,0.0,0.0,179.59
2085,0.0,0.0,179.59
2086,0.0,0.0,179.59
2087,0.0,0.0,179.59
2088,0.0,0.0,179.59
2089,0.0,0.0,179.59
2090,87.5,5.469,179.695
2091,100.0,6.25,179.695
2092,71.7,4.481,179.695
2093,12.5,0.781,180.148
2094,0.0,0.0,180.148
2095,0.0,0.0,180.148
2096,0.0,0.0,180.148
2097,0.0,0.0,180.148
2098,0.0,0.0,180.148
2099,0.0,0.0,180.148
2100,0.0,0.0,180.148
2101,0.0,0.0,180.148
2102,0.0,0.0,180.148
2103,0.0,0.0,180.148
2104,0.0,0.0,180.148
2105,0.0,0.0,180.148
2106,0.0,0.0,180.148
2107,0.0,0.0,180.148
2108,0.0,0.0,180.148
2109,0.0,0.0,180.148
2110,0.0,0.0,180.148
2111,0.0,0.0,180.148
2112,0.0,0.0,180.148
2113,0.0,0.0,180.148
2114,0.0,0.0,180.148
2115,0.0,0.0,180.148
2116,0.0,0.0,180.148
2117,0.0,0.0,180.148
2118,0.0,0.0,180.148
2119,14.2,0.887,180.148
2120,0.0,0.0,180.148
2121,0.0,0.0,180.148
2122,0.0,0.0,180.148
2123,0.0,0.0,180.148
2124,0.0,0.0,180.148
2125,0.0,0.0,180.148
2126,0.0,0.0,180.148
2127,0.0,0.0,180.148
2128,0.0,0.0,180.148
2129,0.0,0.0,180.148
2130,0.0,0.0,180.148
2131,0.0,0.0,180.148
2132,0.0,0.0,180.148
2133,0.0,0.0,180.148
2134,0.0,0.0,180.148
2135,0.0,0.0,180.148
2136,0.0,0.0,180.148
2137,0.0,0.0,180.148
2138,0.0,0.0,180.148
2139,0.0,0.0,180.148
2140,0.0,0.0,180.148
2141,0.0,0.0,180.148
2142,0.0,0.0,180.148
2143,0.0,0.0,180.148
2144,0.0,0.0,180.148
2145,0.0,0.0,180.148
2146,0.0,0.0,180.148
2147,0.0,0.0,180.148
2148,0.0,0.0,180.148
2149,0.0,0.0,180.148
2150,0.0,0.0,180.148
2151,0.0,0.0,180.148
2152,0.0,0.0,180.148
2153,0.0,0.0,180.148
2154,0.0,0.0,180.148
2155,0.0,0.0,180.148
2156,0.0,0.0,180.148
2157,0.0,0.0,180.148
2158,0.0,0.0,180.148
2159,0.0,0.0,180.148
2160,14.3,0.894,180.148
2161,0.0,0.0,180.148
2162,0.0,0.0,180.148
2163,0.0,0.0,180.148
2164,0.0,0.0,180.148
2165,0.0,0.0,180.148
2166,12.5,0.781,180.148
2167,0.0,0.0,180.148
2168,0.0,0.0,180.148
2169,0.0,0.0,180.148
2170,0.0,0.0,180.148
2171,0.0,0.0,180.148
2172,0.0,0.0,180.148
2173,0.0,0.0,180.148
2174,0.0,0.0,180.148
2175,0.0,0.0,180.148
2176,0.0,0.0,180.148
2177,0.0,0.0,180.148
2178,0.0,0.0,180.148
2179,0.0,0.0,180.148
2180,0.0,0.0,180.148
2181,0.0,0.0,180.148
2182,0.0,0.0,180.148
2183,0.0,0.0,180.148
2184,0.0,0.0,180.148
2185,0.0,0.0,180.148
2186,0.0,0.0,180.148
2187,0.0,0.0,180.148
2188,0.0,0.0,180.148
2189,0.0,0.0,180.148
2190,0.0,0.0,180.148
2191,0.0,0.0,180.148
2192,0.0,0.0,180.148
2193,0.0,0.0,180.148
2194,0.0,0.0,180.148
2195,0.0,0.0,180.148
2196,0.0,0.0,180.148
2197,0.0,0.0,180.148
2198,0.0,0.0,180.148
2199,0.0,0.0,180.148
2200,0.0,0.0,180.148
2201,0.0,0.0,180.148
2202,0.0,0.0,180.148
2203,0.0,0.0,180.148
2204,0.0,0.0,180.148
2205,0.0,0.0,180.148
2206,0.0,0.0,180.148
2207,0.0,0.0,180.148
2208,0.0,0.0,180.148
2209,0.0,0.0,180.148
2210,0.0,0.0,180.148
2211,0.0,0.0,180.148
2212,0.0,0.0,180.148
2213,0.0,0.0,180.148
2214,0.0,0.0,180.148
2215,0.0,0.0,180.148
2216,0.0,0.0,180.148
2217,0.0,0.0,180.148
2218,0.0,0.0,180.148
2219,0.0,0.0,180.148
2220,0.0,0.0,180.148
2221,0.0,0.0,180.148
2222,0.0,0.0,180.148
2223,0.0,0.0,180.148
2224,0.0,0.0,180.148
2225,0.0,0.0,180.148
2226,0.0,0.0,180.148
2227,0.0,0.0,180.148
2228,0.0,0.0,180.148
2229,0.0,0.0,180.148
2230,0.0,0.0,180.148
2231,0.0,0.0,180.148
2232,0.0,0.0,180.148
2233,0.0,0.0,180.148
2234,0.0,0.0,180.148
2235,0.0,0.0,180.148
2236,0.0,0.0,180.148
2237,0.0,0.0,180.148
2238,77.6,4.85,180.559
2239,87.5,5.469,180.559
2240,57.3,3.581,180.559
2241,0.0,0.0,180.555
2242,0.0,0.0,180.555
2243,0.0,0.0,180.555
2244,0.0,0.0,180.555
2245,0.0,0.0,180.555
2246,0.0,0.0,180.555
2247,0.0,0.0,180.555
2248,0.0,0.0,180.555
2249,0.0,0.0,180.555
2250,0.0,0.0,180.555
2251,0.0,0.0,180.555
2252,0.0,0.0,180.555
2253,0.0,0.0,180.555
2254,0.0,0.0,180.555
2255,0.0,0.0,180.555
2256,0.0,0.0,180.555
2257,0.0,0.0,180.555
2258,0.0,0.0,180.555
2259,0.0,0.0,180.555
2260,0.0,0.0,180.555
2261,0.0,0.0,180.555
2262,0.0,0.0,180.555
2263,0.0,0.0,180.555
2264,0.0,0.0,180.555
2265,0.0,0.0,180.555
2266,0.0,0.0,180.555
2267,0.0,0.0,180.555
2268,0.0,0.0,180.555
2269,0.0,0.0,180.555
2270,0.0,0.0,180.555
2271,0.0,0.0,180.555
2272,0.0,0.0,180.555
2273,0.0,0.0,180.555
2274,0.0,0.0,180.555
2275,0.0,0.0,180.555
2276,0.0,0.0,180.555
2277,0.0,0.0,180.555
2278,0.0,0.0,180.555
2279,0.0,0.0,180.555
2280,0.0,0.0,180.555
2281,0.0,0.0,180.555
2282,0.0,0.0,180.555
2283,0.0,0.0,180.555
2284,0.0,0.0,180.555
2285,0.0,0.0,180.555
2286,14.3,0.894,180.555
2287,0.0,0.0,180.555
2288,0.0,0.0,180.555
2289,0.0,0.0,180.555
2290,0.0,0.0,180.555
2291,0.0,0.0,180.555
2292,0.0,0.0,180.555
2293,0.0,0.0,180.555
2294,0.0,0.0,180.555
2295,0.0,0.0,180.555
2296,0.0,0.0,180.555
2297,0.0,0.0,180.555
2298,0.0,0.0,180.555
2299,0.0,0.0,180.555
2300,0.0,0.0,180.555
2301,0.0,0.0,180.555
2302,0.0,0.0,180.555
2303,0.0,0.0,180.555
2304,0.0,0.0,180.555
2305,0.0,0.0,180.555
2306,0.0,0.0,180.555
2307,0.0,0.0,180.555
2308,0.0,0.0,180.555
2309,0.0,0.0,180.555
2310,0.0,0.0,180.555
2311,0.0,0.0,180.555
2312,0.0,0.0,180.555
2313,14.3,0.894,180.555
2314,14.3,0.894,180.547
2315,0.0,0.0,180.547
2316,0.0,0.0,180.547
2317,0.0,0.0,180.547
2318,0.0,0.0,180.547
2319,0.0,0.0,180.547
2320,0.0,0.0,180.547
2321,0.0,0.0,180.547
2322,0.0,0.0,180.547
2323,0.0,0.0,180.547
2324,0.0,0.0,180.547
2325,0.0,0.0,180.547
2326,0.0,0.0,180.547
2327,0.0,0.0,180.547
2328,0.0,0.0,180.547
2329,0.0,0.0,180.547
2330,0.0,0.0,180.547
2331,0.0,0.0,180.547
2332,0.0,0.0,180.547
2333,0.0,0.0,180.547
2334,0.0,0.0,180.547
2335,0.0,0.0,180.547
2336,0.0,0.0,180.547
2337,0.0,0.0,180.547
2338,0.0,0.0,180.547
2339,0.0,0.0,180.547
2340,0.0,0.0,180.547
2341,0.0,0.0,180.547
2342,0.0,0.0,180.547
2343,0.0,0.0,180.547
2344,0.0,0.0,180.547
2345,0.0,0.0,180.547
2346,0.0,0.0,180.547
2347,0.0,0.0,180.547
2348,0.0,0.0,180.547
2349,0.0,0.0,180.547
2350,0.0,0.0,180.547
2351,0.0,0.0,180.547
2352,0.0,0.0,180.547
2353,0.0,0.0,180.547
2354,0.0,0.0,180.547
2355,0.0,0.0,180.547
2356,0.0,0.0,180.547
2357,0.0,0.0,180.547
2358,0.0,0.0,180.547
2359,0.0,0.0,180.547
2360,0.0,0.0,180.547
2361,0.0,0.0,180.547
2362,0.0,0.0,180.547
2363,0.0,0.0,180.547
2364,0.0,0.0,180.547
2365,0.0,0.0,180.547
2366,0.0,0.0,180.547
2367,0.0,0.0,180.547
2368,0.0,0.0,180.547
2369,0.0,0.0,180.547
2370,0.0,0.0,180.547
2371,0.0,0.0,180.547
2372,0.0,0.0,180.547
2373,0.0,0.0,180.547
2374,0.0,0.0,180.547
2375,0.0,0.0,180.547
2376,0.0,0.0,180.547
2377,0.0,0.0,180.547
2378,0.0,0.0,180.547
2379,0.0,0.0,180.547
2380,0.0,0.0,180.547
2381,0.0,0.0,180.547
2382,0.0,0.0,180.547
2383,0.0,0.0,180.547
2384,0.0,0.0,180.547
2385,0.0,0.0,180.547
2386,87.5,5.469,180.547
2387,100.0,6.25,180.547
2388,100.0,6.25,180.547
2389,57.3,3.581,180.547
2390,14.2,0.887,180.531
2391,0.0,0.0,180.531
2392,0.0,0.0,180.531
2393,0.0,0.0,180.531
2394,0.0,0.0,180.531
2395,0.0,0.0,180.531
2396,0.0,0.0,180.531
2397,0.0,0.0,180.531
2398,0.0,0.0,180.531
2399,14.3,0.894,180.531
2400,0.0,0.0,180.531
2401,0.0,0.0,180.531
2402,0.0,0.0,180.531
2403,0.0,0.0,180.531
2404,0.0,0.0,180.531
2405,0.0,0.0,180.531
2406,0.0,0.0,180.531
2407,0.0,0.0,180.531
2408,0.0,0.0,180.531
2409,0.0,0.0,180.531
2410,0.0,0.0,180.531
2411,0.0,0.0,180.531
2412,0.0,0.0,180.531
2413,0.0,0.0,180.531
2414,0.0,0.0,180.531
2415,0.0,0.0,180.531
2416,0.0,0.0,180.531
2417,0.0,0.0,180.531
2418,0.0,0.0,180.531
2419,0.0,0.0,180.531
2420,0.0,0.0,180.531
2421,0.0,0.0,180.531
2422,0.0,0.0,180.531
2423,0.0,0.0,180.531
2424,0.0,0.0,180.531
2425,0.0,0.0,180.531
2426,0.0,0.0,180.531
2427,0.0,0.0,180.531
2428,0.0,0.0,180.531
2429,0.0,0.0,180.531
2430,0.0,0.0,180.531
2431,0.0,0.0,180.531
2432,0.0,0.0,180.531
2433,0.0,0.0,180.531
2434,0.0,0.0,180.531
2435,14.3,0.894,180.531
2436,0.0,0.0,180.531
2437,0.0,0.0,180.531
2438,0.0,0.0,180.531
2439,0.0,0.0,180.531
2440,0.0,0.0,180.531
2441,0.0,0.0,180.531
2442,0.0,0.0,180.531
2443,0.0,0.0,180.531
2444,0.0,0.0,180.531
2445,0.0,0.0,180.531
2446,0.0,0.0,180.531
2447,0.0,0.0,180.531
2448,0.0,0.0,180.531
2449,0.0,0.0,180.531
2450,0.0,0.0,180.531
2451,0.0,0.0,180.531
2452,0.0,0.0,180.531
2453,0.0,0.0,180.531
2454,0.0,0.0,180.531
2455,0.0,0.0,180.531
2456,0.0,0.0,180.531
2457,0.0,0.0,180.531
2458,0.0,0.0,180.531
2459,0.0,0.0,180.531
2460,0.0,0.0,180.531
2461,0.0,0.0,180.531
2462,14.2,0.887,180.531
2463,28.7,1.794,180.531
2464,0.0,0.0,180.531
2465,0.0,0.0,180.531
2466,0.0,0.0,180.531
2467,0.0,0.0,180.531
2468,50.0,3.125,180.531
2469,71.0,4.438,180.547
2470,14.3,0.894,180.547
2471,0.0,0.0,180.547
2472,14.2,0.887,180.547
2473,0.0,0.0,180.547
2474,0.0,0.0,180.547
2475,0.0,0.0,180.547
2476,0.0,0.0,180.547
2477,0.0,0.0,180.547
2478,0.0,0.0,180.547
2479,0.0,0.0,180.547
2480,0.0,0.0,180.547
2481,0.0,0.0,180.547
2482,0.0,0.0,180.547
2483,0.0,0.0,180.547
2484,0.0,0.0,180.547
2485,37.5,2.344,177.91
2486,28.4,1.775,178.227
2487,14.3,0.894,178.234
2488,0.0,0.0,178.234
2489,0.0,0.0,178.234
2490,0.0,0.0,178.234
2491,0.0,0.0,178.234
2492,0.0,0.0,178.234
2493,0.0,0.0,178.234
2494,0.0,0.0,178.234
2495,0.0,0.0,178.234
2496,0.0,0.0,178.234
2497,0.0,0.0,178.266
2498,0.0,0.0,178.266
2499,50.0,3.125,179.117
2500,89.3,5.581,179.395
2501,113.6,7.1,179.395
2502,43.0,2.688,179.395
2503,25.0,1.562,179.395
2504,77.6,4.85,179.395
2505,100.0,6.25,179.395
2506,86.0,5.375,179.395
2507,14.3,0.894,179.473
2508,0.0,0.0,179.473
2509,0.0,0.0,179.473
2510,0.0,0.0,179.473
2511,14.2,0.887,179.484
2512,14.3,0.894,179.484
2513,0.0,0.0,179.484
2514,0.0,0.0,179.484
2515,22.2,1.387,179.543
2516,86.0,5.375,179.613
2517,14.3,0.894,179.613
2518,0.0,0.0,179.613
2519,0.0,0.0,179.613
2520,0.0,0.0,179.613
2521,0.0,0.0,179.613
2522,0.0,0.0,179.613
2523,0.0,0.0,179.613
2524,0.0,0.0,179.613
2525,0.0,0.0,179.613
2526,0.0,0.0,179.613
2527,0.0,0.0,179.613
2528,0.0,0.0,179.613
2529,0.0,0.0,179.613
2530,0.0,0.0,179.613
2531,0.0,0.0,179.613
2532,0.0,0.0,179.613
2533,0.0,0.0,179.613
2534,0.0,0.0,179.613
2535,0.0,0.0,179.613
2536,0.0,0.0,179.613
2537,0.0,0.0,179.613
2538,0.0,0.0,179.613
2539,0.0,0.0,179.613
2540,0.0,0.0,179.613
2541,0.0,0.0,179.613
2542,0.0,0.0,179.621
2543,0.0,0.0,179.809
2544,0.0,0.0,179.809
2545,0.0,0.0,179.809
2546,0.0,0.0,179.809
2547,0.0,0.0,179.809
2548,0.0,0.0,179.809
2549,0.0,0.0,179.809
2550,0.0,0.0,179.809
2551,0.0,0.0,179.809
2552,0.0,0.0,179.809
2553,0.0,0.0,179.809
2554,0.0,0.0,179.809
2555,0.0,0.0,179.809
2556,0.0,0.0,179.809
2557,0.0,0.0,179.809
2558,0.0,0.0,179.809
2559,0.0,0.0,179.809
2560,0.0,0.0,179.809
2561,0.0,0.0,179.809
2562,0.0,0.0,179.809
2563,0.0,0.0,179.809
2564,0.0,0.0,179.809
2565,0.0,0.0,179.809
2566,0.0,0.0,179.809
2567,0.0,0.0,179.809
2568,0.0,0.0,179.809
2569,0.0,0.0,179.809
2570,0.0,0.0,179.809
2571,0.0,0.0,179.809
2572,0.0,0.0,179.809
2573,0.0,0.0,179.809
2574,0.0,0.0,179.809
2575,0.0,0.0,179.809
2576,0.0,0.0,179.809
2577,0.0,0.0,179.809
2578,0.0,0.0,179.809
2579,0.0,0.0,179.809
2580,0.0,0.0,179.809
2581,0.0,0.0,179.809
2582,0.0,0.0,179.809
2583,0.0,0.0,179.809
2584,0.0,0.0,179.809
2585,0.0,0.0,179.809
2586,0.0,0.0,179.809
2587,0.0,0.0,179.809
2588,0.0,0.0,179.809
2589,0.0,0.0,179.809
2590,14.3,0.894,180.109
2591,0.0,0.0,180.109
2592,0.0,0.0,180.109
2593,14.2,0.887,180.109
2594,0.0,0.0,180.109
2595,0.0,0.0,180.109
2596,0.0,0.0,180.109
2597,0.0,0.0,180.109
2598,0.0,0.0,180.109
2599,0.0,0.0,180.109
2600,0.0,0.0,180.109
2601,0.0,0.0,180.109
2602,0.0,0.0,180.109
2603,0.0,0.0,180.109
2604,0.0,0.0,180.109
2605,0.0,0.0,180.109
2606,0.0,0.0,180.109
2607,0.0,0.0,180.109
2608,0.0,0.0,180.109
2609,0.0,0.0,180.109
2610,0.0,0.0,180.109
2611,0.0,0.0,180.109
2612,0.0,0.0,180.109
2613,0.0,0.0,180.109
2614,0.0,0.0,180.109
2615,0.0,0.0,180.109
2616,0.0,0.0,180.109
2617,0.0,0.0,180.109
2618,0.0,0.0,180.109
2619,0.0,0.0,180.109
2620,0.0,0.0,180.109
2621,0.0,0.0,180.109
2622,0.0,0.0,180.109
2623,0.0,0.0,180.109
2624,0.0,0.0,180.109
2625,0.0,0.0,180.109
2626,0.0,0.0,180.109
2627,0.0,0.0,180.109
2628,0.0,0.0,180.109
2629,0.0,0.0,180.109
2630,0.0,0.0,180.109
2631,0.0,0.0,180.109
2632,0.0,0.0,180.109
2633,0.0,0.0,180.109
2634,0.0,0.0,180.109
2635,0.0,0.0,180.109
2636,0.0,0.0,180.109
2637,0.0,0.0,180.109
2638,0.0,0.0,180.109
2639,0.0,0.0,180.109
2640,0.0,0.0,180.109
2641,0.0,0.0,180.109
2642,0.0,0.0,180.109
2643,0.0,0.0,180.109
2644,0.0,0.0,180.109
2645,0.0,0.0,180.109
2646,0.0,0.0,180.109
2647,0.0,0.0,180.109
2648,0.0,0.0,180.109
2649,0.0,0.0,180.109
2650,0.0,0.0,180.109
2651,0.0,0.0,180.109
2652,0.0,0.0,180.109
2653,0.0,0.0,180.109
2654,0.0,0.0,180.109
2655,0.0,0.0,180.109
2656,0.0,0.0,180.109
2657,0.0,0.0,180.109
2658,0.0,0.0,180.109
2659,0.0,0.0,180.109
2660,0.0,0.0,180.109
2661,0.0,0.0,180.109
2662,0.0,0.0,180.109
2663,50.0,3.125,180.109
2664,100.3,6.269,180.215
2665,100.0,6.25,180.215
2666,14.3,0.894,180.652
2667,0.0,0.0,180.668
2668,14.3,0.894,180.668
2669,0.0,0.0,180.668
2670,0.0,0.0,180.668
2671,0.0,0.0,180.668
2672,0.0,0.0,180.668
2673,0.0,0.0,180.668
2674,0.0,0.0,180.668
2675,0.0,0.0,180.668
2676,14.3,0.894,180.668
2677,0.0,0.0,180.668
2678,0.0,0.0,180.668
2679,0.0,0.0,180.668
2680,0.0,0.0,180.668
2681,0.0,0.0,180.668
2682,0.0,0.0,180.668
2683,0.0,0.0,180.668
2684,0.0,0.0,180.668
2685,0.0,0.0,180.668
2686,0.0,0.0,180.668
2687,0.0,0.0,180.668
2688,0.0,0.0,180.668
2689,0.0,0.0,180.668
2690,0.0,0.0,180.668
2691,0.0,0.0,180.668
2692,0.0,0.0,180.668
2693,0.0,0.0,180.668
2694,0.0,0.0,180.668
2695,0.0,0.0,180.668
2696,0.0,0.0,180.668
2697,0.0,0.0,180.668
2698,0.0,0.0,180.668
2699,0.0,0.0,180.668
2700,0.0,0.0,180.668
2701,0.0,0.0,180.668
2702,0.0,0.0,180.668
2703,0.0,0.0,180.668
2704,0.0,0.0,180.668
2705,0.0,0.0,180.668
2706,0.0,0.0,180.668
2707,0.0,0.0,180.668
2708,0.0,0.0,180.668
2709,0.0,0.0,180.668
2710,0.0,0.0,180.668
2711,0.0,0.0,180.668
2712,0.0,0.0,180.668
2713,0.0,0.0,180.668
2714,0.0,0.0,180.668
2715,0.0,0.0,180.668
2716,0.0,0.0,180.668
2717,0.0,0.0,180.668
2718,0.0,0.0,180.668
2719,0.0,0.0,180.668
2720,0.0,0.0,180.668
2721,0.0,0.0,180.668
2722,0.0,0.0,180.668
2723,0.0,0.0,180.668
2724,0.0,0.0,180.668
2725,0.0,0.0,180.668
2726,0.0,0.0,180.668
2727,0.0,0.0,180.668
2728,0.0,0.0,180.668
2729,0.0,0.0,180.668
2730,0.0,0.0,180.668
2731,0.0,0.0,180.668
2732,0.0,0.0,180.668
2733,0.0,0.0,180.668
2734,0.0,0.0,180.668
2735,0.0,0.0,180.668
2736,0.0,0.0,180.668
2737,0.0,0.0,180.668
2738,0.0,0.0,180.668
2739,0.0,0.0,180.766
2740,0.0,0.0,180.766
2741,0.0,0.0,180.766
2742,0.0,0.0,180.766
2743,0.0,0.0,180.766
2744,0.0,0.0,180.766
2745,0.0,0.0,180.766
2746,0.0,0.0,180.766
2747,0.0,0.0,180.766
2748,0.0,0.0,180.766
2749,0.0,0.0,180.766
2750,0.0,0.0,180.766
2751,0.0,0.0,180.766
2752,0.0,0.0,180.766
2753,0.0,0.0,180.766
2754,0.0,0.0,180.766
2755,0.0,0.0,180.766
2756,0.0,0.0,180.766
2757,0.0,0.0,180.766
2758,0.0,0.0,180.766
2759,0.0,0.0,180.766
2760,0.0,0.0,180.766
2761,0.0,0.0,180.766
2762,0.0,0.0,180.766
2763,0.0,0.0,180.766
2764,0.0,0.0,180.766
2765,0.0,0.0,180.766
2766,0.0,0.0,180.766
2767,0.0,0.0,180.766
2768,0.0,0.0,180.766
2769,0.0,0.0,180.766
2770,0.0,0.0,180.766
2771,0.0,0.0,180.766
2772,0.0,0.0,180.766
2773,0.0,0.0,180.766
2774,0.0,0.0,180.766
2775,0.0,0.0,180.766
2776,0.0,0.0,180.766
2777,0.0,0.0,180.766
2778,0.0,0.0,180.766
2779,0.0,0.0,180.766
2780,0.0,0.0,180.766
2781,0.0,0.0,180.766
2782,0.0,0.0,180.766
2783,0.0,0.0,180.766
2784,0.0,0.0,180.766
2785,0.0,0.0,180.766
2786,0.0,0.0,180.766
2787,0.0,0.0,180.766
2788,0.0,0.0,180.766
2789,0.0,0.0,180.766
2790,0.0,0.0,180.766
2791,0.0,0.0,180.766
2792,0.0,0.0,180.766
2793,0.0,0.0,180.766
2794,0.0,0.0,180.766
2795,0.0,0.0,180.766
2796,0.0,0.0,180.766
2797,0.0,0.0,180.766
2798,0.0,0.0,180.766
2799,0.0,0.0,180.766
2800,0.0,0.0,180.766
2801,0.0,0.0,180.766
2802,0.0,0.0,180.766
2803,0.0,0.0,180.766
2804,0.0,0.0,180.766
2805,0.0,0.0,180.766
2806,0.0,0.0,180.766
2807,0.0,0.0,180.766
2808,0.0,0.0,180.766
2809,0.0,0.0,180.766
2810,0.0,0.0,180.766
2811,0.0,0.0,180.766
2812,62.5,3.906,180.852
2813,100.0,6.25,180.852
2814,86.0,5.375,180.852
2815,0.0,0.0,180.855
2816,14.3,0.894,180.938
2817,0.0,0.0,180.938
2818,0.0,0.0,180.938
2819,0.0,0.0,178.391
2820,0.0,0.0,178.398
2821,0.0,0.0,178.398
2822,0.0,0.0,178.398
2823,42.6,2.663,178.531
2824,71.7,4.481,179.039
2825,14.2,0.887,179.125
2826,0.0,0.0,179.125
2827,0.0,0.0,179.125
2828,0.0,0.0,179.125
2829,0.0,0.0,179.125
2830,0.0,0.0,179.125
2831,0.0,0.0,179.125
2832,14.3,0.894,179.641
2833,27.3,1.706,179.672
2834,112.5,7.031,179.672
2835,75.0,4.688,179.672
2836,87.5,5.469,179.672
2837,87.5,5.469,179.672
2838,0.0,0.0,179.672
2839,0.0,0.0,179.672
2840,0.0,0.0,179.672
2841,0.0,0.0,179.672
2842,0.0,0.0,179.672
2843,0.0,0.0,179.672
2844,0.0,0.0,179.672
2845,14.2,0.887,179.676
2846,0.0,0.0,179.676
2847,0.0,0.0,179.676
2848,0.0,0.0,179.676
2849,0.0,0.0,179.676
2850,0.0,0.0,179.676
2851,0.0,0.0,179.676
2852,0.0,0.0,179.676
2853,0.0,0.0,179.676
2854,0.0,0.0,179.676
2855,0.0,0.0,179.676
2856,0.0,0.0,179.676
2857,0.0,0.0,179.676
2858,0.0,0.0,179.676
2859,0.0,0.0,179.676
2860,0.0,0.0,179.676
2861,0.0,0.0,179.676
2862,0.0,0.0,179.676
2863,0.0,0.0,179.676
2864,0.0,0.0,179.676
2865,0.0,0.0,179.676
2866,0.0,0.0,179.676
2867,0.0,0.0,179.676
2868,0.0,0.0,179.676
2869,0.0,0.0,179.676
2870,0.0,0.0,179.676
2871,0.0,0.0,179.676
2872,0.0,0.0,179.676
2873,0.0,0.0,179.676
2874,0.0,0.0,179.676
2875,0.0,0.0,179.676
2876,0.0,0.0,179.676
2877,0.0,0.0,179.676
2878,0.0,0.0,179.676
2879,0.0,0.0,179.676
2880,0.0,0.0,179.676
2881,0.0,0.0,179.676
2882,0.0,0.0,179.676
2883,0.0,0.0,179.676
2884,0.0,0.0,179.676
2885,0.0,0.0,179.676
2886,0.0,0.0,179.676
2887,0.0,0.0,179.676
2888,0.0,0.0,179.676
2889,0.0,0.0,179.676
2890,0.0,0.0,179.676
2891,0.0,0.0,179.676
2892,0.0,0.0,179.676
2893,0.0,0.0,179.676
2894,0.0,0.0,179.676
2895,0.0,0.0,179.676
2896,0.0,0.0,179.676
2897,0.0,0.0,179.676
2898,0.0,0.0,179.676
2899,0.0,0.0,179.676
2900,0.0,0.0,179.676
2901,0.0,0.0,179.676
2902,0.0,0.0,179.676
2903,0.0,0.0,179.676
2904,0.0,0.0,179.676
2905,0.0,0.0,179.676
2906,0.0,0.0,179.676
2907,0.0,0.0,179.676
2908,0.0,0.0,179.676
2909,0.0,0.0,179.676
2910,0.0,0.0,179.676
2911,0.0,0.0,179.676
2912,0.0,0.0,179.676
2913,0.0,0.0,179.676
2914,0.0,0.0,179.676
2915,0.0,0.0,179.676
2916,14.2,0.887,179.676
2917,0.0,0.0,179.676
2918,14.3,0.894,179.676
2919,14.2,0.887,179.758
2920,0.0,0.0,179.758
2921,0.0,0.0,179.758
2922,0.0,0.0,179.758
2923,0.0,0.0,179.758
2924,0.0,0.0,179.758
2925,0.0,0.0,179.758
2926,0.0,0.0,179.758
2927,0.0,0.0,179.758
2928,0.0,0.0,179.758
2929,0.0,0.0,179.758
2930,0.0,0.0,179.758
2931,0.0,0.0,179.758
2932,0.0,0.0,179.758
2933,0.0,0.0,179.758
2934,0.0,0.0,179.758
2935,0.0,0.0,179.758
2936,0.0,0.0,179.758
2937,0.0,0.0,179.758
2938,0.0,0.0,179.758
2939,0.0,0.0,179.758
2940,0.0,0.0,179.758
2941,0.0,0.0,179.758
2942,0.0,0.0,179.758
2943,0.0,0.0,179.758
2944,0.0,0.0,179.758
2945,0.0,0.0,179.758
2946,0.0,0.0,179.758
2947,0.0,0.0,179.758
2948,0.0,0.0,179.758
2949,0.0,0.0,179.758
2950,0.0,0.0,179.758
2951,0.0,0.0,179.758
2952,0.0,0.0,179.758
2953,0.0,0.0,179.758
2954,0.0,0.0,179.758
2955,0.0,0.0,179.758
2956,0.0,0.0,179.758
2957,0.0,0.0,179.758
2958,0.0,0.0,179.758
2959,0.0,0.0,179.758
2960,0.0,0.0,179.758
2961,0.0,0.0,179.758
2962,0.0,0.0,179.758
2963,0.0,0.0,179.758
2964,0.0,0.0,179.758
2965,0.0,0.0,179.758
2966,0.0,0.0,179.758
2967,0.0,0.0,179.758
2968,0.0,0.0,179.758
2969,0.0,0.0,179.758
2970,0.0,0.0,179.758
2971,0.0,0.0,179.758
2972,0.0,0.0,179.758
2973,0.0,0.0,179.758
2974,0.0,0.0,179.758
2975,0.0,0.0,179.758
2976,0.0,0.0,179.758
2977,0.0,0.0,179.758
2978,0.0,0.0,179.758
2979,0.0,0.0,179.758
2980,0.0,0.0,179.758
2981,0.0,0.0,179.758
2982,0.0,0.0,179.758
2983,16.6,1.038,179.758
2984,0.0,0.0,179.758
2985,0.0,0.0,179.758
2986,0.0,0.0,179.758
2987,0.0,0.0,179.758
2988,0.0,0.0,179.758
2989,0.0,0.0,179.758
2990,0.0,0.0,179.758
2991,0.0,0.0,179.758
2992,0.0,0.0,179.758
2993,43.0,2.688,179.836
2994,77.6,4.85,179.844
2995,87.5,5.469,179.844
2996,86.0,5.375,179.844
2997,14.2,0.887,180.312
2998,0.0,0.0,180.312
2999,0.0,0.0,180.312
3000,0.0,0.0,180.312
3001,0.0,0.0,180.312
3002,0.0,0.0,180.312
3003,0.0,0.0,180.312
3004,0.0,0.0,180.312
3005,0.0,0.0,180.312
3006,0.0,0.0,180.312
3007,0.0,0.0,180.312
3008,0.0,0.0,180.312
3009,0.0,0.0,180.312
3010,0.0,0.0,180.312
3011,0.0,0.0,180.312
3012,0.0,0.0,180.312
3013,0.0,0.0,180.312
3014,0.0,0.0,180.312
3015,0.0,0.0,180.312
3016,0.0,0.0,180.312
3017,0.0,0.0,180.312
3018,0.0,0.0,180.312
3019,0.0,0.0,180.312
3020,0.0,0.0,180.312
3021,0.0,0.0,180.312
3022,0.0,0.0,180.312
3023,0.0,0.0,180.312
3024,0.0,0.0,180.312
3025,0.0,0.0,180.312
3026,0.0,0.0,180.312
3027,0.0,0.0,180.312
3028,0.0,0.0,180.312
3029,0.0,0.0,180.312
3030,0.0,0.0,180.312
3031,0.0,0.0,180.312
3032,0.0,0.0,180.312
3033,0.0,0.0,180.312
3034,0.0,0.0,180.312
3035,0.0,0.0,180.312
3036,0.0,0.0,180.312
3037,0.0,0.0,180.312
3038,0.0,0.0,180.312
3039,0.0,0.0,180.312
3040,0.0,0.0,180.312
3041,0.0,0.0,180.312
3042,0.0,0.0,180.312
3043,0.0,0.0,180.312
3044,0.0,0.0,180.312
3045,0.0,0.0,180.312
3046,0.0,0.0,180.312
3047,0.0,0.0,180.312
3048,0.0,0.0,180.312
3049,0.0,0.0,180.312
3050,0.0,0.0,180.312
3051,0.0,0.0,180.312
3052,0.0,0.0,180.312
3053,0.0,0.0,180.312
3054,0.0,0.0,180.312
3055,0.0,0.0,180.312
3056,0.0,0.0,180.312
3057,0.0,0.0,180.312
3058,0.0,0.0,180.312
3059,0.0,0.0,180.312
3060,0.0,0.0,180.312
3061,0.0,0.0,180.312
3062,0.0,0.0,180.312
3063,0.0,0.0,180.312
3064,0.0,0.0,180.312
3065,0.0,0.0,180.312
3066,0.0,0.0,180.312
3067,0.0,0.0,180.312
3068,14.3,0.894,180.312
3069,0.0,0.0,180.312
3070,28.7,1.794,180.543
3071,0.0,0.0,180.656
3072,0.0,0.0,180.656
3073,0.0,0.0,180.656
3074,0.0,0.0,180.656
3075,0.0,0.0,180.656
3076,0.0,0.0,180.656
3077,0.0,0.0,180.656
3078,0.0,0.0,180.656
3079,0.0,0.0,180.656
3080,0.0,0.0,180.656
3081,0.0,0.0,180.656
3082,0.0,0.0,180.656
3083,0.0,0.0,180.656
3084,0.0,0.0,180.656
3085,0.0,0.0,180.656
3086,0.0,0.0,180.656
3087,0.0,0.0,180.656
3088,0.0,0.0,180.656
3089,0.0,0.0,180.656
3090,0.0,0.0,180.656
3091,0.0,0.0,180.656
3092,0.0,0.0,180.656
3093,0.0,0.0,180.656
3094,0.0,0.0,180.656
3095,0.0,0.0,180.656
3096,0.0,0.0,180.656
3097,0.0,0.0,180.656
3098,0.0,0.0,180.656
3099,0.0,0.0,180.656
3100,0.0,0.0,180.656
3101,0.0,0.0,180.656
3102,0.0,0.0,180.656
3103,0.0,0.0,180.656
3104,0.0,0.0,180.656
3105,0.0,0.0,180.656
3106,0.0,0.0,180.656
3107,12.5,0.781,180.656
3108,0.0,0.0,180.656
3109,0.0,0.0,180.656
3110,0.0,0.0,180.656
3111,0.0,0.0,180.656
3112,0.0,0.0,180.656
3113,0.0,0.0,180.656
3114,0.0,0.0,180.656
3115,0.0,0.0,180.656
3116,0.0,0.0,180.656
3117,0.0,0.0,180.656
3118,0.0,0.0,180.656
3119,0.0,0.0,180.656
3120,0.0,0.0,180.656
3121,0.0,0.0,180.656
3122,0.0,0.0,180.656
3123,0.0,0.0,180.656
3124,0.0,0.0,180.656
3125,0.0,0.0,180.656
3126,0.0,0.0,180.656
3127,0.0,0.0,180.656
3128,0.0,0.0,180.656
3129,0.0,0.0,180.656
3130,0.0,0.0,180.656
3131,0.0,0.0,180.656
3132,0.0,0.0,180.656
3133,0.0,0.0,180.656
3134,0.0,0.0,180.656
3135,0.0,0.0,180.656
3136,0.0,0.0,180.656
3137,0.0,0.0,180.656
3138,0.0,0.0,180.656
3139,0.0,0.0,180.656
3140,0.0,0.0,180.656
3141,0.0,0.0,180.656
3142,37.5,2.344,180.672
3143,87.5,5.469,180.789
3144,100.0,6.25,180.789
3145,55.8,3.487,180.789
3146,87.5,5.469,180.789
3147,87.5,5.469,180.789
3148,56.8,3.55,180.789
3149,75.0,4.688,180.789
3150,87.5,5.469,180.789
3151,100.0,6.25,180.789
3152,86.0,5.375,180.789
3153,28.7,1.794,180.906
3154,0.0,0.0,180.906
3155,0.0,0.0,180.906
3156,0.0,0.0,180.906
3157,0.0,0.0,180.906
3158,0.0,0.0,180.906
3159,0.0,0.0,180.906
3160,0.0,0.0,180.906
3161,0.0,0.0,180.906
3162,0.0,0.0,180.906
3163,0.0,0.0,180.906
3164,0.0,0.0,180.906
3165,14.2,0.887,180.906
3166,0.0,0.0,180.906
3167,0.0,0.0,180.906
3168,0.0,0.0,180.906
3169,0.0,0.0,180.906
3170,0.0,0.0,180.906
3171,0.0,0.0,180.906
3172,0.0,0.0,180.906
3173,0.0,0.0,180.906
3174,14.3,0.894,180.906
3175,0.0,0.0,180.906
3176,0.0,0.0,180.906
3177,0.0,0.0,180.906
3178,0.0,0.0,180.906
3179,0.0,0.0,180.906
3180,0.0,0.0,180.906
3181,0.0,0.0,180.906
3182,0.0,0.0,180.906
3183,0.0,0.0,180.906
3184,0.0,0.0,180.906
3185,0.0,0.0,180.906
3186,0.0,0.0,180.906
3187,0.0,0.0,180.906
3188,0.0,0.0,180.906
3189,0.0,0.0,180.906
3190,0.0,0.0,180.906
3191,0.0,0.0,180.906
3192,0.0,0.0,180.906
3193,0.0,0.0,180.906
3194,0.0,0.0,180.906
3195,0.0,0.0,180.906
3196,0.0,0.0,180.906
3197,0.0,0.0,180.906
3198,0.0,0.0,180.906
3199,0.0,0.0,180.906
3200,0.0,0.0,180.906
3201,0.0,0.0,180.906
3202,0.0,0.0,180.906
3203,0.0,0.0,180.906
3204,0.0,0.0,180.906
3205,0.0,0.0,180.906
3206,0.0,0.0,180.906
3207,0.0,0.0,180.906
3208,0.0,0.0,180.906
3209,0.0,0.0,180.906
3210,0.0,0.0,180.906
3211,0.0,0.0,180.906
3212,0.0,0.0,180.906
3213,0.0,0.0,180.906
3214,0.0,0.0,180.906
3215,0.0,0.0,180.906
3216,0.0,0.0,180.906
3217,0.0,0.0,180.906
3218,0.0,0.0,180.906
3219,0.0,0.0,180.906
3220,0.0,0.0,180.906
3221,0.0,0.0,180.906
3222,0.0,0.0,180.906
3223,0.0,0.0,180.906
3224,14.3,0.894,180.906
3225,7.1,0.444,179.031
3226,14.2,0.887,179.223
3227,0.0,0.0,179.223
3228,0.0,0.0,179.223
3229,0.0,0.0,179.223
3230,0.0,0.0,179.223
3231,0.0,0.0,179.223
3232,0.0,0.0,179.223
3233,0.0,0.0,179.223
3234,0.0,0.0,179.223
3235,0.0,0.0,179.223
3236,0.0,0.0,179.223
3237,0.0,0.0,179.223
3238,0.0,0.0,179.223
3239,0.0,0.0,179.223
3240,0.0,0.0,179.223
3241,0.0,0.0,179.223
3242,0.0,0.0,179.223
3243,0.0,0.0,179.223
3244,0.0,0.0,179.223
3245,0.0,0.0,179.223
3246,0.0,0.0,179.223
3247,0.0,0.0,179.223
3248,0.0,0.0,179.223
3249,0.0,0.0,179.246
3250,0.0,0.0,179.27
3251,0.0,0.0,179.27
3252,0.0,0.0,179.27
3253,0.0,0.0,179.27
3254,0.0,0.0,179.27
3255,0.0,0.0,179.27
3256,0.0,0.0,179.27
3257,0.0,0.0,179.27
3258,0.0,0.0,179.27
3259,0.0,0.0,179.27
3260,0.0,0.0,179.27
3261,0.0,0.0,179.27
3262,0.0,0.0,179.27
3263,0.0,0.0,179.27
3264,0.0,0.0,179.27
3265,0.0,0.0,179.27
3266,0.0,0.0,179.27
3267,0.0,0.0,179.27
3268,0.0,0.0,179.27
3269,0.0,0.0,179.27
3270,0.0,0.0,179.27
3271,0.0,0.0,179.27
3272,0.0,0.0,179.27
3273,0.0,0.0,179.27
3274,0.0,0.0,179.27
3275,0.0,0.0,179.27
3276,0.0,0.0,179.27
3277,0.0,0.0,179.27
3278,0.0,0.0,179.27
3279,14.2,0.887,179.27
3280,14.3,0.894,179.27
3281,0.0,0.0,179.27
3282,0.0,0.0,179.27
3283,0.0,0.0,179.27
3284,0.0,0.0,179.27
3285,0.0,0.0,179.27
3286,0.0,0.0,179.27
3287,0.0,0.0,179.27
3288,0.0,0.0,179.27
3289,0.0,0.0,179.27
3290,0.0,0.0,179.27
3291,0.0,0.0,179.27
3292,0.0,0.0,179.27
3293,0.0,0.0,179.27
3294,0.0,0.0,179.27
3295,0.0,0.0,179.27
3296,0.0,0.0,179.27
3297,0.0,0.0,179.27
3298,0.0,0.0,179.27
3299,50.0,3.125,179.27
3300,43.0,2.688,179.395
3301,25.0,1.562,179.395
3302,62.5,3.906,179.605
3303,50.0,3.125,179.605
3304,50.0,3.125,179.605
3305,50.0,3.125,179.699
3306,0.0,0.0,179.699
3307,0.0,0.0,179.699
3308,0.0,0.0,179.699
3309,14.3,0.894,180.0
3310,0.0,0.0,180.0
3311,0.0,0.0,180.0
3312,0.0,0.0,180.0
3313,0.0,0.0,180.0
3314,0.0,0.0,180.0
3315,0.0,0.0,180.0
3316,0.0,0.0,180.0
3317,0.0,0.0,180.0
3318,0.0,0.0,180.0
3319,0.0,0.0,180.0
3320,0.0,0.0,180.0
3321,0.0,0.0,180.0
3322,0.0,0.0,180.0
3323,0.0,0.0,180.0
3324,0.0,0.0,180.0
3325,0.0,0.0,180.0
3326,0.0,0.0,180.0
3327,0.0,0.0,180.0
3328,0.0,0.0,180.0
3329,0.0,0.0,180.0
3330,0.0,0.0,180.0
3331,0.0,0.0,180.0
3332,0.0,0.0,180.0
3333,0.0,0.0,180.0
3334,0.0,0.0,180.0
3335,0.0,0.0,180.0
3336,0.0,0.0,180.0
3337,0.0,0.0,180.0
3338,0.0,0.0,180.0
3339,0.0,0.0,180.0
3340,0.0,0.0,180.0
3341,0.0,0.0,180.0
3342,0.0,0.0,180.0
3343,0.0,0.0,180.0
3344,14.2,0.887,180.0
3345,0.0,0.0,180.0
3346,0.0,0.0,180.0
3347,0.0,0.0,180.0
3348,0.0,0.0,180.0
3349,0.0,0.0,180.0
3350,0.0,0.0,180.0
3351,0.0,0.0,180.0
3352,0.0,0.0,180.0
3353,0.0,0.0,180.0
3354,0.0,0.0,180.0
3355,0.0,0.0,180.0
3356,0.0,0.0,180.0
3357,0.0,0.0,180.0
3358,0.0,0.0,180.0
3359,0.0,0.0,180.0
3360,0.0,0.0,180.0
3361,0.0,0.0,180.0
3362,0.0,0.0,180.0
3363,0.0,0.0,180.0
3364,0.0,0.0,180.0
3365,0.0,0.0,180.0
3366,0.0,0.0,180.0
3367,0.0,0.0,180.0
3368,0.0,0.0,180.0
3369,0.0,0.0,180.0
3370,0.0,0.0,180.0
3371,0.0,0.0,180.0
3372,0.0,0.0,180.0
3373,0.0,0.0,180.0
3374,0.0,0.0,180.0
3375,0.0,0.0,180.0
3376,0.0,0.0,180.0
3377,0.0,0.0,180.0
3378,0.0,0.0,180.0
3379,0.0,0.0,180.0
3380,0.0,0.0,180.0
3381,0.0,0.0,180.0
3382,0.0,0.0,180.0
3383,28.7,1.794,180.312
3384,0.0,0.0,180.312
3385,0.0,0.0,180.312
3386,0.0,0.0,180.312
3387,0.0,0.0,180.312
3388,0.0,0.0,180.312
3389,0.0,0.0,180.312
3390,0.0,0.0,180.312
3391,0.0,0.0,180.312
3392,0.0,0.0,180.312
3393,0.0,0.0,180.312
3394,0.0,0.0,180.312
3395,0.0,0.0,180.312
3396,0.0,0.0,180.312
3397,0.0,0.0,180.312
3398,0.0,0.0,180.312
3399,0.0,0.0,180.312
3400,0.0,0.0,180.312
3401,0.0,0.0,180.312
3402,0.0,0.0,180.312
3403,0.0,0.0,180.312
3404,0.0,0.0,180.312
3405,0.0,0.0,180.312
3406,0.0,0.0,180.312
3407,0.0,0.0,180.312
3408,0.0,0.0,180.312
3409,0.0,0.0,180.312
3410,0.0,0.0,180.312
3411,0.0,0.0,180.312
3412,0.0,0.0,180.312
3413,0.0,0.0,180.312
3414,0.0,0.0,180.312
3415,0.0,0.0,180.312
3416,0.0,0.0,180.312
3417,0.0,0.0,180.312
3418,0.0,0.0,180.312
3419,0.0,0.0,180.312
3420,0.0,0.0,180.312
3421,0.0,0.0,180.312
3422,0.0,0.0,180.312
3423,0.0,0.0,180.312
3424,0.0,0.0,180.312
3425,0.0,0.0,180.312
3426,0.0,0.0,180.312
3427,0.0,0.0,180.312
3428,0.0,0.0,180.312
3429,0.0,0.0,180.312
3430,0.0,0.0,180.312
3431,0.0,0.0,180.312
3432,0.0,0.0,180.312
3433,0.0,0.0,180.312
3434,0.0,0.0,180.312
3435,0.0,0.0,180.312
3436,0.0,0.0,180.312
3437,0.0,0.0,180.312
3438,0.0,0.0,180.312
3439,0.0,0.0,180.312
3440,0.0,0.0,180.312
3441,0.0,0.0,180.312
3442,14.3,0.894,180.312
3443,0.0,0.0,180.312
3444,0.0,0.0,180.312
3445,0.0,0.0,180.312
3446,0.0,0.0,180.312
3447,14.3,0.894,180.312
3448,0.0,0.0,180.312
3449,0.0,0.0,180.312
3450,0.0,0.0,180.312
3451,0.0,0.0,180.312
3452,0.0,0.0,180.312
3453,0.0,0.0,180.312
3454,0.0,0.0,180.312
3455,0.0,0.0,180.312
3456,37.5,2.344,180.324
3457,87.5,5.469,180.418
3458,75.0,4.688,180.418
3459,100.0,6.25,180.418
3460,100.0,6.25,180.555
3461,87.5,5.469,180.555
3462,75.0,4.688,180.555
3463,25.0,1.562,180.555
3464,12.5,0.781,180.52
3465,20.0,1.25,180.52
3466,33.2,2.075,180.52
3467,37.5,2.344,180.52
3468,22.3,1.394,180.52
3469,71.0,4.438,180.52
3470,0.0,0.0,180.52
3471,0.0,0.0,180.52
3472,12.5,0.781,180.867
3473,0.0,0.0,180.867
3474,0.0,0.0,180.867
3475,0.0,0.0,180.867
3476,0.0,0.0,180.867
3477,0.0,0.0,180.867
3478,0.0,0.0,180.867
3479,0.0,0.0,180.867
3480,0.0,0.0,180.867
3481,14.3,0.894,180.867
3482,0.0,0.0,180.867
3483,0.0,0.0,180.867
3484,0.0,0.0,180.867
3485,0.0,0.0,180.867
3486,0.0,0.0,180.867
3487,0.0,0.0,180.867
3488,0.0,0.0,180.867
3489,0.0,0.0,180.867
3490,0.0,0.0,180.867
3491,0.0,0.0,180.867
3492,0.0,0.0,180.867
3493,0.0,0.0,180.867
3494,0.0,0.0,180.867
3495,0.0,0.0,180.867
3496,0.0,0.0,180.867
3497,0.0,0.0,180.867
3498,0.0,0.0,180.867
3499,0.0,0.0,180.867
3500,0.0,0.0,180.867
3501,0.0,0.0,180.867
3502,0.0,0.0,180.867
3503,0.0,0.0,180.867
3504,0.0,0.0,180.867
3505,0.0,0.0,180.867
3506,0.0,0.0,180.867
3507,0.0,0.0,180.867
3508,0.0,0.0,180.867
3509,0.0,0.0,180.867
3510,0.0,0.0,180.867
3511,0.0,0.0,180.867
3512,0.0,0.0,180.867
3513,0.0,0.0,180.867
3514,0.0,0.0,180.867
3515,0.0,0.0,180.867
3516,0.0,0.0,180.867
3517,0.0,0.0,180.867
3518,0.0,0.0,180.867
3519,0.0,0.0,180.867
3520,0.0,0.0,180.867
3521,0.0,0.0,180.867
3522,0.0,0.0,180.867
3523,0.0,0.0,180.867
3524,0.0,0.0,180.867
3525,0.0,0.0,180.867
3526,0.0,0.0,180.867
3527,0.0,0.0,180.867
3528,0.0,0.0,180.867
3529,0.0,0.0,180.867
3530,0.0,0.0,180.867
3531,0.0,0.0,180.867
3532,0.0,0.0,180.867
3533,0.0,0.0,180.867
3534,0.0,0.0,180.867
3535,14.3,0.894,180.867
3536,0.0,0.0,180.867
3537,0.0,0.0,180.867
3538,0.0,0.0,180.867
3539,0.0,0.0,180.867
3540,0.0,0.0,180.867
3541,0.0,0.0,180.867
3542,0.0,0.0,180.867
3543,0.0,0.0,180.867
3544,0.0,0.0,180.867
3545,0.0,0.0,180.867
3546,28.4,1.775,180.875
3547,28.7,1.794,180.93
3548,0.0,0.0,180.93
3549,0.0,0.0,180.93
3550,0.0,0.0,180.93
3551,0.0,0.0,180.93
3552,0.0,0.0,180.93
3553,0.0,0.0,180.93
3554,0.0,0.0,180.93
3555,0.0,0.0,180.93
3556,0.0,0.0,180.93
3557,0.0,0.0,180.93
3558,0.0,0.0,180.93
3559,0.0,0.0,180.93
3560,0.0,0.0,180.93
3561,0.0,0.0,180.93
3562,0.0,0.0,180.93
3563,0.0,0.0,180.93
3564,0.0,0.0,180.93
3565,0.0,0.0,180.93
3566,0.0,0.0,180.93
3567,0.0,0.0,180.93
3568,0.0,0.0,180.93
3569,0.0,0.0,180.93
3570,0.0,0.0,180.93
3571,0.0,0.0,180.93
3572,0.0,0.0,180.93
3573,0.0,0.0,180.93
3574,0.0,0.0,180.93
3575,0.0,0.0,180.93
3576,0.0,0.0,180.93
3577,0.0,0.0,180.93
3578,0.0,0.0,180.93
3579,0.0,0.0,180.93
3580,0.0,0.0,180.93
3581,0.0,0.0,180.93
3582,0.0,0.0,180.93
3583,0.0,0.0,180.93
3584,0.0,0.0,180.93
3585,0.0,0.0,180.93
3586,0.0,0.0,180.93
3587,0.0,0.0,180.93
3588,0.0,0.0,180.93
3589,0.0,0.0,180.93
3590,0.0,0.0,180.93
3591,0.0,0.0,180.93
3592,0.0,0.0,180.93
3593,0.0,0.0,180.93
3594,0.0,0.0,180.93
3595,0.0,0.0,180.93
3596,0.0,0.0,180.93
3597,0.0,0.0,180.93
3598,0.0,0.0,180.93
3599,0.0,0.0,180.93
3600,0.0,0.0,180.93
3601,0.0,0.0,180.93
3602,0.0,0.0,180.93
3603,0.0,0.0,180.93
3604,0.0,0.0,180.93
3605,0.0,0.0,180.93
3606,0.0,0.0,180.93
3607,0.0,0.0,180.93
3608,0.0,0.0,180.93
3609,0.0,0.0,180.93
3610,0.0,0.0,180.93
3611,0.0,0.0,180.93
3612,0.0,0.0,180.93
3613,0.0,0.0,180.93
3614,0.0,0.0,180.93
3615,0.0,0.0,180.93
3616,0.0,0.0,180.93
3617,0.0,0.0,180.93
3618,0.0,0.0,180.93
3619,16.6,1.038,180.93
3620,62.5,3.906,178.102
3621,87.5,5.469,178.566
3622,50.0,3.125,178.566
3623,87.5,5.469,178.699
3624,87.5,5.469,178.699
3625,75.0,4.688,178.699
3626,50.4,3.15,178.699
3627,14.2,0.887,178.957
3628,28.7,1.794,179.336
3629,50.0,3.125,179.449
3630,114.7,7.169,179.449
3631,88.7,5.544,179.551
3632,100.0,6.25,179.551
3633,50.0,3.125,179.551
3634,87.5,5.469,179.551
3635,28.7,1.794,179.555
3636,0.0,0.0,179.887
3637,14.3,0.894,180.219
3638,0.0,0.0,180.219
3639,0.0,0.0,180.219
3640,0.0,0.0,180.219
3641,0.0,0.0,180.219
3642,0.0,0.0,180.219
3643,0.0,0.0,180.219
3644,0.0,0.0,180.219
3645,0.0,0.0,180.219
3646,0.0,0.0,180.219
3647,0.0,0.0,180.219
3648,0.0,0.0,180.219
3649,0.0,0.0,180.219
3650,0.0,0.0,180.219
3651,0.0,0.0,180.219
3652,0.0,0.0,180.219
3653,0.0,0.0,180.219
3654,0.0,0.0,180.219
3655,0.0,0.0,180.219
3656,0.0,0.0,180.219
3657,62.5,3.906,180.238
3658,78.1,4.881,180.238
3659,87.5,5.469,180.238
3660,100.0,6.25,180.246
3661,100.0,6.25,180.246
3662,62.5,3.906,180.246
3663,37.5,2.344,180.246
3664,56.8,3.55,180.246
3665,14.3,0.894,180.316
3666,0.0,0.0,180.316
3667,0.0,0.0,180.316
3668,0.0,0.0,180.316
3669,0.0,0.0,180.316
3670,0.0,0.0,180.316
3671,0.0,0.0,180.316
3672,0.0,0.0,180.316
3673,0.0,0.0,180.316
3674,0.0,0.0,180.316
3675,0.0,0.0,180.316
3676,0.0,0.0,180.316
3677,0.0,0.0,180.316
3678,0.0,0.0,180.316
3679,0.0,0.0,180.316
3680,0.0,0.0,180.316
3681,0.0,0.0,180.316
3682,0.0,0.0,180.316
3683,0.0,0.0,180.316
3684,0.0,0.0,180.316
3685,0.0,0.0,180.316
3686,0.0,0.0,180.316
3687,0.0,0.0,180.316
3688,0.0,0.0,180.316
3689,0.0,0.0,180.316
3690,0.0,0.0,180.316
3691,0.0,0.0,180.316
3692,0.0,0.0,180.316
3693,0.0,0.0,180.316
3694,0.0,0.0,180.316
3695,0.0,0.0,180.316
3696,0.0,0.0,180.316
3697,0.0,0.0,180.316
3698,0.0,0.0,180.316
3699,14.3,0.894,180.316
3700,0.0,0.0,180.316
3701,0.0,0.0,180.316
3702,0.0,0.0,180.316
3703,16.6,1.038,180.316
3704,0.0,0.0,180.316
3705,0.0,0.0,180.316
3706,0.0,0.0,180.316
3707,0.0,0.0,180.316
3708,0.0,0.0,180.316
3709,0.0,0.0,180.316
3710,0.0,0.0,180.316
3711,0.0,0.0,180.316
3712,0.0,0.0,180.316
3713,0.0,0.0,180.316
3714,0.0,0.0,180.316
3715,0.0,0.0,180.316
3716,0.0,0.0,180.316
3717,0.0,0.0,180.316
3718,0.0,0.0,180.316
3719,0.0,0.0,180.316
3720,0.0,0.0,180.316
3721,0.0,0.0,180.316
3722,0.0,0.0,180.316
3723,0.0,0.0,180.316
3724,0.0,0.0,180.316
3725,0.0,0.0,180.316
3726,0.0,0.0,180.316
3727,0.0,0.0,180.316
3728,0.0,0.0,180.316
3729,0.0,0.0,180.316
3730,0.0,0.0,180.316
3731,0.0,0.0,180.316
3732,28.7,1.794,178.266
3733,0.0,0.0,178.266
3734,0.0,0.0,178.266
3735,0.0,0.0,178.266
3736,0.0,0.0,178.266
3737,0.0,0.0,178.266
3738,0.0,0.0,178.266
3739,0.0,0.0,178.266
3740,0.0,0.0,178.266
3741,0.0,0.0,178.266
3742,0.0,0.0,178.266
3743,0.0,0.0,178.266
3744,0.0,0.0,178.266
3745,0.0,0.0,178.266
3746,0.0,0.0,178.266
3747,0.0,0.0,178.266
3748,0.0,0.0,178.266
3749,0.0,0.0,178.266
3750,0.0,0.0,178.266
3751,0.0,0.0,178.266
3752,0.0,0.0,178.266
3753,0.0,0.0,178.266
3754,0.0,0.0,178.266
3755,0.0,0.0,178.266
3756,0.0,0.0,178.266
3757,0.0,0.0,178.266
3758,0.0,0.0,178.266
3759,0.0,0.0,178.266
3760,14.2,0.887,178.266
3761,0.0,0.0,178.266
3762,0.0,0.0,178.266
3763,0.0,0.0,178.266
3764,0.0,0.0,178.266
3765,0.0,0.0,178.266
3766,0.0,0.0,178.266
3767,0.0,0.0,178.266
3768,0.0,0.0,178.266
3769,0.0,0.0,178.266
3770,0.0,0.0,178.266
3771,0.0,0.0,178.266
3772,0.0,0.0,178.266
3773,0.0,0.0,178.266
3774,0.0,0.0,178.266
3775,0.0,0.0,178.266
3776,0.0,0.0,178.266
3777,0.0,0.0,178.266
3778,0.0,0.0,178.266
3779,0.0,0.0,178.266
3780,0.0,0.0,178.266
3781,0.0,0.0,178.266
3782,0.0,0.0,178.266
3783,0.0,0.0,178.266
3784,0.0,0.0,178.266
3785,0.0,0.0,178.266
3786,0.0,0.0,178.266
3787,0.0,0.0,178.266
3788,0.0,0.0,178.266
3789,0.0,0.0,178.266
3790,0.0,0.0,178.266
3791,0.0,0.0,178.266
3792,0.0,0.0,178.266
3793,0.0,0.0,178.266
3794,0.0,0.0,178.266
3795,0.0,0.0,178.266
3796,0.0,0.0,178.266
3797,0.0,0.0,178.266
3798,37.5,2.344,178.328
3799,44.6,2.788,178.328
3800,50.0,3.125,178.828
3801,87.5,5.469,178.934
3802,50.0,3.125,178.934
3803,50.0,3.125,178.934
3804,87.5,5.469,178.934
3805,56.8,3.55,178.949
3806,25.0,1.562,179.152
3807,0.0,0.0,179.152
3808,0.0,0.0,179.152
3809,0.0,0.0,179.184
3810,0.0,0.0,179.184
3811,28.7,1.794,179.211
3812,57.3,3.581,179.242
3813,0.0,0.0,179.242
3814,0.0,0.0,179.242
3815,0.0,0.0,179.242
3816,0.0,0.0,179.246
3817,0.0,0.0,179.246
3818,50.0,3.125,179.363
3819,75.0,4.688,179.363
3820,50.0,3.125,179.863
3821,50.0,3.125,179.863
3822,87.5,5.469,179.938
3823,50.0,3.125,179.938
3824,55.4,3.462,179.938
3825,62.5,3.906,179.938
3826,50.0,3.125,179.938
3827,12.5,0.781,179.938
3828,14.3,0.894,179.938
3829,14.3,0.894,179.938
3830,0.0,0.0,179.938
3831,0.0,0.0,179.938
3832,0.0,0.0,179.938
3833,43.0,2.688,180.203
3834,0.0,0.0,180.203
3835,37.5,2.344,180.262
3836,50.0,3.125,180.262
3837,100.0,6.25,180.262
3838,50.0,3.125,180.262
3839,55.8,3.487,180.262
3840,50.0,3.125,180.262
3841,25.0,1.562,180.262
3842,44.3,2.769,180.262
3843,75.0,4.688,180.262
3844,62.5,3.906,180.262
3845,87.5,5.469,180.262
3846,87.5,5.469,180.262
3847,87.5,5.469,180.262
3848,88.7,5.544,180.262
3849,28.7,1.794,180.262
3850,28.7,1.794,180.262
3851,0.0,0.0,180.262
3852,0.0,0.0,180.262
3853,0.0,0.0,180.262
3854,43.0,2.688,180.262
3855,0.0,0.0,180.266
3856,0.0,0.0,180.266
3857,0.0,0.0,180.266
3858,12.5,0.781,180.27
3859,62.5,3.906,180.27
3860,100.0,6.25,180.27
3861,100.0,6.25,180.27
3862,87.5,5.469,180.27
3863,55.8,3.487,180.27
3864,28.4,1.775,180.281
3865,14.3,0.894,180.281
3866,28.7,1.794,180.281
3867,37.5,2.344,180.281
3868,100.0,6.25,180.281
3869,100.0,6.25,180.281
3870,100.0,6.25,180.281
3871,56.8,3.55,180.281
3872,28.7,1.794,180.281
3873,0.0,0.0,180.281
3874,0.0,0.0,180.281
3875,28.7,1.794,180.281
3876,0.0,0.0,180.281
3877,14.2,0.887,180.281
3878,0.0,0.0,180.281
3879,0.0,0.0,180.281
3880,0.0,0.0,180.281
3881,0.0,0.0,180.281
3882,0.0,0.0,180.281
3883,0.0,0.0,180.281
3884,14.3,0.894,180.352
3885,0.0,0.0,180.352
3886,0.0,0.0,180.352
3887,25.0,1.562,180.352
3888,0.0,0.0,180.352
3889,0.0,0.0,180.371
3890,0.0,0.0,180.371
3891,14.2,0.887,180.371
3892,0.0,0.0,180.379
3893,0.0,0.0,180.379
3894,0.0,0.0,180.379
3895,12.5,0.781,180.711
3896,62.5,3.906,180.75
3897,50.1,3.131,180.762
3898,25.0,1.562,180.777
3899,0.0,0.0,179.852
3900,0.0,0.0,179.852
3901,0.0,0.0,179.852
3902,14.3,0.894,179.852
3903,0.0,0.0,179.852
3904,14.3,0.894,179.852
3905,28.4,1.775,179.852
3906,0.0,0.0,179.852
3907,0.0,0.0,179.852
3908,14.2,0.887,179.852
3909,0.0,0.0,179.852
3910,0.0,0.0,179.863
3911,0.0,0.0,179.863
3912,0.0,0.0,179.863
3913,0.0,0.0,179.863
3914,0.0,0.0,179.863
3915,7.1,0.444,180.582
3916,62.5,3.906,180.582
3917,89.3,5.581,180.797
3918,62.5,3.906,180.797
3919,50.0,3.125,180.797
3920,55.4,3.462,180.797
3921,86.0,5.375,180.797
3922,22.2,1.387,180.824
3923,33.5,2.094,180.824
3924,62.5,3.906,180.824
3925,75.0,4.688,180.824
3926,25.0,1.562,180.824
3927,50.0,3.125,180.824
3928,37.5,2.344,180.824
3929,50.0,3.125,180.824
3930,85.2,5.325,180.824
3931,0.0,0.0,180.824
3932,0.0,0.0,180.824
3933,0.0,0.0,180.824
3934,0.0,0.0,180.824
3935,25.0,1.562,180.824
3936,50.0,3.125,180.824
3937,55.8,3.487,180.824
3938,56.8,3.55,180.824
3939,33.5,2.094,180.824
3940,37.5,2.344,180.824
3941,62.5,3.906,180.828
3942,75.0,4.688,180.828
3943,37.5,2.344,180.828
3944,56.8,3.55,180.828
3945,0.0,0.0,180.828
3946,14.3,0.894,180.828
3947,0.0,0.0,180.828
3948,0.0,0.0,180.828
3949,0.0,0.0,180.828
3950,0.0,0.0,180.828
3951,0.0,0.0,180.828
3952,0.0,0.0,180.828
3953,0.0,0.0,180.832
3954,62.5,3.906,181.094
3955,43.0,2.688,181.117
3956,14.3,0.894,181.117
3957,0.0,0.0,181.117
3958,0.0,0.0,181.117
3959,0.0,0.0,181.117
3960,0.0,0.0,181.117
3961,0.0,0.0,181.117
3962,14.3,0.894,181.117
3963,0.0,0.0,181.117
3964,0.0,0.0,181.117
3965,0.0,0.0,181.117
3966,14.2,0.887,181.117
3967,0.0,0.0,181.117
3968,88.7,5.544,181.359
3969,62.5,3.906,181.359
3970,100.0,6.25,181.359
3971,87.5,5.469,181.359
3972,44.6,2.788,181.359
3973,62.5,3.906,181.359
3974,75.0,4.688,181.359
3975,55.4,3.462,181.359
3976,37.5,2.344,181.359
3977,62.5,3.906,181.359
3978,50.0,3.125,181.359
3979,50.0,3.125,181.359
3980,62.5,3.906,181.359
3981,12.5,0.781,181.359
3982,43.0,2.688,181.359
3983,14.2,0.887,181.359
3984,0.0,0.0,181.359
3985,0.0,0.0,181.359
3986,28.4,1.775,181.359
3987,14.3,0.894,181.359
3988,0.0,0.0,181.359
3989,0.0,0.0,181.359
3990,0.0,0.0,181.359
3991,0.0,0.0,181.359
3992,0.0,0.0,181.359
3993,0.0,0.0,181.359
3994,0.0,0.0,181.359
3995,0.0,0.0,181.359
3996,0.0,0.0,181.359
3997,0.0,0.0,181.359
3998,44.3,2.769,181.359
3999,62.5,3.906,181.359
4000,25.0,1.562,181.359
4001,25.0,1.562,181.359
4002,12.5,0.781,181.359
4003,0.0,0.0,181.359
4004,42.6,2.663,181.367
4005,0.0,0.0,181.367
4006,0.0,0.0,181.367
4007,0.0,0.0,181.367
4008,0.0,0.0,181.367
4009,0.0,0.0,181.367
4010,0.0,0.0,181.367
4011,0.0,0.0,181.367
4012,0.0,0.0,181.367
4013,0.0,0.0,181.367
4014,0.0,0.0,181.367
4015,0.0,0.0,181.367
4016,0.0,0.0,181.367
4017,0.0,0.0,181.367
4018,0.0,0.0,181.367
4019,0.0,0.0,181.371
4020,0.0,0.0,181.371
4021,0.0,0.0,181.371
4022,0.0,0.0,181.371
4023,12.5,0.781,181.375
4024,37.5,2.344,181.375
4025,78.1,4.881,181.375
4026,37.5,2.344,181.375
4027,66.5,4.156,181.375
4028,14.3,0.894,181.375
4029,14.2,0.887,181.375
4030,0.0,0.0,181.375
4031,0.0,0.0,181.375
4032,0.0,0.0,181.375
4033,0.0,0.0,181.375
4034,0.0,0.0,181.375
4035,0.0,0.0,181.375
4036,0.0,0.0,181.375
4037,0.0,0.0,181.375
4038,0.0,0.0,181.375
4039,0.0,0.0,181.375
4040,0.0,0.0,181.375
4041,14.3,0.894,181.375
4042,0.0,0.0,181.375
4043,0.0,0.0,181.375
4044,0.0,0.0,181.383
4045,0.0,0.0,181.383
4046,0.0,0.0,181.383
4047,0.0,0.0,181.383
4048,0.0,0.0,181.383
4049,12.5,0.781,181.383
4050,75.0,4.688,181.383
4051,33.4,2.087,181.383
4052,50.0,3.125,178.176
4053,66.5,4.156,178.375
4054,75.0,4.688,178.375
4055,66.5,4.156,178.5
4056,62.5,3.906,178.5
4057,25.0,1.562,178.5
4058,22.3,1.394,178.5
4059,62.5,3.906,178.5
4060,12.5,0.781,178.5
4061,44.3,2.769,178.5
4062,62.5,3.906,178.5
4063,43.0,2.688,178.5
4064,28.4,1.775,178.691
4065,14.3,0.894,178.699
4066,28.7,1.794,178.816
4067,14.2,0.887,178.828
4068,50.0,3.125,183.547
4069,100.0,6.25,183.66
4070,57.3,3.581,181.676
4071,14.2,0.887,181.676
4072,0.0,0.0,181.676
4073,28.7,1.794,181.699
4074,14.3,0.894,181.699
4075,14.2,0.887,181.707
4076,50.0,3.125,184.602
4077,50.0,3.125,185.156
4078,28.7,1.794,185.156
4079,66.5,4.156,179.629
4080,100.0,6.25,180.129
4081,100.0,6.25,180.129
4082,87.5,5.469,180.211
4083,22.3,1.394,180.211
4084,62.5,3.906,180.211
4085,50.0,3.125,180.211
4086,25.0,1.562,180.211
4087,37.5,2.344,180.211
4088,62.5,3.906,180.211
4089,87.5,5.469,180.211
4090,85.2,5.325,180.211
4091,0.0,0.0,180.211
4092,0.0,0.0,180.211
4093,0.0,0.0,180.211
4094,22.3,1.394,180.211
4095,100.0,6.25,180.211
4096,87.5,5.469,180.211
4097,100.0,6.25,180.211
4098,100.0,6.25,180.215
4099,100.0,6.25,180.215
4100,87.5,5.469,180.215
4101,55.4,3.462,180.215
4102,50.0,3.125,180.215
4103,37.5,2.344,180.215
4104,87.5,5.469,180.215
4105,0.0,0.0,180.215
4106,0.0,0.0,180.215
4107,0.0,0.0,180.215
4108,0.0,0.0,180.215
4109,43.0,2.688,180.422
4110,12.5,0.781,180.426
4111,0.0,0.0,180.426
4112,0.0,0.0,180.426
4113,0.0,0.0,180.426
4114,0.0,0.0,180.426
4115,0.0,0.0,180.426
4116,0.0,0.0,180.426
4117,0.0,0.0,180.426
4118,0.0,0.0,180.426
4119,0.0,0.0,180.426
4120,50.0,3.125,180.57
4121,71.0,4.438,180.605
4122,28.7,1.794,180.617
4123,0.0,0.0,180.617
4124,0.0,0.0,180.617
4125,0.0,0.0,180.617
4126,0.0,0.0,180.621
4127,0.0,0.0,180.621
4128,0.0,0.0,180.621
4129,0.0,0.0,180.621
4130,0.0,0.0,180.621
4131,0.0,0.0,180.621
4132,0.0,0.0,180.621
4133,0.0,0.0,180.621
4134,0.0,0.0,180.621
4135,0.0,0.0,180.625
4136,44.3,2.769,180.625
4137,62.5,3.906,180.66
4138,25.0,1.562,180.66
4139,62.5,3.906,180.66
4140,50.0,3.125,180.684
4141,75.0,4.688,180.684
4142,50.0,3.125,180.684
4143,72.7,4.544,180.684
4144,62.5,3.906,180.684
4145,50.0,3.125,180.684
4146,0.0,0.0,180.684
4147,0.0,0.0,180.684
4148,0.0,0.0,180.684
4149,42.6,2.663,180.684
4150,14.3,0.894,180.688
4151,0.0,0.0,180.688
4152,0.0,0.0,180.688
4153,0.0,0.0,180.688
4154,0.0,0.0,180.688
4155,0.0,0.0,180.688
4156,0.0,0.0,180.688
4157,0.0,0.0,180.688
4158,0.0,0.0,180.688
4159,0.0,0.0,180.688
4160,0.0,0.0,180.688
4161,28.7,1.794,180.688
4162,37.5,2.344,180.688
4163,50.0,3.125,180.688
4164,77.6,4.85,180.688
4165,86.0,5.375,180.688
4166,62.5,3.906,180.688
4167,66.5,4.156,180.688
4168,62.5,3.906,180.688
4169,12.5,0.781,180.688
4170,75.0,4.688,180.688
4171,75.0,4.688,180.688
4172,28.7,1.794,180.688
4173,14.3,0.894,180.691
4174,0.0,0.0,180.691
4175,0.0,0.0,180.691
4176,14.3,0.894,180.695
4177,14.2,0.887,180.738
4178,28.7,1.794,180.793
4179,14.2,0.887,180.793
4180,14.3,0.894,180.793
4181,14.3,0.894,180.977
4182,14.2,0.887,181.301
4183,22.3,1.394,186.535
4184,56.8,3.55,183.418
4185,14.3,0.894,183.473
4186,0.0,0.0,183.477
4187,0.0,0.0,183.477
4188,0.0,0.0,183.484
4189,12.5,0.781,183.613
4190,14.2,0.887,184.02
4191,0.0,0.0,184.027
4192,0.0,0.0,184.027
4193,14.3,0.894,184.113
4194,0.0,0.0,184.141
4195,11.2,0.7,189.379
4196,25.0,1.562,184.207
4197,12.5,0.781,184.207
4198,100.0,6.25,184.207
4199,100.0,6.25,184.211
4200,100.0,6.25,184.211
4201,28.4,1.775,184.211
4202,0.0,0.0,184.211
4203,0.0,0.0,184.211
4204,14.2,0.887,184.211
4205,0.0,0.0,184.211
4206,0.0,0.0,184.211
4207,0.0,0.0,184.211
4208,0.0,0.0,184.211
4209,0.0,0.0,184.211
4210,0.0,0.0,184.215
4211,33.6,2.1,184.215
4212,0.0,0.0,184.215
4213,0.0,0.0,184.215
4214,0.0,0.0,184.215
4215,0.0,0.0,184.215
4216,9.1,0.569,184.215
4217,44.3,2.769,184.215
4218,25.0,1.562,184.215
4219,37.5,2.344,184.215
4220,37.5,2.344,184.215
4221,75.0,4.688,184.215
4222,77.6,4.85,184.215
4223,75.0,4.688,184.215
4224,100.0,6.25,184.215
4225,14.3,0.894,184.215
4226,0.0,0.0,184.215
4227,0.0,0.0,184.215
4228,28.7,1.794,184.215
4229,14.2,0.887,184.215
4230,0.0,0.0,184.215
4231,0.0,0.0,184.215
4232,0.0,0.0,184.215
4233,0.0,0.0,184.215
4234,0.0,0.0,184.215
4235,0.0,0.0,184.215
4236,0.0,0.0,184.215
4237,0.0,0.0,184.215
4238,0.0,0.0,184.215
4239,0.0,0.0,184.215
4240,0.0,0.0,184.215
4241,0.0,0.0,184.215
4242,0.0,0.0,184.215
4243,0.0,0.0,184.211
4244,0.0,0.0,184.211
4245,0.0,0.0,184.211
4246,0.0,0.0,184.211
4247,0.0,0.0,184.211
4248,55.4,3.462,185.41
4249,71.7,4.481,185.496
4250,0.0,0.0,185.496
4251,14.3,0.894,185.496
4252,0.0,0.0,185.496
4253,0.0,0.0,185.496
4254,0.0,0.0,185.496
4255,0.0,0.0,185.496
4256,0.0,0.0,185.496
4257,0.0,0.0,185.496
4258,0.0,0.0,185.496
4259,0.0,0.0,185.496
4260,0.0,0.0,185.496
4261,0.0,0.0,185.496
4262,0.0,0.0,185.496
4263,0.0,0.0,185.496
4264,0.0,0.0,185.496
4265,0.0,0.0,185.496
4266,0.0,0.0,185.496
4267,0.0,0.0,185.496
4268,0.0,0.0,185.496
4269,0.0,0.0,185.496
4270,50.0,3.125,186.336
4271,100.0,6.25,186.363
4272,100.0,6.25,186.379
4273,87.5,5.469,186.379
4274,50.0,3.125,186.379
4275,37.5,2.344,186.379
4276,62.5,3.906,186.383
4277,87.5,5.469,186.383
4278,50.0,3.125,186.383
4279,28.4,1.775,186.383
4280,0.0,0.0,186.383
4281,0.0,0.0,186.383
4282,14.3,0.894,186.383
4283,0.0,0.0,186.383
4284,0.0,0.0,186.383
4285,0.0,0.0,186.383
4286,14.3,0.894,186.387
4287,33.2,2.075,188.641
4288,50.0,3.125,188.641
4289,28.7,1.794,186.402
4290,71.0,4.438,186.402
4291,0.0,0.0,186.402
4292,0.0,0.0,186.402
4293,37.5,2.344,189.039
4294,37.5,2.344,189.039
4295,40.1,2.506,186.805
4296,75.0,4.688,186.805
4297,62.5,3.906,186.805
4298,50.0,3.125,186.805
4299,62.5,3.906,186.805
4300,100.0,6.25,186.805
4301,87.5,5.469,186.805
4302,62.5,3.906,186.805
4303,0.0,0.0,186.805
4304,42.6,2.663,186.805
4305,0.0,0.0,186.805
4306,0.0,0.0,186.805
4307,0.0,0.0,186.805
4308,0.0,0.0,186.805
4309,0.0,0.0,186.805
4310,0.0,0.0,186.805
4311,0.0,0.0,186.805
4312,0.0,0.0,186.805
4313,50.0,3.125,186.895
4314,12.5,0.781,186.895
4315,14.2,0.887,186.895
4316,0.0,0.0,186.895
4317,0.0,0.0,186.895
4318,0.0,0.0,186.895
4319,0.0,0.0,186.895
4320,0.0,0.0,186.895
4321,0.0,0.0,186.895
4322,0.0,0.0,186.895
4323,0.0,0.0,186.895
4324,37.5,2.344,187.016
4325,37.5,2.344,187.016
4326,75.0,4.688,187.016
4327,62.5,3.906,187.016
4328,75.0,4.688,187.016
4329,62.5,3.906,187.016
4330,44.6,2.788,187.016
4331,50.0,3.125,187.016
4332,56.8,3.55,187.016
4333,0.0,0.0,187.016
4334,0.0,0.0,187.016
4335,0.0,0.0,187.016
4336,0.0,0.0,187.016
4337,0.0,0.0,187.016
4338,0.0,0.0,187.016
4339,0.0,0.0,187.016
4340,0.0,0.0,187.016
4341,0.0,0.0,187.016
4342,0.0,0.0,187.016
4343,0.0,0.0,187.016
4344,0.0,0.0,187.016
4345,0.0,0.0,187.016
4346,0.0,0.0,187.016
4347,0.0,0.0,187.016
4348,0.0,0.0,187.016
4349,0.0,0.0,187.016
4350,0.0,0.0,187.016
4351,0.0,0.0,187.016
4352,0.0,0.0,187.016
4353,0.0,0.0,187.016
4354,25.0,1.562,187.016
4355,0.0,0.0,187.016
4356,0.0,0.0,187.016
4357,0.0,0.0,187.016
4358,0.0,0.0,187.016
4359,0.0,0.0,187.016
4360,0.0,0.0,187.016
4361,0.0,0.0,187.016
4362,14.3,0.894,187.016
4363,14.2,0.887,187.016
4364,14.3,0.894,187.016
4365,62.5,3.906,187.016
4366,62.5,3.906,187.016
4367,62.5,3.906,187.016
4368,0.0,0.0,187.016
4369,0.0,0.0,187.016
4370,28.4,1.775,187.016
4371,0.0,0.0,187.016
4372,0.0,0.0,187.016
4373,0.0,0.0,187.016
4374,0.0,0.0,187.016
4375,14.2,0.887,187.016
4376,0.0,0.0,187.016
4377,0.0,0.0,187.016
4378,0.0,0.0,187.016
4379,37.5,2.344,187.02
4380,35.7,2.231,187.02
4381,75.0,4.688,179.41
4382,50.0,3.125,179.484
4383,50.4,3.15,179.5
4384,0.0,0.0,179.5
4385,0.0,0.0,179.5
4386,0.0,0.0,179.5
4387,0.0,0.0,179.5
4388,0.0,0.0,179.5
4389,0.0,0.0,179.5
4390,25.0,1.562,179.516
4391,78.1,4.881,179.539
4392,62.5,3.906,179.539
4393,87.5,5.469,180.039
4394,25.0,1.562,179.809
4395,62.5,3.906,179.809
4396,55.4,3.462,179.809
4397,37.5,2.344,179.809
4398,12.5,0.781,179.809
4399,87.5,5.469,179.809
4400,28.7,1.794,177.445
4401,0.0,0.0,177.445
4402,0.0,0.0,177.445
4403,0.0,0.0,177.445
4404,0.0,0.0,177.445
4405,0.0,0.0,177.445
4406,43.0,2.688,177.629
4407,0.0,0.0,177.656
4408,0.0,0.0,177.656
4409,0.0,0.0,177.656
4410,0.0,0.0,177.656
4411,0.0,0.0,177.66
4412,0.0,0.0,177.66
4413,14.2,0.887,177.66
4414,28.7,1.794,177.672
4415,0.0,0.0,177.672
4416,0.0,0.0,177.672
4417,0.0,0.0,177.672
4418,0.0,0.0,177.672
4419,0.0,0.0,177.672
4420,12.5,0.781,177.676
4421,14.3,0.894,177.676
4422,0.0,0.0,177.676
4423,75.0,4.688,177.836
4424,87.5,5.469,177.836
4425,50.0,3.125,178.332
4426,100.0,6.25,178.332
4427,100.0,6.25,178.523
4428,100.0,6.25,178.523
4429,44.3,2.769,178.523
4430,100.3,6.269,178.523
4431,100.0,6.25,178.523
4432,87.5,5.469,178.523
4433,39.8,2.487,178.523
4434,11.2,0.7,178.523
4435,28.4,1.775,178.523
4436,0.0,0.0,178.523
4437,0.0,0.0,178.523
4438,0.0,0.0,178.523
4439,0.0,0.0,178.523
4440,0.0,0.0,178.523
4441,14.3,0.894,178.523
4442,0.0,0.0,178.523
4443,0.0,0.0,178.523
4444,0.0,0.0,178.523
4445,0.0,0.0,178.527
4446,0.0,0.0,178.527
4447,0.0,0.0,178.547
4448,0.0,0.0,178.547
4449,0.0,0.0,178.547
4450,42.6,2.663,178.559
4451,0.0,0.0,178.559
4452,0.0,0.0,178.559
4453,0.0,0.0,178.559
4454,0.0,0.0,178.559
4455,0.0,0.0,178.57
4456,0.0,0.0,178.57
4457,0.0,0.0,178.57
4458,28.7,1.794,178.602
4459,44.3,2.769,178.602
4460,37.5,2.344,178.602
4461,37.5,2.344,178.602
4462,37.5,2.344,178.602
4463,50.0,3.125,178.602
4464,33.2,2.075,178.602
4465,57.3,3.581,178.602
4466,22.2,1.387,178.602
4467,25.0,1.562,178.602
4468,12.5,0.781,178.602
4469,50.0,3.125,178.602
4470,62.5,3.906,178.602
4471,28.7,1.794,178.602
4472,0.0,0.0,178.602
4473,0.0,0.0,178.602
4474,14.2,0.887,178.602
4475,0.0,0.0,178.602
4476,0.0,0.0,178.602
4477,28.7,1.794,178.734
4478,0.0,0.0,178.734
4479,50.0,3.125,178.746
4480,75.0,4.688,178.746
4481,62.5,3.906,178.746
4482,55.4,3.462,178.746
4483,87.5,5.469,178.867
4484,75.0,4.688,178.867
4485,100.0,6.25,178.867
4486,100.0,6.25,178.867
4487,75.0,4.688,178.867
4488,28.7,1.794,178.867
4489,0.0,0.0,178.867
4490,0.0,0.0,178.867
4491,0.0,0.0,178.867
4492,0.0,0.0,178.867
4493,14.2,0.887,178.867
4494,28.7,1.794,179.508
4495,0.0,0.0,179.508
4496,0.0,0.0,179.508
4497,0.0,0.0,179.508
4498,0.0,0.0,179.508
4499,0.0,0.0,179.508
4500,0.0,0.0,179.508
4501,0.0,0.0,179.508
4502,0.0,0.0,179.508
4503,0.0,0.0,179.508
4504,0.0,0.0,179.508
4505,0.0,0.0,179.508
4506,0.0,0.0,179.508
4507,0.0,0.0,179.508
4508,0.0,0.0,179.508
4509,0.0,0.0,179.508
4510,0.0,0.0,179.508
4511,0.0,0.0,179.508
4512,0.0,0.0,179.508
4513,0.0,0.0,179.508
4514,0.0,0.0,179.508
4515,0.0,0.0,179.508
4516,0.0,0.0,179.508
4517,0.0,0.0,179.508
4518,0.0,0.0,179.508
4519,0.0,0.0,179.508
4520,0.0,0.0,179.508
4521,0.0,0.0,179.508
4522,0.0,0.0,179.508
4523,0.0,0.0,179.508
4524,0.0,0.0,179.508
4525,0.0,0.0,179.508
4526,0.0,0.0,179.508
4527,0.0,0.0,179.508
4528,0.0,0.0,179.508
4529,0.0,0.0,179.508
4530,0.0,0.0,179.508
4531,0.0,0.0,179.508
4532,0.0,0.0,179.508
4533,0.0,0.0,179.508
4534,0.0,0.0,179.508
4535,0.0,0.0,179.508
4536,0.0,0.0,179.508
4537,0.0,0.0,179.508
4538,0.0,0.0,179.508
4539,0.0,0.0,179.508
4540,0.0,0.0,179.508
4541,0.0,0.0,179.508
4542,0.0,0.0,179.508
4543,0.0,0.0,179.508
4544,0.0,0.0,179.508
4545,14.3,0.894,179.508
4546,0.0,0.0,179.508
4547,0.0,0.0,179.508
4548,0.0,0.0,179.508
4549,0.0,0.0,179.508
4550,0.0,0.0,179.508
4551,0.0,0.0,179.508
4552,0.0,0.0,179.508
4553,0.0,0.0,179.508
4554,0.0,0.0,179.508
4555,0.0,0.0,179.508
4556,0.0,0.0,179.508
4557,0.0,0.0,179.508
4558,0.0,0.0,179.508
4559,0.0,0.0,179.508
4560,28.7,1.794,180.148
4561,0.0,0.0,180.148
4562,0.0,0.0,180.148
4563,0.0,0.0,180.148
4564,0.0,0.0,180.148
4565,0.0,0.0,180.148
4566,0.0,0.0,180.148
4567,0.0,0.0,180.148
4568,0.0,0.0,180.148
4569,0.0,0.0,180.148
4570,0.0,0.0,180.148
4571,0.0,0.0,180.148
4572,0.0,0.0,180.148
4573,0.0,0.0,180.148
4574,0.0,0.0,180.148
4575,0.0,0.0,180.148
4576,0.0,0.0,180.148
4577,0.0,0.0,180.148
4578,0.0,0.0,180.148
4579,0.0,0.0,180.148
4580,0.0,0.0,180.148
4581,0.0,0.0,180.148
4582,0.0,0.0,180.148
4583,0.0,0.0,180.148
4584,0.0,0.0,180.148
4585,0.0,0.0,180.148
4586,0.0,0.0,180.148
4587,0.0,0.0,180.148
4588,0.0,0.0,180.148
4589,0.0,0.0,180.148
4590,0.0,0.0,180.148
4591,0.0,0.0,180.148
4592,0.0,0.0,180.148
4593,0.0,0.0,180.148
4594,0.0,0.0,180.148
4595,0.0,0.0,180.148
4596,0.0,0.0,180.148
4597,0.0,0.0,180.148
4598,0.0,0.0,180.148
4599,0.0,0.0,180.148
4600,0.0,0.0,180.148
4601,0.0,0.0,180.148
4602,0.0,0.0,180.148
4603,0.0,0.0,180.148
4604,0.0,0.0,180.148
4605,0.0,0.0,180.148
4606,0.0,0.0,180.148
4607,0.0,0.0,180.148
4608,0.0,0.0,180.148
4609,0.0,0.0,180.148
4610,0.0,0.0,180.148
4611,0.0,0.0,180.148
4612,0.0,0.0,180.148
4613,0.0,0.0,180.148
4614,0.0,0.0,180.148
4615,0.0,0.0,180.148
4616,0.0,0.0,180.148
4617,0.0,0.0,180.148
4618,0.0,0.0,180.148
4619,0.0,0.0,180.148
4620,0.0,0.0,180.148
4621,0.0,0.0,180.148
4622,0.0,0.0,180.148
4623,0.0,0.0,180.148
4624,0.0,0.0,180.148
4625,0.0,0.0,180.148
4626,0.0,0.0,180.148
4627,0.0,0.0,180.148
4628,0.0,0.0,180.148
4629,0.0,0.0,180.148
4630,25.0,1.562,180.285
4631,24.9,1.556,180.285
4632,86.0,5.375,180.285
4633,100.0,6.25,180.359
4634,77.6,4.85,180.359
4635,100.0,6.25,180.359
4636,75.0,4.688,180.359
4637,100.0,6.25,180.359
4638,28.7,1.794,180.359
4639,14.2,0.887,178.469
4640,14.3,0.894,178.5
4641,0.0,0.0,178.5
4642,0.0,0.0,178.5
4643,0.0,0.0,178.5
4644,0.0,0.0,178.5
4645,14.2,0.887,178.73
4646,14.3,0.894,178.762
4647,14.2,0.887,178.773
4648,14.3,0.894,178.777
4649,0.0,0.0,178.812
4650,14.2,0.887,179.609
4651,62.5,3.906,185.445
4652,37.5,2.344,181.91
4653,57.3,3.581,181.938
4654,0.0,0.0,181.938
4655,0.0,0.0,181.938
4656,0.0,0.0,181.938
4657,28.4,1.775,182.137
4658,14.3,0.894,182.168
4659,14.3,0.894,182.168
4660,0.0,0.0,182.168
4661,0.0,0.0,182.266
4662,37.5,2.344,186.0
4663,100.0,6.25,182.742
4664,86.0,5.375,182.816
4665,14.2,0.887,182.816
4666,0.0,0.0,182.816
4667,0.0,0.0,182.816
4668,0.0,0.0,182.816
4669,14.3,0.894,182.816
4670,0.0,0.0,182.816
4671,0.0,0.0,182.816
4672,0.0,0.0,182.816
4673,75.0,4.688,182.816
4674,100.0,6.25,182.816
4675,0.0,0.0,182.816
4676,0.0,0.0,182.816
4677,0.0,0.0,182.816
4678,0.0,0.0,182.816
4679,0.0,0.0,182.816
4680,0.0,0.0,182.816
4681,0.0,0.0,182.816
4682,0.0,0.0,182.816
4683,0.0,0.0,182.816
4684,14.2,0.887,182.816
4685,0.0,0.0,182.816
4686,0.0,0.0,182.816
4687,0.0,0.0,182.816
4688,0.0,0.0,182.816
4689,0.0,0.0,182.816
4690,0.0,0.0,182.816
4691,0.0,0.0,182.816
4692,0.0,0.0,182.816
4693,0.0,0.0,182.816
4694,0.0,0.0,182.816
4695,0.0,0.0,182.816
4696,0.0,0.0,182.816
4697,0.0,0.0,182.816
4698,0.0,0.0,182.816
4699,0.0,0.0,182.816
4700,0.0,0.0,182.816
4701,0.0,0.0,182.816
4702,0.0,0.0,182.816
4703,0.0,0.0,182.816
4704,0.0,0.0,182.816
4705,0.0,0.0,182.816
4706,0.0,0.0,182.816
4707,12.5,0.781,182.871
4708,57.3,3.581,182.871
4709,14.2,0.887,182.871
4710,0.0,0.0,182.871
4711,0.0,0.0,182.871
4712,0.0,0.0,182.871
4713,0.0,0.0,182.871
4714,0.0,0.0,182.871
4715,0.0,0.0,182.871
4716,0.0,0.0,182.871
4717,0.0,0.0,182.871
4718,0.0,0.0,182.871
4719,0.0,0.0,182.871
4720,0.0,0.0,182.871
4721,0.0,0.0,182.871
4722,0.0,0.0,182.871
4723,0.0,0.0,182.871
4724,0.0,0.0,182.871
4725,0.0,0.0,182.871
4726,0.0,0.0,182.871
4727,0.0,0.0,182.871
4728,0.0,0.0,182.871
4729,14.3,0.894,182.871
4730,0.0,0.0,182.871
4731,0.0,0.0,182.871
4732,0.0,0.0,182.871
4733,0.0,0.0,182.871
4734,0.0,0.0,182.871
4735,0.0,0.0,182.871
4736,14.2,0.887,182.871
4737,0.0,0.0,182.871
4738,37.5,2.344,182.906
4739,100.0,6.25,182.926
4740,100.0,6.25,182.926
4741,50.0,3.125,182.926
4742,87.5,5.469,182.926
4743,100.0,6.25,182.926
4744,37.5,2.344,182.926
4745,37.5,2.344,182.926
4746,86.0,5.375,182.926
4747,0.0,0.0,182.926
4748,14.3,0.894,182.926
4749,0.0,0.0,182.926
4750,0.0,0.0,182.926
4751,0.0,0.0,182.926
4752,28.4,1.775,182.926
4753,0.0,0.0,182.926
4754,0.0,0.0,182.926
4755,0.0,0.0,182.926
4756,62.5,3.906,182.926
4757,75.0,4.688,182.926
4758,100.0,6.25,182.926
4759,0.0,0.0,182.926
4760,0.0,0.0,182.926
4761,0.0,0.0,182.926
4762,33.2,2.075,182.926
4763,0.0,0.0,182.926
4764,0.0,0.0,182.926
4765,0.0,0.0,182.926
4766,0.0,0.0,182.926
4767,14.3,0.894,182.926
4768,0.0,0.0,182.926
4769,14.2,0.887,182.926
4770,0.0,0.0,182.926
4771,0.0,0.0,182.926
4772,0.0,0.0,182.926
4773,14.3,0.894,182.922
4774,0.0,0.0,182.922
4775,0.0,0.0,182.922
4776,0.0,0.0,182.922
4777,0.0,0.0,182.922
4778,0.0,0.0,182.922
4779,0.0,0.0,182.922
4780,0.0,0.0,182.945
4781,0.0,0.0,182.945
4782,28.7,1.794,182.945
4783,28.4,1.775,182.945
4784,0.0,0.0,182.945
4785,0.0,0.0,182.945
4786,0.0,0.0,182.945
4787,0.0,0.0,182.945
4788,0.0,0.0,182.945
4789,0.0,0.0,182.945
4790,14.3,0.894,182.945
4791,0.0,0.0,182.945
4792,0.0,0.0,182.945
4793,0.0,0.0,182.945
4794,0.0,0.0,182.945
4795,0.0,0.0,182.945
4796,0.0,0.0,182.945
4797,0.0,0.0,182.945
4798,0.0,0.0,182.945
4799,0.0,0.0,182.945
4800,42.6,2.663,182.945
4801,89.3,5.581,182.945
4802,100.0,6.25,182.945
4803,100.0,6.25,182.945
4804,87.5,5.469,182.945
4805,56.8,3.55,182.945
4806,0.0,0.0,182.945
4807,14.3,0.894,182.945
4808,0.0,0.0,182.945
4809,0.0,0.0,182.945
4810,14.2,0.887,182.945
4811,14.3,0.894,182.945
4812,0.0,0.0,182.945
4813,0.0,0.0,182.945
4814,75.0,4.688,182.945
4815,100.0,6.25,182.945
4816,100.0,6.25,182.945
4817,100.0,6.25,182.945
4818,100.0,6.25,182.945
4819,14.3,0.894,182.945
4820,0.0,0.0,182.945
4821,0.0,0.0,182.945
4822,0.0,0.0,182.945
4823,0.0,0.0,182.945
4824,14.3,0.894,182.945
4825,0.0,0.0,182.945
4826,0.0,0.0,182.945
4827,0.0,0.0,182.945
4828,0.0,0.0,182.945
4829,0.0,0.0,182.945
4830,0.0,0.0,182.945
4831,0.0,0.0,182.945
4832,0.0,0.0,182.945
4833,0.0,0.0,182.945
4834,0.0,0.0,182.945
4835,0.0,0.0,182.945
4836,0.0,0.0,182.945
4837,0.0,0.0,182.945
4838,0.0,0.0,182.945
4839,0.0,0.0,182.945
4840,0.0,0.0,182.945
4841,0.0,0.0,182.945
4842,0.0,0.0,182.945
4843,0.0,0.0,182.945
4844,0.0,0.0,182.945
4845,0.0,0.0,182.945
4846,0.0,0.0,182.945
4847,16.6,1.038,182.945
4848,0.0,0.0,182.945
4849,0.0,0.0,182.945
4850,0.0,0.0,182.945
4851,0.0,0.0,182.945
4852,0.0,0.0,182.945
4853,0.0,0.0,182.945
4854,0.0,0.0,182.945
4855,0.0,0.0,182.945
4856,0.0,0.0,182.945
4857,0.0,0.0,182.953
4858,50.0,3.125,183.555
4859,75.0,4.688,183.555
4860,28.7,1.794,183.555
4861,0.0,0.0,183.555
4862,0.0,0.0,183.555
4863,0.0,0.0,183.555
4864,0.0,0.0,183.555
4865,0.0,0.0,183.555
4866,14.2,0.887,183.566
4867,0.0,0.0,183.566
4868,0.0,0.0,183.566
4869,0.0,0.0,183.566
4870,0.0,0.0,183.566
4871,0.0,0.0,183.566
4872,0.0,0.0,183.566
4873,0.0,0.0,183.566
4874,0.0,0.0,183.566
4875,14.2,0.887,183.566
4876,0.0,0.0,183.566
4877,0.0,0.0,183.566
4878,0.0,0.0,183.566
4879,0.0,0.0,183.566
4880,25.0,1.562,184.145
4881,112.5,7.031,184.148
4882,85.2,5.325,184.148
4883,62.5,3.906,184.148
4884,86.0,5.375,184.148
4885,14.3,0.894,184.148
4886,0.0,0.0,184.148
4887,0.0,0.0,184.148
4888,16.6,1.038,184.148
4889,12.5,0.781,184.148
4890,0.0,0.0,184.148
4891,0.0,0.0,184.148
4892,0.0,0.0,184.148
4893,85.2,5.325,184.148
4894,14.3,0.894,184.148
4895,0.0,0.0,184.148
4896,0.0,0.0,184.148
4897,14.2,0.887,184.148
4898,0.0,0.0,184.148
4899,28.7,1.794,184.148
4900,0.0,0.0,184.148
4901,0.0,0.0,184.148
4902,0.0,0.0,184.148
4903,62.5,3.906,184.148
4904,100.0,6.25,184.148
4905,100.3,6.269,184.148
4906,56.8,3.55,184.148
4907,14.3,0.894,184.145
4908,0.0,0.0,184.145
4909,0.0,0.0,184.145
4910,0.0,0.0,184.145
4911,0.0,0.0,184.145
4912,0.0,0.0,184.145
4913,0.0,0.0,184.145
4914,0.0,0.0,184.145
4915,0.0,0.0,184.145
4916,0.0,0.0,184.145
4917,0.0,0.0,184.145
4918,0.0,0.0,184.145
4919,0.0,0.0,184.145
4920,0.0,0.0,184.145
4921,0.0,0.0,184.145
4922,0.0,0.0,184.145
4923,0.0,0.0,184.145
4924,0.0,0.0,184.145
4925,0.0,0.0,184.141
4926,62.5,3.906,184.598
4927,14.2,0.887,183.098
4928,0.0,0.0,183.098
4929,0.0,0.0,183.098
4930,0.0,0.0,183.098
4931,0.0,0.0,183.098
4932,0.0,0.0,183.098
4933,0.0,0.0,183.098
4934,0.0,0.0,183.098
4935,0.0,0.0,183.098
4936,0.0,0.0,183.098
4937,0.0,0.0,183.098
4938,0.0,0.0,183.098
4939,0.0,0.0,183.098
4940,0.0,0.0,183.109
4941,0.0,0.0,183.109
4942,0.0,0.0,183.109
4943,0.0,0.0,183.109
4944,0.0,0.0,183.109
4945,0.0,0.0,183.535
4946,100.3,6.269,182.902
4947,87.5,5.469,183.488
4948,75.0,4.688,183.488
4949,85.2,5.325,183.488
4950,0.0,0.0,183.488
4951,0.0,0.0,183.488
4952,14.3,0.894,183.488
4953,0.0,0.0,183.488
4954,0.0,0.0,183.488
4955,12.5,0.781,183.574
4956,0.0,0.0,183.574
4957,50.0,3.125,183.699
4958,114.7,7.169,183.746
4959,75.0,4.688,183.746
4960,14.2,0.887,183.746
4961,0.0,0.0,183.746
4962,0.0,0.0,183.746
4963,0.0,0.0,183.746
4964,12.5,0.781,184.094
4965,0.0,0.0,184.094
4966,0.0,0.0,184.094
4967,0.0,0.0,184.094
4968,14.3,0.894,184.117
4969,0.0,0.0,184.117
4970,14.3,0.894,184.137
4971,0.0,0.0,184.137
4972,0.0,0.0,184.137
4973,0.0,0.0,184.137
4974,0.0,0.0,184.137
4975,0.0,0.0,184.137
4976,0.0,0.0,184.137
4977,14.3,0.894,184.262
4978,0.0,0.0,184.262
4979,0.0,0.0,184.262
4980,0.0,0.0,184.262
4981,0.0,0.0,184.262
4982,12.5,0.781,184.289
4983,0.0,0.0,184.289
4984,0.0,0.0,184.289
4985,0.0,0.0,184.309
4986,0.0,0.0,184.309
4987,0.0,0.0,184.309
4988,57.3,3.581,184.344
4989,14.3,0.894,184.344
4990,0.0,0.0,184.344
4991,0.0,0.0,184.344
4992,0.0,0.0,184.344
4993,0.0,0.0,184.344
4994,0.0,0.0,184.344
4995,0.0,0.0,184.344
4996,14.2,0.887,184.344
4997,0.0,0.0,184.344
4998,0.0,0.0,184.344
4999,0.0,0.0,184.344
5000,0.0,0.0,184.344
5001,0.0,0.0,184.344
5002,0.0,0.0,184.344
5003,0.0,0.0,184.344
5004,0.0,0.0,184.344
5005,0.0,0.0,184.344
5006,0.0,0.0,184.344
5007,100.4,6.275,184.348
5008,100.0,6.25,184.816
5009,100.0,6.25,184.816
5010,62.5,3.906,184.816
5011,0.0,0.0,184.816
5012,14.3,0.894,184.816
5013,0.0,0.0,184.816
5014,0.0,0.0,184.816
5015,14.2,0.887,184.816
5016,14.3,0.894,184.816
5017,0.0,0.0,184.816
5018,0.0,0.0,184.816
5019,37.5,2.344,184.816
5020,71.7,4.481,184.816
5021,28.7,1.794,184.816
5022,28.4,1.775,184.816
5023,0.0,0.0,184.816
5024,0.0,0.0,184.816
5025,0.0,0.0,184.816
5026,0.0,0.0,184.816
5027,0.0,0.0,184.816
5028,0.0,0.0,184.816
5029,0.0,0.0,184.816
5030,0.0,0.0,184.816
5031,0.0,0.0,184.816
5032,0.0,0.0,184.816
5033,0.0,0.0,184.816
5034,0.0,0.0,184.816
5035,0.0,0.0,184.816
5036,0.0,0.0,184.816
5037,0.0,0.0,184.816
5038,0.0,0.0,184.816
5039,0.0,0.0,184.816
5040,0.0,0.0,184.816
5041,0.0,0.0,184.816
5042,87.5,5.469,184.816
5043,100.0,6.25,184.816
5044,100.3,6.269,184.816
5045,0.0,0.0,184.816
5046,0.0,0.0,184.816
5047,0.0,0.0,184.816
5048,0.0,0.0,184.816
5049,0.0,0.0,184.816
5050,14.3,0.894,184.816
5051,75.0,4.688,184.816
5052,37.5,2.344,184.816
5053,0.0,0.0,184.816
5054,0.0,0.0,184.816
5055,0.0,0.0,184.816
5056,0.0,0.0,184.816
5057,0.0,0.0,184.816
5058,0.0,0.0,184.816
5059,0.0,0.0,184.816
5060,0.0,0.0,184.816
5061,50.0,3.125,184.816
5062,37.5,2.344,184.816
5063,0.0,0.0,184.816
5064,0.0,0.0,184.816
5065,14.3,0.894,184.816
5066,0.0,0.0,184.816
5067,0.0,0.0,184.816
5068,0.0,0.0,184.816
5069,0.0,0.0,184.816
5070,14.3,0.894,184.816
5071,14.2,0.887,184.816
5072,0.0,0.0,184.816
5073,0.0,0.0,184.816
5074,0.0,0.0,184.816
5075,0.0,0.0,184.816
5076,0.0,0.0,184.816
5077,75.0,4.688,184.816
5078,100.0,6.25,184.816
5079,42.6,2.663,184.816
5080,0.0,0.0,184.816
5081,0.0,0.0,184.816
5082,0.0,0.0,184.816
5083,0.0,0.0,184.816
5084,0.0,0.0,184.816
5085,0.0,0.0,184.816
5086,0.0,0.0,184.816
5087,0.0,0.0,184.816
5088,0.0,0.0,184.816
5089,0.0,0.0,184.816
5090,0.0,0.0,184.816
5091,0.0,0.0,184.816
5092,0.0,0.0,184.816
5093,0.0,0.0,184.816
5094,0.0,0.0,184.812
5095,86.0,5.375,179.648
5096,14.2,0.887,179.738
5097,25.0,1.562,180.258
5098,100.0,6.25,181.008
5099,89.3,5.581,181.008
5100,100.0,6.25,178.348
5101,85.2,5.325,178.348
5102,14.3,0.894,178.547
5103,0.0,0.0,178.547
5104,0.0,0.0,178.547
5105,0.0,0.0,178.57
5106,14.3,0.894,178.586
5107,0.0,0.0,178.586
5108,0.0,0.0,178.586
5109,50.0,3.125,179.215
5110,37.5,2.344,179.383
5111,0.0,0.0,179.383
5112,0.0,0.0,179.383
5113,0.0,0.0,179.383
5114,0.0,0.0,179.383
5115,0.0,0.0,179.383
5116,0.0,0.0,179.383
5117,0.0,0.0,179.383
5118,0.0,0.0,179.383
5119,0.0,0.0,179.383
5120,0.0,0.0,179.383
5121,0.0,0.0,179.383
5122,0.0,0.0,179.383
5123,0.0,0.0,179.383
5124,0.0,0.0,179.383
5125,0.0,0.0,179.383
5126,0.0,0.0,179.383
5127,14.3,0.894,179.383
5128,0.0,0.0,179.383
5129,0.0,0.0,179.383
5130,0.0,0.0,179.383
5131,0.0,0.0,179.383
5132,12.5,0.781,179.523
5133,0.0,0.0,179.523
5134,0.0,0.0,179.523
5135,37.5,2.344,179.523
5136,87.5,5.469,179.523
5137,87.5,5.469,179.523
5138,16.6,1.038,179.523
5139,0.0,0.0,179.523
5140,0.0,0.0,179.523
5141,0.0,0.0,179.523
5142,0.0,0.0,179.523
5143,0.0,0.0,179.523
5144,0.0,0.0,179.523
5145,14.2,0.887,179.523
5146,0.0,0.0,179.523
5147,0.0,0.0,179.523
5148,0.0,0.0,179.523
5149,0.0,0.0,179.523
5150,0.0,0.0,179.523
5151,0.0,0.0,179.523
5152,0.0,0.0,179.523
5153,0.0,0.0,179.523
5154,0.0,0.0,179.523
5155,0.0,0.0,179.523
5156,0.0,0.0,179.523
5157,0.0,0.0,179.523
5158,0.0,0.0,179.523
5159,0.0,0.0,179.523
5160,0.0,0.0,179.523
5161,0.0,0.0,179.523
5162,0.0,0.0,179.523
5163,0.0,0.0,179.523
5164,0.0,0.0,179.523
5165,0.0,0.0,179.523
5166,0.0,0.0,179.523
5167,0.0,0.0,179.523
5168,0.0,0.0,179.523
5169,0.0,0.0,179.523
5170,0.0,0.0,179.523
5171,0.0,0.0,179.523
5172,0.0,0.0,179.523
5173,28.7,1.794,179.523
5174,0.0,0.0,179.523
5175,0.0,0.0,179.523
5176,0.0,0.0,179.523
5177,0.0,0.0,179.523
5178,14.2,0.887,179.523
5179,0.0,0.0,179.523
5180,0.0,0.0,179.523
5181,37.5,2.344,179.523
5182,87.5,5.469,179.523
5183,86.0,5.375,179.523
5184,14.3,0.894,179.523
5185,0.0,0.0,179.523
5186,0.0,0.0,179.523
5187,0.0,0.0,179.523
5188,0.0,0.0,179.523
5189,0.0,0.0,179.523
5190,0.0,0.0,179.523
5191,0.0,0.0,179.523
5192,0.0,0.0,179.523
5193,0.0,0.0,179.523
5194,0.0,0.0,179.59
5195,0.0,0.0,179.59
5196,0.0,0.0,179.59
5197,0.0,0.0,179.59
5198,0.0,0.0,179.59
5199,0.0,0.0,179.605
5200,0.0,0.0,179.699
5201,0.0,0.0,179.699
5202,0.0,0.0,179.699
5203,0.0,0.0,179.699
5204,0.0,0.0,179.699
5205,0.0,0.0,179.699
5206,0.0,0.0,179.699
5207,0.0,0.0,179.699
5208,0.0,0.0,179.699
5209,0.0,0.0,179.699
5210,0.0,0.0,179.699
5211,0.0,0.0,179.699
5212,0.0,0.0,179.699
5213,0.0,0.0,179.699
5214,0.0,0.0,179.699
5215,0.0,0.0,179.699
5216,0.0,0.0,179.699
5217,0.0,0.0,179.699
5218,0.0,0.0,179.699
5219,0.0,0.0,179.699
5220,0.0,0.0,179.699
5221,0.0,0.0,179.699
5222,0.0,0.0,179.699
5223,0.0,0.0,179.699
5224,0.0,0.0,179.699
5225,0.0,0.0,179.699
5226,0.0,0.0,179.699
5227,0.0,0.0,179.699
5228,0.0,0.0,179.699
5229,0.0,0.0,179.738
5230,0.0,0.0,179.777
5231,14.2,0.887,179.777
5232,0.0,0.0,179.777
5233,0.0,0.0,179.777
5234,0.0,0.0,179.777
5235,0.0,0.0,179.777
5236,0.0,0.0,179.777
5237,0.0,0.0,179.777
5238,0.0,0.0,179.777
5239,0.0,0.0,179.777
5240,0.0,0.0,179.777
5241,0.0,0.0,179.777
5242,0.0,0.0,179.777
5243,0.0,0.0,179.777
5244,0.0,0.0,179.777
5245,0.0,0.0,179.777
5246,0.0,0.0,179.777
5247,0.0,0.0,179.777
5248,0.0,0.0,179.777
5249,0.0,0.0,179.777
5250,0.0,0.0,179.777
5251,0.0,0.0,179.777
5252,0.0,0.0,179.777
5253,0.0,0.0,179.777
5254,0.0,0.0,179.777
5255,0.0,0.0,179.777
5256,0.0,0.0,179.777
5257,0.0,0.0,179.777
5258,0.0,0.0,179.777
5259,0.0,0.0,179.777
5260,0.0,0.0,179.777
5261,0.0,0.0,179.777
5262,0.0,0.0,179.777
5263,0.0,0.0,179.777
5264,0.0,0.0,179.777
5265,0.0,0.0,179.777
5266,0.0,0.0,179.777
5267,22.2,1.387,179.777
5268,100.0,6.25,179.777
5269,100.3,6.269,179.777
5270,0.0,0.0,179.777
5271,0.0,0.0,179.777
5272,0.0,0.0,179.777
5273,0.0,0.0,180.281
5274,0.0,0.0,180.281
5275,0.0,0.0,180.281
5276,0.0,0.0,180.281
5277,14.3,0.894,180.281
5278,0.0,0.0,180.312
5279,0.0,0.0,180.312
5280,0.0,0.0,180.312
5281,0.0,0.0,180.316
5282,0.0,0.0,180.316
5283,0.0,0.0,180.316
5284,0.0,0.0,180.316
5285,0.0,0.0,180.316
5286,0.0,0.0,180.316
5287,0.0,0.0,180.316
5288,0.0,0.0,180.316
5289,0.0,0.0,180.316
5290,0.0,0.0,180.316
5291,0.0,0.0,180.316
5292,0.0,0.0,180.316
5293,12.5,0.781,180.414
5294,0.0,0.0,180.414
5295,0.0,0.0,180.414
5296,16.6,1.038,180.414
5297,0.0,0.0,180.414
5298,0.0,0.0,180.414
5299,0.0,0.0,180.414
5300,0.0,0.0,180.414
5301,14.3,0.894,180.414
5302,0.0,0.0,180.414
5303,0.0,0.0,180.414
5304,0.0,0.0,180.414
5305,0.0,0.0,180.414
5306,0.0,0.0,180.414
5307,0.0,0.0,180.414
5308,0.0,0.0,180.414
5309,0.0,0.0,180.414
5310,0.0,0.0,180.414
5311,0.0,0.0,180.414
5312,0.0,0.0,180.414
5313,0.0,0.0,180.414
5314,0.0,0.0,180.414
5315,50.0,3.125,180.414
5316,100.0,6.25,180.469
5317,86.0,5.375,180.469
5318,0.0,0.0,180.469
5319,12.5,0.781,180.469
5320,0.0,0.0,180.473
5321,0.0,0.0,180.473
5322,14.2,0.887,180.473
5323,14.3,0.894,180.473
5324,0.0,0.0,180.473
5325,28.4,1.775,180.473
5326,0.0,0.0,180.473
5327,14.2,0.887,180.473
5328,50.0,3.125,180.473
5329,100.0,6.25,180.473
5330,86.0,5.375,180.473
5331,14.3,0.894,180.473
5332,14.2,0.887,180.473
5333,50.0,3.125,180.473
5334,87.5,5.469,180.473
5335,112.5,7.031,180.473
5336,57.3,3.581,180.473
5337,0.0,0.0,180.473
5338,0.0,0.0,180.473
5339,0.0,0.0,180.473
5340,0.0,0.0,180.473
5341,14.3,0.894,180.473
5342,0.0,0.0,180.473
5343,0.0,0.0,180.473
5344,0.0,0.0,180.473
5345,0.0,0.0,180.473
5346,0.0,0.0,180.473
5347,0.0,0.0,180.473
5348,0.0,0.0,180.473
5349,0.0,0.0,180.473
5350,0.0,0.0,180.473
5351,0.0,0.0,180.473
5352,0.0,0.0,180.473
5353,0.0,0.0,180.473
5354,0.0,0.0,180.473
5355,0.0,0.0,180.473
5356,0.0,0.0,180.473
5357,0.0,0.0,180.473
5358,0.0,0.0,180.473
5359,0.0,0.0,180.473
5360,0.0,0.0,180.473
5361,0.0,0.0,180.473
5362,0.0,0.0,180.473
5363,0.0,0.0,180.473
5364,0.0,0.0,180.473
5365,0.0,0.0,180.473
5366,0.0,0.0,180.473
5367,0.0,0.0,180.473
5368,0.0,0.0,180.473
5369,0.0,0.0,180.473
5370,0.0,0.0,180.473
5371,0.0,0.0,180.473
5372,0.0,0.0,180.473
5373,0.0,0.0,180.473
5374,0.0,0.0,180.473
5375,14.3,0.894,180.473
5376,0.0,0.0,180.473
5377,0.0,0.0,180.473
5378,0.0,0.0,180.473
5379,0.0,0.0,180.473
5380,0.0,0.0,180.473
5381,0.0,0.0,180.473
5382,0.0,0.0,180.473
5383,0.0,0.0,180.473
5384,0.0,0.0,180.473
5385,0.0,0.0,180.473
5386,0.0,0.0,180.473
5387,0.0,0.0,180.473
5388,0.0,0.0,180.473
5389,0.0,0.0,180.473
5390,0.0,0.0,180.473
5391,0.0,0.0,180.473
5392,0.0,0.0,180.473
5393,0.0,0.0,180.473
5394,0.0,0.0,180.473
5395,0.0,0.0,180.473
5396,0.0,0.0,180.473
5397,0.0,0.0,180.473
5398,0.0,0.0,180.473
5399,0.0,0.0,180.473
5400,0.0,0.0,180.473
5401,0.0,0.0,180.473
5402,0.0,0.0,180.473
5403,0.0,0.0,180.473
5404,0.0,0.0,180.473
5405,0.0,0.0,180.473
5406,0.0,0.0,180.473
5407,12.5,0.781,180.477
5408,0.0,0.0,180.477
5409,0.0,0.0,180.477
5410,0.0,0.0,180.477
5411,0.0,0.0,180.477
5412,0.0,0.0,180.477
5413,0.0,0.0,180.477
5414,0.0,0.0,180.477
5415,0.0,0.0,180.477
5416,0.0,0.0,180.477
5417,0.0,0.0,180.477
5418,0.0,0.0,180.477
5419,0.0,0.0,180.477
5420,0.0,0.0,180.477
5421,0.0,0.0,180.477
5422,0.0,0.0,180.477
5423,0.0,0.0,180.477
5424,0.0,0.0,180.477
5425,0.0,0.0,180.477
5426,0.0,0.0,180.477
5427,0.0,0.0,180.477
5428,0.0,0.0,180.477
5429,0.0,0.0,180.477
5430,0.0,0.0,180.477
5431,0.0,0.0,180.477
5432,0.0,0.0,180.477
5433,0.0,0.0,180.477
5434,0.0,0.0,180.477
5435,0.0,0.0,180.477
5436,0.0,0.0,180.477
5437,0.0,0.0,180.477
5438,0.0,0.0,180.477
5439,0.0,0.0,180.477
5440,0.0,0.0,180.477
5441,0.0,0.0,180.477
5442,0.0,0.0,180.477
5443,0.0,0.0,180.477
5444,0.0,0.0,180.477
5445,0.0,0.0,180.477
5446,0.0,0.0,180.477
5447,0.0,0.0,180.477
5448,0.0,0.0,180.477
5449,0.0,0.0,180.477
5450,0.0,0.0,180.477
5451,0.0,0.0,180.477
5452,0.0,0.0,180.477
5453,0.0,0.0,180.477
5454,0.0,0.0,180.477
5455,0.0,0.0,180.477
5456,0.0,0.0,180.477
5457,0.0,0.0,180.477
5458,0.0,0.0,180.477
5459,0.0,0.0,180.477
5460,0.0,0.0,180.477
5461,0.0,0.0,180.477
5462,0.0,0.0,180.477
5463,0.0,0.0,180.477
5464,0.0,0.0,180.477
5465,0.0,0.0,180.477
5466,0.0,0.0,180.477
5467,0.0,0.0,180.477
5468,0.0,0.0,180.477
5469,0.0,0.0,180.477
5470,0.0,0.0,180.477
5471,0.0,0.0,180.477
5472,0.0,0.0,180.477
5473,100.0,6.25,180.477
5474,100.0,6.25,180.48
5475,100.0,6.25,180.48
5476,28.7,1.794,180.852
5477,0.0,0.0,180.852
5478,0.0,0.0,180.852
5479,0.0,0.0,180.852
5480,0.0,0.0,180.852
5481,0.0,0.0,180.852
5482,0.0,0.0,180.852
5483,0.0,0.0,180.852
5484,0.0,0.0,180.852
5485,37.5,2.344,180.977
5486,86.0,5.375,180.984
5487,14.3,0.894,180.984
5488,14.2,0.887,180.988
5489,0.0,0.0,180.988
5490,0.0,0.0,180.988
5491,0.0,0.0,180.988
5492,0.0,0.0,180.988
5493,0.0,0.0,180.988
5494,0.0,0.0,180.988
5495,0.0,0.0,180.988
5496,0.0,0.0,180.988
5497,0.0,0.0,180.988
5498,0.0,0.0,180.988
5499,0.0,0.0,180.988
5500,0.0,0.0,180.988
5501,0.0,0.0,180.988
5502,0.0,0.0,180.988
5503,0.0,0.0,180.988
5504,0.0,0.0,180.988
5505,0.0,0.0,180.988
5506,0.0,0.0,180.988
5507,0.0,0.0,180.988
5508,0.0,0.0,180.988
5509,0.0,0.0,180.988
5510,0.0,0.0,180.988
5511,0.0,0.0,180.988
5512,0.0,0.0,180.988
5513,0.0,0.0,180.988
5514,0.0,0.0,180.988
5515,0.0,0.0,180.988
5516,0.0,0.0,180.988
5517,0.0,0.0,180.988
5518,0.0,0.0,180.988
5519,0.0,0.0,180.988
5520,0.0,0.0,180.988
5521,0.0,0.0,180.988
5522,0.0,0.0,180.988
5523,0.0,0.0,180.988
5524,0.0,0.0,180.988
5525,0.0,0.0,180.988
5526,0.0,0.0,180.988
5527,0.0,0.0,180.988
5528,0.0,0.0,180.988
5529,0.0,0.0,180.988
5530,0.0,0.0,180.988
5531,0.0,0.0,180.988
5532,0.0,0.0,180.988
5533,0.0,0.0,180.988
5534,0.0,0.0,180.988
5535,0.0,0.0,180.988
5536,0.0,0.0,180.988
5537,0.0,0.0,180.988
5538,0.0,0.0,180.988
5539,0.0,0.0,180.988
5540,0.0,0.0,180.988
5541,0.0,0.0,180.988
5542,0.0,0.0,180.988
5543,0.0,0.0,180.988
5544,0.0,0.0,180.988
5545,0.0,0.0,180.988
5546,0.0,0.0,180.988
5547,0.0,0.0,180.988
5548,14.2,0.887,180.988
5549,0.0,0.0,180.988
5550,0.0,0.0,180.988
5551,0.0,0.0,180.988
5552,0.0,0.0,180.988
5553,0.0,0.0,180.988
5554,12.5,0.781,180.988
5555,0.0,0.0,180.988
5556,0.0,0.0,180.988
5557,0.0,0.0,180.988
5558,0.0,0.0,180.988
5559,0.0,0.0,180.988
5560,0.0,0.0,180.988
5561,0.0,0.0,180.988
5562,0.0,0.0,180.988
5563,0.0,0.0,180.988
5564,0.0,0.0,180.988
5565,0.0,0.0,180.988
5566,0.0,0.0,180.988
5567,0.0,0.0,180.988
5568,0.0,0.0,180.988
5569,0.0,0.0,180.988
5570,0.0,0.0,180.988
5571,0.0,0.0,180.988
5572,0.0,0.0,180.988
5573,0.0,0.0,180.988
5574,0.0,0.0,180.988
5575,0.0,0.0,180.988
5576,0.0,0.0,180.988
5577,0.0,0.0,180.988
5578,0.0,0.0,180.988
5579,0.0,0.0,180.988
5580,0.0,0.0,180.988
5581,0.0,0.0,180.988
5582,0.0,0.0,180.988
5583,0.0,0.0,180.988
5584,0.0,0.0,180.988
5585,0.0,0.0,180.988
5586,0.0,0.0,180.988
5587,0.0,0.0,180.988
5588,0.0,0.0,180.988
5589,0.0,0.0,180.988
5590,0.0,0.0,180.988
5591,0.0,0.0,180.988
5592,0.0,0.0,180.988
5593,0.0,0.0,180.988
5594,0.0,0.0,180.988
5595,0.0,0.0,180.988
5596,0.0,0.0,180.988
5597,0.0,0.0,180.988
5598,0.0,0.0,180.988
5599,0.0,0.0,180.988
5600,0.0,0.0,180.988
5601,0.0,0.0,180.988
5602,0.0,0.0,180.988
5603,0.0,0.0,180.988
5604,0.0,0.0,180.988
5605,0.0,0.0,180.988
5606,0.0,0.0,180.988
5607,0.0,0.0,180.988
5608,0.0,0.0,180.988
5609,0.0,0.0,180.988
5610,0.0,0.0,180.988
5611,0.0,0.0,180.988
5612,0.0,0.0,180.988
5613,0.0,0.0,180.988
5614,0.0,0.0,180.988
5615,0.0,0.0,180.988
5616,0.0,0.0,180.988
5617,0.0,0.0,180.988
5618,0.0,0.0,180.988
5619,0.0,0.0,180.988
5620,0.0,0.0,180.988
5621,62.5,3.906,180.988
5622,100.0,6.25,180.988
5623,114.7,7.169,180.988
5624,0.0,0.0,180.988
5625,0.0,0.0,180.988
5626,75.0,4.688,180.988
5627,89.3,5.581,180.988
5628,49.9,3.119,180.988
5629,0.0,0.0,180.988
5630,0.0,0.0,180.988
5631,0.0,0.0,180.988
5632,0.0,0.0,180.988
5633,0.0,0.0,180.988
5634,0.0,0.0,180.988
5635,14.3,0.894,180.984
5636,0.0,0.0,180.984
5637,0.0,0.0,180.984
5638,0.0,0.0,180.984
5639,0.0,0.0,180.984
5640,0.0,0.0,180.984
5641,0.0,0.0,180.984
5642,0.0,0.0,180.984
5643,0.0,0.0,180.984
5644,0.0,0.0,180.984
5645,0.0,0.0,180.984
5646,0.0,0.0,180.984
5647,0.0,0.0,180.984
5648,0.0,0.0,180.984
5649,0.0,0.0,180.984
5650,0.0,0.0,180.984
5651,0.0,0.0,180.984
5652,0.0,0.0,180.984
5653,0.0,0.0,180.984
5654,14.3,0.894,180.98
5655,0.0,0.0,180.98
5656,0.0,0.0,180.98
5657,0.0,0.0,180.98
5658,0.0,0.0,180.98
5659,0.0,0.0,180.98
5660,14.3,0.894,180.98
5661,14.2,0.887,180.98
5662,0.0,0.0,180.98
5663,0.0,0.0,180.98
5664,0.0,0.0,180.98
5665,0.0,0.0,180.98
5666,0.0,0.0,180.98
5667,0.0,0.0,180.98
5668,0.0,0.0,180.98
5669,0.0,0.0,180.98
5670,0.0,0.0,180.98
5671,0.0,0.0,180.98
5672,0.0,0.0,180.98
5673,0.0,0.0,180.98
5674,0.0,0.0,180.98
5675,0.0,0.0,180.98
5676,0.0,0.0,180.98
5677,0.0,0.0,180.98
5678,0.0,0.0,180.98
5679,0.0,0.0,180.98
5680,0.0,0.0,180.98
5681,0.0,0.0,180.98
5682,0.0,0.0,180.98
5683,0.0,0.0,180.98
5684,0.0,0.0,180.98
5685,0.0,0.0,180.98
5686,0.0,0.0,180.98
5687,0.0,0.0,180.98
5688,0.0,0.0,180.98
5689,0.0,0.0,180.98
5690,0.0,0.0,180.98
5691,0.0,0.0,180.98
5692,62.5,3.906,180.98
5693,100.0,6.25,180.98
5694,100.0,6.25,180.98
5695,86.0,5.375,180.98
5696,0.0,0.0,180.98
5697,0.0,0.0,180.98
5698,0.0,0.0,180.98
5699,0.0,0.0,180.98
5700,0.0,0.0,180.98
5701,14.3,0.894,180.98
5702,0.0,0.0,180.98
5703,0.0,0.0,180.98
5704,0.0,0.0,180.98
5705,0.0,0.0,180.98
5706,0.0,0.0,180.98
5707,0.0,0.0,180.98
5708,0.0,0.0,180.98
5709,14.2,0.887,180.98
5710,0.0,0.0,180.98
5711,0.0,0.0,180.98
5712,14.2,0.887,180.98
5713,0.0,0.0,180.98
5714,0.0,0.0,180.98
5715,0.0,0.0,180.98
5716,0.0,0.0,180.98
5717,0.0,0.0,180.98
5718,0.0,0.0,180.98
5719,0.0,0.0,180.98
5720,0.0,0.0,180.98
5721,0.0,0.0,180.98
5722,0.0,0.0,180.98
5723,0.0,0.0,180.98
5724,0.0,0.0,180.98
5725,0.0,0.0,180.98
5726,0.0,0.0,180.98
5727,0.0,0.0,180.98
5728,0.0,0.0,180.98
5729,0.0,0.0,180.98
5730,0.0,0.0,180.98
5731,0.0,0.0,180.98
5732,0.0,0.0,180.98
5733,0.0,0.0,180.98
5734,0.0,0.0,180.98
5735,0.0,0.0,180.98
5736,0.0,0.0,180.98
5737,25.0,1.562,180.98
5738,87.5,5.469,180.98
5739,71.0,4.438,180.98
5740,0.0,0.0,180.98
5741,0.0,0.0,180.98
5742,0.0,0.0,180.98
5743,14.3,0.894,180.98
5744,0.0,0.0,180.98
5745,12.5,0.781,180.988
5746,14.3,0.894,180.988
5747,12.5,0.781,180.988
5748,112.5,7.031,180.992
5749,86.0,5.375,180.992
5750,0.0,0.0,180.992
5751,0.0,0.0,180.992
5752,0.0,0.0,180.992
5753,0.0,0.0,180.992
5754,0.0,0.0,180.992
5755,0.0,0.0,180.992
5756,16.6,1.038,180.992
5757,0.0,0.0,180.992
5758,0.0,0.0,180.992
5759,0.0,0.0,180.992
5760,0.0,0.0,180.992
5761,0.0,0.0,180.992
5762,14.3,0.894,180.992
5763,0.0,0.0,180.992
5764,0.0,0.0,180.992
5765,0.0,0.0,180.992
5766,0.0,0.0,180.992
5767,0.0,0.0,180.992
5768,100.0,6.25,180.992
5769,50.0,3.125,180.992
5770,16.6,1.038,180.992
5771,0.0,0.0,180.992
5772,0.0,0.0,180.992
5773,14.3,0.894,180.992
5774,0.0,0.0,180.988
5775,0.0,0.0,180.988
5776,0.0,0.0,180.988
5777,14.2,0.887,180.988
5778,0.0,0.0,180.988
5779,0.0,0.0,180.988
5780,12.5,0.781,180.988
5781,0.0,0.0,180.988
5782,0.0,0.0,180.988
5783,100.0,6.25,181.234
5784,85.2,5.325,181.234
5785,0.0,0.0,181.234
5786,0.0,0.0,181.234
5787,0.0,0.0,181.234
5788,0.0,0.0,181.234
5789,0.0,0.0,181.234
5790,0.0,0.0,181.234
5791,0.0,0.0,181.234
5792,0.0,0.0,181.234
5793,0.0,0.0,181.234
5794,0.0,0.0,181.234
5795,0.0,0.0,181.234
5796,0.0,0.0,181.234
5797,0.0,0.0,181.234
5798,0.0,0.0,181.234
5799,0.0,0.0,181.234
5800,0.0,0.0,181.234
5801,0.0,0.0,181.234
5802,0.0,0.0,181.234
5803,0.0,0.0,181.234
5804,0.0,0.0,181.234
5805,0.0,0.0,181.234
5806,0.0,0.0,181.234
5807,0.0,0.0,181.234
5808,0.0,0.0,181.234
5809,0.0,0.0,181.234
5810,0.0,0.0,181.234
5811,0.0,0.0,181.234
5812,0.0,0.0,181.234
5813,0.0,0.0,181.234
5814,0.0,0.0,181.234
5815,0.0,0.0,181.234
5816,0.0,0.0,181.234
5817,0.0,0.0,181.234
5818,14.3,0.894,181.234
5819,0.0,0.0,181.234
5820,0.0,0.0,181.234
5821,0.0,0.0,181.234
5822,0.0,0.0,181.234
5823,0.0,0.0,181.234
5824,0.0,0.0,181.234
5825,0.0,0.0,181.234
5826,0.0,0.0,181.234
5827,0.0,0.0,181.234
5828,0.0,0.0,181.203
5829,0.0,0.0,181.203
5830,0.0,0.0,181.203
5831,0.0,0.0,181.203
5832,0.0,0.0,181.203
5833,0.0,0.0,181.203
5834,0.0,0.0,181.203
5835,0.0,0.0,181.203
5836,0.0,0.0,181.203
5837,0.0,0.0,181.203
5838,0.0,0.0,181.203
5839,0.0,0.0,181.203
5840,0.0,0.0,181.203
5841,0.0,0.0,181.203
5842,0.0,0.0,181.203
5843,0.0,0.0,181.203
5844,0.0,0.0,181.203
5845,0.0,0.0,181.203
5846,0.0,0.0,181.203
5847,0.0,0.0,181.203
5848,0.0,0.0,181.203
5849,0.0,0.0,181.203
5850,0.0,0.0,181.203
5851,0.0,0.0,181.203
5852,0.0,0.0,181.203
5853,0.0,0.0,181.203
5854,0.0,0.0,181.203
5855,0.0,0.0,181.203
5856,0.0,0.0,181.203
5857,0.0,0.0,181.203
5858,0.0,0.0,181.203
5859,0.0,0.0,181.203
5860,0.0,0.0,181.203
5861,0.0,0.0,181.203
5862,0.0,0.0,181.203
5863,0.0,0.0,181.203
5864,0.0,0.0,181.203
5865,0.0,0.0,181.203
5866,0.0,0.0,181.203
5867,0.0,0.0,181.203
5868,0.0,0.0,181.203
5869,0.0,0.0,181.203
5870,0.0,0.0,181.203
5871,0.0,0.0,181.203
5872,0.0,0.0,181.203
5873,0.0,0.0,181.203
5874,0.0,0.0,181.203
5875,0.0,0.0,181.203
5876,0.0,0.0,181.203
5877,0.0,0.0,181.203
5878,0.0,0.0,181.203
5879,0.0,0.0,181.203
5880,0.0,0.0,181.203
5881,0.0,0.0,181.203
5882,0.0,0.0,181.203
5883,0.0,0.0,181.203
5884,0.0,0.0,181.203
5885,0.0,0.0,181.203
5886,0.0,0.0,181.203
5887,0.0,0.0,181.203
5888,0.0,0.0,181.203
5889,0.0,0.0,181.203
5890,0.0,0.0,181.203
5891,14.3,0.894,181.203
5892,14.3,0.894,181.207
5893,0.0,0.0,181.207
5894,0.0,0.0,181.207
5895,0.0,0.0,181.207
5896,0.0,0.0,181.207
5897,0.0,0.0,181.207
5898,0.0,0.0,181.207
5899,0.0,0.0,181.207
5900,0.0,0.0,181.207
5901,0.0,0.0,181.207
5902,0.0,0.0,181.207
5903,0.0,0.0,181.207
5904,0.0,0.0,181.207
5905,0.0,0.0,181.207
5906,0.0,0.0,181.207
5907,0.0,0.0,181.207
5908,0.0,0.0,181.207
5909,0.0,0.0,181.207
5910,0.0,0.0,181.207
5911,0.0,0.0,181.207
5912,0.0,0.0,181.207
5913,0.0,0.0,181.207
5914,0.0,0.0,181.207
5915,0.0,0.0,181.207
5916,0.0,0.0,181.207
5917,0.0,0.0,181.207
5918,0.0,0.0,181.207
5919,0.0,0.0,181.207
5920,0.0,0.0,181.207
5921,0.0,0.0,181.207
5922,0.0,0.0,181.207
5923,0.0,0.0,181.207
5924,0.0,0.0,181.207
5925,0.0,0.0,181.207
5926,0.0,0.0,181.207
5927,0.0,0.0,181.207
5928,0.0,0.0,181.207
5929,0.0,0.0,181.207
5930,0.0,0.0,181.207
5931,0.0,0.0,181.207
5932,0.0,0.0,181.207
5933,0.0,0.0,181.207
5934,0.0,0.0,181.207
5935,0.0,0.0,181.207
5936,0.0,0.0,181.207
5937,0.0,0.0,181.207
5938,0.0,0.0,181.207
5939,0.0,0.0,181.207
5940,0.0,0.0,181.207
5941,0.0,0.0,181.207
5942,0.0,0.0,181.207
5943,0.0,0.0,181.207
5944,0.0,0.0,181.207
5945,0.0,0.0,181.207
5946,14.3,0.894,181.207
5947,0.0,0.0,181.207
5948,0.0,0.0,181.207
5949,0.0,0.0,181.207
5950,0.0,0.0,181.207
5951,0.0,0.0,181.207
5952,0.0,0.0,181.207
5953,0.0,0.0,181.207
5954,0.0,0.0,181.207
5955,0.0,0.0,181.207
5956,0.0,0.0,181.207
5957,0.0,0.0,181.207
5958,100.0,6.25,181.211
5959,100.0,6.25,181.211
5960,0.0,0.0,181.211
5961,14.2,0.887,181.211
5962,0.0,0.0,181.211
5963,0.0,0.0,181.211
5964,0.0,0.0,181.211
5965,0.0,0.0,181.211
5966,0.0,0.0,181.211
5967,0.0,0.0,181.211
5968,0.0,0.0,181.211
5969,0.0,0.0,181.211
5970,28.7,1.794,181.227
5971,0.0,0.0,181.227
5972,71.0,4.438,181.621
5973,28.7,1.794,181.621
5974,0.0,0.0,181.621
5975,0.0,0.0,181.621
5976,28.7,1.794,181.621
5977,0.0,0.0,181.621
5978,0.0,0.0,181.621
5979,0.0,0.0,181.621
5980,0.0,0.0,181.621
5981,0.0,0.0,181.621
5982,0.0,0.0,181.621
5983,62.5,3.906,181.625
5984,100.0,6.25,181.629
5985,100.0,6.25,181.629
5986,43.0,2.688,181.629
5987,0.0,0.0,181.629
5988,0.0,0.0,181.629
5989,0.0,0.0,181.629
5990,0.0,0.0,181.629
5991,14.2,0.887,181.629
5992,0.0,0.0,181.629
5993,0.0,0.0,181.629
5994,14.3,0.894,181.629
5995,14.3,0.894,181.629
5996,0.0,0.0,181.629
5997,25.0,1.562,181.629
5998,0.0,0.0,181.629
5999,0.0,0.0,181.629
6000,0.0,0.0,181.629
6001,0.0,0.0,181.629
6002,14.2,0.887,181.629
6003,87.5,5.469,181.633
6004,100.0,6.25,181.633
6005,57.3,3.581,181.633
6006,14.3,0.894,181.633
6007,0.0,0.0,181.633
6008,0.0,0.0,181.633
6009,0.0,0.0,181.633
6010,16.6,1.038,181.633
6011,12.5,0.781,181.633
6012,0.0,0.0,181.633
6013,0.0,0.0,181.633
6014,33.2,2.075,181.633
6015,57.3,3.581,181.633
6016,0.0,0.0,181.633
6017,0.0,0.0,181.633
6018,14.3,0.894,181.633
6019,14.3,0.894,181.633
6020,0.0,0.0,181.633
6021,0.0,0.0,181.633
6022,0.0,0.0,181.633
6023,0.0,0.0,181.633
6024,0.0,0.0,181.633
6025,0.0,0.0,181.633
6026,0.0,0.0,181.633
6027,0.0,0.0,181.633
6028,0.0,0.0,181.633
6029,0.0,0.0,181.633
6030,0.0,0.0,181.633
6031,0.0,0.0,181.633
6032,0.0,0.0,181.633
6033,0.0,0.0,181.633
6034,0.0,0.0,181.633
6035,0.0,0.0,181.633
6036,0.0,0.0,181.633
6037,0.0,0.0,181.633
6038,0.0,0.0,181.633
6039,0.0,0.0,181.633
6040,0.0,0.0,181.633
6041,0.0,0.0,181.633
6042,0.0,0.0,181.633
6043,14.3,0.894,181.633
6044,14.2,0.887,181.633
6045,0.0,0.0,181.633
6046,0.0,0.0,181.633
6047,0.0,0.0,181.633
6048,0.0,0.0,181.633
6049,0.0,0.0,181.633
6050,0.0,0.0,181.633
6051,0.0,0.0,181.633
6052,0.0,0.0,181.633
6053,0.0,0.0,181.633
6054,0.0,0.0,181.633
6055,0.0,0.0,181.633
6056,0.0,0.0,181.633
6057,0.0,0.0,181.633
6058,0.0,0.0,181.633
6059,0.0,0.0,181.633
6060,0.0,0.0,181.633
6061,0.0,0.0,181.633
6062,0.0,0.0,181.633
6063,0.0,0.0,181.633
6064,0.0,0.0,181.633
6065,0.0,0.0,181.633
6066,0.0,0.0,181.633
6067,0.0,0.0,181.633
6068,0.0,0.0,181.633
6069,0.0,0.0,181.633
6070,0.0,0.0,181.633
6071,0.0,0.0,181.633
6072,0.0,0.0,181.633
6073,0.0,0.0,181.633
6074,0.0,0.0,181.633
6075,0.0,0.0,181.633
6076,25.0,1.562,182.402
6077,16.6,1.038,181.215
6078,0.0,0.0,181.215
6079,0.0,0.0,181.215
6080,0.0,0.0,181.215
6081,0.0,0.0,181.215
6082,0.0,0.0,181.215
6083,0.0,0.0,181.215
6084,0.0,0.0,181.215
6085,0.0,0.0,181.215
6086,0.0,0.0,181.215
6087,0.0,0.0,181.215
6088,0.0,0.0,181.215
6089,0.0,0.0,181.215
6090,0.0,0.0,181.215
6091,0.0,0.0,181.215
6092,0.0,0.0,181.215
6093,0.0,0.0,181.215
6094,0.0,0.0,181.215
6095,0.0,0.0,181.215
6096,0.0,0.0,181.215
6097,0.0,0.0,181.215
6098,0.0,0.0,181.215
6099,0.0,0.0,181.215
6100,0.0,0.0,181.215
6101,0.0,0.0,181.215
6102,0.0,0.0,181.215
6103,0.0,0.0,181.215
6104,0.0,0.0,181.215
6105,0.0,0.0,181.215
6106,0.0,0.0,181.215
6107,0.0,0.0,181.215
6108,0.0,0.0,181.215
6109,0.0,0.0,181.215
6110,0.0,0.0,181.215
6111,0.0,0.0,181.215
6112,0.0,0.0,181.215
6113,0.0,0.0,181.215
6114,0.0,0.0,181.215
6115,0.0,0.0,181.215
6116,0.0,0.0,181.215
6117,0.0,0.0,181.215
6118,0.0,0.0,181.215
6119,0.0,0.0,181.215
6120,0.0,0.0,181.215
6121,0.0,0.0,181.215
6122,0.0,0.0,181.215
6123,0.0,0.0,181.215
6124,0.0,0.0,181.215
6125,0.0,0.0,181.215
6126,0.0,0.0,181.215
6127,0.0,0.0,181.219
6128,0.0,0.0,181.219
6129,0.0,0.0,181.238
6130,0.0,0.0,181.285
6131,50.0,3.125,182.059
6132,100.0,6.25,182.062
6133,100.0,6.25,182.062
6134,25.0,1.562,182.062
6135,0.0,0.0,182.062
6136,0.0,0.0,182.062
6137,0.0,0.0,182.062
6138,0.0,0.0,182.062
6139,0.0,0.0,182.062
6140,0.0,0.0,182.062
6141,14.2,0.887,182.062
6142,0.0,0.0,182.062
6143,0.0,0.0,182.062
6144,14.2,0.887,182.062
6145,0.0,0.0,182.062
6146,0.0,0.0,182.062
6147,50.0,3.125,182.062
6148,100.0,6.25,182.062
6149,28.4,1.775,182.062
6150,0.0,0.0,182.062
6151,0.0,0.0,182.062
6152,0.0,0.0,182.062
6153,0.0,0.0,182.062
6154,0.0,0.0,182.062
6155,0.0,0.0,182.062
6156,0.0,0.0,182.062
6157,0.0,0.0,182.062
6158,0.0,0.0,182.062
6159,0.0,0.0,182.062
6160,0.0,0.0,182.062
6161,14.2,0.887,182.062
6162,0.0,0.0,182.062
6163,0.0,0.0,182.059
6164,0.0,0.0,182.059
6165,0.0,0.0,182.059
6166,0.0,0.0,182.059
6167,0.0,0.0,182.059
6168,0.0,0.0,182.094
6169,28.7,1.794,179.457
6170,14.2,0.887,179.566
6171,0.0,0.0,179.566
6172,0.0,0.0,179.566
6173,0.0,0.0,179.566
6174,0.0,0.0,179.582
6175,0.0,0.0,179.582
6176,0.0,0.0,179.582
6177,0.0,0.0,179.582
6178,0.0,0.0,179.621
6179,0.0,0.0,179.625
6180,75.0,4.688,181.453
6181,100.0,6.25,181.602
6182,86.0,5.375,181.602
6183,0.0,0.0,181.602
6184,0.0,0.0,181.602
6185,0.0,0.0,181.602
6186,12.5,0.781,181.605
6187,0.0,0.0,181.605
6188,0.0,0.0,181.605
6189,0.0,0.0,181.605
6190,0.0,0.0,181.605
6191,0.0,0.0,181.605
6192,14.2,0.887,181.609
6193,14.3,0.894,181.621
6194,0.0,0.0,181.621
6195,0.0,0.0,181.621
6196,0.0,0.0,181.621
6197,0.0,0.0,181.621
6198,0.0,0.0,181.621
6199,62.5,3.906,179.66
6200,100.0,6.25,179.859
6201,71.0,4.438,179.859
6202,0.0,0.0,179.859
6203,0.0,0.0,179.859
6204,0.0,0.0,179.859
6205,0.0,0.0,179.859
6206,0.0,0.0,179.859
6207,0.0,0.0,179.973
6208,0.0,0.0,179.973
6209,0.0,0.0,179.973
6210,0.0,0.0,179.973
6211,0.0,0.0,179.977
6212,0.0,0.0,179.977
6213,0.0,0.0,179.977
6214,0.0,0.0,179.977
6215,0.0,0.0,179.977
6216,0.0,0.0,179.977
6217,0.0,0.0,179.977
6218,0.0,0.0,179.977
6219,0.0,0.0,179.977
6220,0.0,0.0,179.977
6221,0.0,0.0,179.977
6222,0.0,0.0,180.117
6223,42.6,2.663,180.664
6224,0.0,0.0,180.664
6225,0.0,0.0,180.664
6226,0.0,0.0,180.664
6227,14.3,0.894,180.664
6228,0.0,0.0,180.664
6229,0.0,0.0,180.664
6230,14.2,0.887,180.664
6231,28.7,1.794,180.734
6232,100.0,6.25,180.773
6233,100.0,6.25,180.773
6234,14.3,0.894,180.773
6235,0.0,0.0,180.773
6236,0.0,0.0,180.773
6237,0.0,0.0,180.773
6238,0.0,0.0,180.773
6239,14.2,0.887,180.773
6240,0.0,0.0,180.773
6241,14.2,0.887,180.773
6242,0.0,0.0,180.773
6243,0.0,0.0,180.773
6244,0.0,0.0,180.773
6245,0.0,0.0,180.773
6246,14.3,0.894,180.773
6247,0.0,0.0,180.773
6248,12.5,0.781,180.773
6249,0.0,0.0,180.773
6250,0.0,0.0,180.773
6251,0.0,0.0,180.773
6252,0.0,0.0,180.773
6253,0.0,0.0,180.773
6254,0.0,0.0,180.773
6255,55.8,3.487,180.773
6256,87.5,5.469,180.773
6257,87.5,5.469,180.773
6258,56.8,3.55,180.773
6259,14.3,0.894,180.773
6260,0.0,0.0,180.773
6261,0.0,0.0,180.773
6262,0.0,0.0,180.773
6263,0.0,0.0,180.773
6264,14.3,0.894,180.773
6265,0.0,0.0,180.773
6266,14.2,0.887,180.773
6267,0.0,0.0,180.773
6268,0.0,0.0,180.844
6269,0.0,0.0,180.988
6270,42.6,2.663,183.0
6271,0.0,0.0,183.0
6272,0.0,0.0,183.0
6273,0.0,0.0,183.0
6274,14.3,0.894,183.012
6275,0.0,0.0,183.012
6276,0.0,0.0,183.027
6277,57.3,3.581,183.293
6278,0.0,0.0,183.293
6279,75.0,4.688,183.594
6280,43.0,2.688,183.594
6281,0.0,0.0,183.594
6282,0.0,0.0,183.594
6283,0.0,0.0,183.594
6284,0.0,0.0,183.594
6285,14.2,0.887,183.594
6286,0.0,0.0,183.594
6287,0.0,0.0,183.594
6288,0.0,0.0,183.594
6289,0.0,0.0,183.598
6290,0.0,0.0,183.598
6291,14.3,0.894,183.598
6292,0.0,0.0,183.598
6293,0.0,0.0,183.598
6294,0.0,0.0,183.598
6295,0.0,0.0,183.598
6296,33.2,2.075,185.41
6297,75.0,4.688,183.727
6298,43.0,2.688,179.75
6299,0.0,0.0,179.75
6300,0.0,0.0,179.75
6301,0.0,0.0,179.75
6302,0.0,0.0,179.75
6303,0.0,0.0,179.75
6304,0.0,0.0,179.75
6305,14.2,0.887,179.754
6306,0.0,0.0,179.754
6307,0.0,0.0,179.758
6308,0.0,0.0,179.766
6309,0.0,0.0,179.766
6310,62.5,3.906,182.137
6311,100.0,6.25,181.328
6312,100.0,6.25,181.746
6313,87.5,5.469,181.746
6314,14.3,0.894,181.746
6315,14.2,0.887,181.758
6316,0.0,0.0,181.758
6317,0.0,0.0,181.758
6318,0.0,0.0,181.758
6319,0.0,0.0,181.758
6320,0.0,0.0,181.758
6321,0.0,0.0,181.758
6322,0.0,0.0,181.758
6323,0.0,0.0,181.758
6324,0.0,0.0,181.758
6325,0.0,0.0,181.766
6326,25.0,1.562,181.965
6327,14.3,0.894,182.016
6328,0.0,0.0,182.016
6329,0.0,0.0,182.016
6330,0.0,0.0,182.016
6331,14.3,0.894,182.016
6332,0.0,0.0,182.016
6333,0.0,0.0,182.016
6334,0.0,0.0,182.016
6335,0.0,0.0,182.016
6336,0.0,0.0,182.016
6337,0.0,0.0,182.016
6338,0.0,0.0,182.016
6339,87.5,5.469,182.387
6340,100.0,6.25,182.387
6341,87.5,5.469,182.387
6342,14.3,0.894,182.387
6343,0.0,0.0,182.387
6344,0.0,0.0,182.387
6345,12.5,0.781,182.387
6346,0.0,0.0,182.387
6347,0.0,0.0,182.387
6348,0.0,0.0,182.387
6349,0.0,0.0,182.387
6350,0.0,0.0,182.387
6351,50.0,3.125,182.387
6352,100.0,6.25,182.387
6353,62.5,3.906,182.387
6354,0.0,0.0,182.387
6355,0.0,0.0,182.387
6356,0.0,0.0,182.387
6357,0.0,0.0,182.387
6358,14.2,0.887,182.387
6359,0.0,0.0,182.387
6360,0.0,0.0,182.387
6361,0.0,0.0,182.387
6362,0.0,0.0,182.387
6363,0.0,0.0,182.387
6364,0.0,0.0,182.387
6365,0.0,0.0,182.387
6366,0.0,0.0,182.387
6367,0.0,0.0,182.387
6368,0.0,0.0,182.387
6369,0.0,0.0,182.387
6370,0.0,0.0,182.387
6371,0.0,0.0,182.387
6372,0.0,0.0,182.387
6373,0.0,0.0,182.387
6374,0.0,0.0,182.387
6375,0.0,0.0,182.387
6376,0.0,0.0,182.387
6377,0.0,0.0,182.387
6378,0.0,0.0,182.387
6379,0.0,0.0,182.387
6380,14.2,0.887,182.387
6381,0.0,0.0,182.387
6382,0.0,0.0,182.387
6383,0.0,0.0,182.387
6384,0.0,0.0,182.387
6385,0.0,0.0,182.387
6386,0.0,0.0,182.387
6387,0.0,0.0,182.387
6388,0.0,0.0,182.387
6389,0.0,0.0,182.387
6390,0.0,0.0,182.387
6391,0.0,0.0,182.387
6392,0.0,0.0,182.387
6393,0.0,0.0,182.387
6394,0.0,0.0,182.387
6395,0.0,0.0,182.387
6396,0.0,0.0,182.387
6397,0.0,0.0,182.387
6398,0.0,0.0,182.387
6399,0.0,0.0,182.387
6400,0.0,0.0,182.387
6401,0.0,0.0,182.387
6402,0.0,0.0,182.387
6403,0.0,0.0,182.387
6404,0.0,0.0,182.387
6405,0.0,0.0,182.387
6406,0.0,0.0,182.387
6407,0.0,0.0,182.387
6408,0.0,0.0,182.387
6409,0.0,0.0,182.387
6410,0.0,0.0,182.387
6411,0.0,0.0,182.387
6412,0.0,0.0,182.387
6413,0.0,0.0,182.387
6414,0.0,0.0,182.387
6415,0.0,0.0,182.387
6416,0.0,0.0,182.387
6417,0.0,0.0,182.387
6418,0.0,0.0,182.387
6419,0.0,0.0,182.387
6420,0.0,0.0,182.387
6421,0.0,0.0,182.387
6422,0.0,0.0,182.387
6423,0.0,0.0,182.387
6424,0.0,0.0,182.387
6425,0.0,0.0,182.387
6426,0.0,0.0,182.387
6427,0.0,0.0,182.387
6428,0.0,0.0,182.387
6429,0.0,0.0,182.387
6430,0.0,0.0,182.387
6431,0.0,0.0,182.387
6432,0.0,0.0,182.387
6433,0.0,0.0,182.387
6434,0.0,0.0,182.387
6435,0.0,0.0,182.387
6436,0.0,0.0,182.387
6437,0.0,0.0,182.387
6438,0.0,0.0,182.387
6439,0.0,0.0,182.387
6440,0.0,0.0,182.387
6441,0.0,0.0,182.387
6442,0.0,0.0,182.387
6443,0.0,0.0,182.387
6444,0.0,0.0,182.387
6445,0.0,0.0,182.387
6446,0.0,0.0,182.387
6447,0.0,0.0,182.387
6448,0.0,0.0,182.387
6449,0.0,0.0,182.387
6450,0.0,0.0,182.387
6451,0.0,0.0,182.387
6452,0.0,0.0,182.387
6453,0.0,0.0,182.387
6454,0.0,0.0,182.387
6455,0.0,0.0,182.387
6456,0.0,0.0,182.387
6457,0.0,0.0,182.387
6458,0.0,0.0,182.387
6459,0.0,0.0,182.387
6460,0.0,0.0,182.387
6461,0.0,0.0,182.387
6462,0.0,0.0,182.387
6463,0.0,0.0,182.387
6464,0.0,0.0,182.387
6465,0.0,0.0,182.387
6466,0.0,0.0,182.387
6467,0.0,0.0,182.387
6468,0.0,0.0,182.387
6469,0.0,0.0,182.387
6470,0.0,0.0,182.387
6471,0.0,0.0,182.387
6472,0.0,0.0,182.387
6473,14.3,0.894,182.387
6474,0.0,0.0,182.387
6475,0.0,0.0,182.387
6476,0.0,0.0,182.387
6477,0.0,0.0,182.387
6478,0.0,0.0,182.387
6479,0.0,0.0,182.387
6480,0.0,0.0,182.387
6481,0.0,0.0,182.387
6482,0.0,0.0,182.387
6483,0.0,0.0,182.387
6484,0.0,0.0,182.387
6485,0.0,0.0,182.387
6486,0.0,0.0,182.387
6487,0.0,0.0,182.387
6488,0.0,0.0,182.387
6489,0.0,0.0,182.387
6490,0.0,0.0,182.387
6491,0.0,0.0,182.387
6492,0.0,0.0,182.387
6493,0.0,0.0,182.387
6494,0.0,0.0,182.387
6495,0.0,0.0,182.387
6496,0.0,0.0,182.387
6497,0.0,0.0,182.387
6498,0.0,0.0,182.387
6499,0.0,0.0,182.387
6500,0.0,0.0,182.387
6501,0.0,0.0,182.387
6502,0.0,0.0,182.387
6503,0.0,0.0,182.387
6504,0.0,0.0,182.387
6505,0.0,0.0,182.387
6506,0.0,0.0,182.387
6507,0.0,0.0,182.387
6508,0.0,0.0,182.387
6509,0.0,0.0,182.387
6510,0.0,0.0,182.387
6511,0.0,0.0,182.387
6512,0.0,0.0,182.387
6513,0.0,0.0,182.387
6514,0.0,0.0,182.387
6515,0.0,0.0,182.387
6516,0.0,0.0,182.387
6517,0.0,0.0,182.387
6518,0.0,0.0,182.387
6519,0.0,0.0,182.387
6520,0.0,0.0,182.387
6521,0.0,0.0,182.387
6522,0.0,0.0,182.387
6523,0.0,0.0,182.387
6524,0.0,0.0,182.387
6525,0.0,0.0,182.387
6526,0.0,0.0,182.387
6527,0.0,0.0,182.387
6528,14.3,0.894,182.387
6529,0.0,0.0,182.387
6530,0.0,0.0,182.387
6531,0.0,0.0,182.387
6532,0.0,0.0,182.387
6533,0.0,0.0,182.387
6534,0.0,0.0,182.387
6535,0.0,0.0,182.387
6536,0.0,0.0,182.387
6537,0.0,0.0,182.387
6538,0.0,0.0,182.387
6539,0.0,0.0,182.387
6540,0.0,0.0,182.387
6541,0.0,0.0,182.387
6542,0.0,0.0,182.387
6543,0.0,0.0,182.387
6544,0.0,0.0,182.387
6545,75.0,4.688,182.387
6546,88.7,5.544,182.387
6547,71.7,4.481,182.387
6548,0.0,0.0,182.387
6549,14.2,0.887,182.387
6550,0.0,0.0,182.387
6551,0.0,0.0,182.387
6552,0.0,0.0,182.387
6553,14.3,0.894,182.387
6554,0.0,0.0,182.387
6555,0.0,0.0,182.387
6556,0.0,0.0,182.387
6557,0.0,0.0,182.387
6558,0.0,0.0,182.387
6559,50.0,3.125,182.387
6560,100.0,6.25,182.387
6561,100.4,6.275,182.387
6562,28.4,1.775,182.387
6563,0.0,0.0,182.387
6564,0.0,0.0,182.387
6565,0.0,0.0,182.387
6566,0.0,0.0,182.387
6567,0.0,0.0,182.387
6568,0.0,0.0,182.387
6569,0.0,0.0,182.387
6570,14.3,0.894,182.387
6571,0.0,0.0,182.387
6572,0.0,0.0,182.387
6573,0.0,0.0,182.387
6574,0.0,0.0,182.387
6575,0.0,0.0,182.387
6576,0.0,0.0,182.387
6577,0.0,0.0,182.387
6578,0.0,0.0,182.387
6579,0.0,0.0,182.387
6580,0.0,0.0,182.387
6581,0.0,0.0,182.387
6582,0.0,0.0,182.387
6583,0.0,0.0,182.387
6584,0.0,0.0,182.387
6585,0.0,0.0,182.387
6586,0.0,0.0,182.387
6587,0.0,0.0,182.387
6588,0.0,0.0,182.387
6589,14.2,0.887,182.453
6590,0.0,0.0,182.453
6591,0.0,0.0,182.453
6592,0.0,0.0,182.453
6593,0.0,0.0,182.453
6594,0.0,0.0,182.453
6595,0.0,0.0,182.453
6596,0.0,0.0,182.453
6597,0.0,0.0,182.453
6598,0.0,0.0,182.453
6599,0.0,0.0,182.453
6600,0.0,0.0,182.453
6601,0.0,0.0,182.453
6602,0.0,0.0,182.453
6603,0.0,0.0,182.465
6604,0.0,0.0,182.465
6605,14.3,0.894,182.473
6606,0.0,0.0,182.473
6607,0.0,0.0,182.477
6608,0.0,0.0,182.477
6609,0.0,0.0,182.477
6610,71.7,4.481,183.148
6611,12.5,0.781,183.148
6612,0.0,0.0,183.148
6613,0.0,0.0,183.148
6614,0.0,0.0,183.148
6615,0.0,0.0,183.148
6616,14.2,0.887,183.148
6617,0.0,0.0,183.148
6618,0.0,0.0,183.148
6619,0.0,0.0,183.148
6620,0.0,0.0,183.148
6621,0.0,0.0,183.148
6622,0.0,0.0,183.148
6623,0.0,0.0,183.148
6624,14.3,0.894,183.148
6625,0.0,0.0,183.148
6626,0.0,0.0,183.148
6627,0.0,0.0,183.148
6628,0.0,0.0,183.148
6629,0.0,0.0,183.148
6630,0.0,0.0,183.168
6631,0.0,0.0,183.168
6632,0.0,0.0,183.168
6633,0.0,0.0,183.168
6634,0.0,0.0,183.168
6635,0.0,0.0,183.168
6636,0.0,0.0,183.168
6637,0.0,0.0,183.168
6638,0.0,0.0,183.168
6639,0.0,0.0,183.168
6640,0.0,0.0,183.168
6641,0.0,0.0,183.176
6642,0.0,0.0,183.176
6643,0.0,0.0,183.176
6644,0.0,0.0,183.176
6645,0.0,0.0,183.176
6646,87.5,5.469,183.219
6647,100.0,6.25,183.219
6648,100.0,6.25,183.219
6649,56.8,3.55,183.219
6650,0.0,0.0,183.219
6651,0.0,0.0,183.219
6652,0.0,0.0,183.219
6653,0.0,0.0,183.219
6654,0.0,0.0,183.219
6655,0.0,0.0,183.219
6656,0.0,0.0,183.219
6657,0.0,0.0,183.219
6658,0.0,0.0,183.219
6659,0.0,0.0,183.219
6660,0.0,0.0,183.219
6661,0.0,0.0,183.219
6662,0.0,0.0,183.219
6663,0.0,0.0,183.219
6664,0.0,0.0,183.219
6665,0.0,0.0,183.219
6666,0.0,0.0,183.219
6667,0.0,0.0,183.219
6668,0.0,0.0,183.219
6669,0.0,0.0,183.219
6670,0.0,0.0,183.219
6671,0.0,0.0,183.219
6672,0.0,0.0,183.219
6673,0.0,0.0,183.219
6674,0.0,0.0,183.219
6675,0.0,0.0,183.219
6676,0.0,0.0,183.219
6677,0.0,0.0,183.219
6678,0.0,0.0,183.219
6679,14.2,0.887,183.219
6680,0.0,0.0,183.219
6681,0.0,0.0,183.219
6682,0.0,0.0,183.219
6683,0.0,0.0,183.219
6684,0.0,0.0,183.219
6685,0.0,0.0,183.219
6686,0.0,0.0,183.219
6687,0.0,0.0,183.219
6688,0.0,0.0,183.219
6689,0.0,0.0,183.219
6690,0.0,0.0,183.219
6691,0.0,0.0,183.219
6692,0.0,0.0,183.219
6693,0.0,0.0,183.219
6694,0.0,0.0,183.219
6695,0.0,0.0,183.219
6696,0.0,0.0,183.219
6697,0.0,0.0,183.219
6698,0.0,0.0,183.219
6699,0.0,0.0,183.219
6700,0.0,0.0,183.219
6701,0.0,0.0,183.219
6702,0.0,0.0,183.219
6703,0.0,0.0,183.219
6704,0.0,0.0,183.219
6705,0.0,0.0,183.219
6706,0.0,0.0,183.219
6707,0.0,0.0,183.219
6708,0.0,0.0,183.219
6709,0.0,0.0,183.219
6710,0.0,0.0,183.219
6711,0.0,0.0,183.219
6712,0.0,0.0,183.219
6713,0.0,0.0,183.219
6714,0.0,0.0,183.219
6715,0.0,0.0,183.219
6716,0.0,0.0,183.219
6717,14.3,0.894,183.219
6718,0.0,0.0,183.219
6719,0.0,0.0,183.219
6720,0.0,0.0,183.219
6721,0.0,0.0,183.219
6722,0.0,0.0,183.219
6723,0.0,0.0,183.219
6724,0.0,0.0,183.219
6725,0.0,0.0,183.219
6726,0.0,0.0,183.219
6727,0.0,0.0,183.219
6728,0.0,0.0,183.219
6729,0.0,0.0,183.219
6730,0.0,0.0,183.219
6731,0.0,0.0,183.219
6732,0.0,0.0,183.219
6733,0.0,0.0,183.219
6734,0.0,0.0,183.219
6735,0.0,0.0,183.219
6736,0.0,0.0,183.219
6737,0.0,0.0,183.219
6738,0.0,0.0,183.219
6739,0.0,0.0,183.219
6740,0.0,0.0,183.219
6741,0.0,0.0,183.219
6742,0.0,0.0,183.219
6743,0.0,0.0,183.219
6744,0.0,0.0,183.219
6745,0.0,0.0,183.219
6746,0.0,0.0,183.219
6747,0.0,0.0,183.219
6748,0.0,0.0,183.219
6749,0.0,0.0,183.219
6750,0.0,0.0,183.219
6751,0.0,0.0,183.219
6752,0.0,0.0,183.219
6753,0.0,0.0,183.219
6754,0.0,0.0,183.219
6755,0.0,0.0,183.219
6756,0.0,0.0,183.219
6757,0.0,0.0,183.219
6758,0.0,0.0,183.219
6759,0.0,0.0,183.219
6760,0.0,0.0,183.219
6761,0.0,0.0,183.219
6762,0.0,0.0,183.219
6763,0.0,0.0,183.219
6764,0.0,0.0,183.219
6765,0.0,0.0,183.219
6766,0.0,0.0,183.219
6767,0.0,0.0,183.219
6768,0.0,0.0,183.219
6769,0.0,0.0,183.219
6770,0.0,0.0,183.219
6771,0.0,0.0,183.219
6772,0.0,0.0,183.219
6773,0.0,0.0,183.219
6774,0.0,0.0,183.219
6775,0.0,0.0,183.219
6776,0.0,0.0,183.219
6777,0.0,0.0,183.219
6778,0.0,0.0,183.219
6779,14.3,0.894,183.219
6780,0.0,0.0,183.219
6781,0.0,0.0,183.219
6782,0.0,0.0,183.219
6783,0.0,0.0,183.219
6784,0.0,0.0,183.219
6785,0.0,0.0,183.219
6786,0.0,0.0,183.219
6787,0.0,0.0,183.219
6788,12.5,0.781,183.219
6789,37.5,2.344,183.219
6790,33.2,2.075,183.219
6791,57.3,3.581,183.219
6792,55.4,3.462,183.219
6793,62.5,3.906,183.219
6794,37.5,2.344,183.219
6795,100.0,6.25,183.219
6796,55.4,3.462,183.219
6797,87.5,5.469,183.219
6798,87.5,5.469,183.219
6799,62.5,3.906,183.219
6800,62.5,3.906,183.219
6801,0.0,0.0,183.219
6802,14.3,0.894,183.219
6803,0.0,0.0,183.219
6804,14.2,0.887,183.227
6805,25.0,1.562,183.27
6806,0.0,0.0,183.27
6807,0.0,0.0,183.27
6808,0.0,0.0,183.27
6809,14.3,0.894,183.348
6810,28.4,1.775,183.504
6811,0.0,0.0,183.504
6812,87.5,5.469,183.504
6813,33.2,2.075,183.504
6814,12.5,0.781,183.504
6815,0.0,0.0,183.504
6816,56.8,3.55,183.504
6817,14.3,0.894,183.504
6818,50.0,3.125,183.508
6819,50.0,3.125,183.508
6820,75.0,4.688,183.508
6821,75.0,4.688,183.598
6822,75.0,4.688,183.598
6823,87.5,5.469,183.598
6824,87.5,5.469,183.598
6825,87.5,5.469,183.598
6826,87.5,5.469,183.598
6827,87.5,5.469,183.598
6828,75.0,4.688,183.598
6829,37.5,2.344,183.598
6830,33.2,2.075,183.598
6831,50.0,3.125,183.598
6832,28.7,1.794,183.598
6833,0.0,0.0,183.598
6834,0.0,0.0,183.598
6835,0.0,0.0,183.598
6836,0.0,0.0,183.598
6837,0.0,0.0,183.598
6838,0.0,0.0,183.598
6839,14.2,0.887,183.598
6840,0.0,0.0,183.598
6841,0.0,0.0,183.598
6842,0.0,0.0,183.598
6843,0.0,0.0,183.598
6844,0.0,0.0,183.598
6845,0.0,0.0,183.598
6846,0.0,0.0,183.598
6847,0.0,0.0,183.598
6848,0.0,0.0,183.598
6849,0.0,0.0,183.598
6850,0.0,0.0,183.598
6851,0.0,0.0,183.598
6852,0.0,0.0,183.598
6853,0.0,0.0,183.598
6854,0.0,0.0,183.598
6855,0.0,0.0,183.598
6856,0.0,0.0,183.598
6857,0.0,0.0,183.598
6858,0.0,0.0,183.598
6859,0.0,0.0,183.598
6860,0.0,0.0,183.598
6861,0.0,0.0,183.598
6862,0.0,0.0,183.598
6863,0.0,0.0,183.598
6864,0.0,0.0,183.598
6865,0.0,0.0,183.598
6866,0.0,0.0,183.598
6867,0.0,0.0,183.598
6868,0.0,0.0,183.598
6869,0.0,0.0,183.598
6870,0.0,0.0,183.598
6871,0.0,0.0,183.598
6872,0.0,0.0,183.598
6873,0.0,0.0,183.598
6874,0.0,0.0,183.598
6875,0.0,0.0,183.598
6876,0.0,0.0,183.598
6877,0.0,0.0,183.598
6878,0.0,0.0,183.598
6879,0.0,0.0,183.598
6880,0.0,0.0,183.598
6881,0.0,0.0,183.598
6882,0.0,0.0,183.598
6883,0.0,0.0,183.598
6884,0.0,0.0,183.598
6885,0.0,0.0,183.598
6886,0.0,0.0,183.598
6887,0.0,0.0,183.598
6888,0.0,0.0,183.598
6889,0.0,0.0,183.598
6890,0.0,0.0,183.598
6891,0.0,0.0,183.598
6892,0.0,0.0,183.598
6893,0.0,0.0,183.598
6894,0.0,0.0,183.598
6895,0.0,0.0,183.598
6896,0.0,0.0,183.598
6897,0.0,0.0,183.598
6898,0.0,0.0,183.598
6899,0.0,0.0,183.598
6900,0.0,0.0,183.598
6901,0.0,0.0,183.598
6902,0.0,0.0,183.598
6903,0.0,0.0,183.598
6904,0.0,0.0,183.598
6905,0.0,0.0,183.598
6906,28.7,1.794,183.598
6907,0.0,0.0,183.598
6908,0.0,0.0,183.598
6909,0.0,0.0,183.598
6910,0.0,0.0,183.598
6911,0.0,0.0,183.598
6912,0.0,0.0,183.598
6913,0.0,0.0,183.598
6914,0.0,0.0,183.598
6915,0.0,0.0,183.598
6916,0.0,0.0,183.598
6917,0.0,0.0,183.598
6918,0.0,0.0,183.598
6919,0.0,0.0,183.598
6920,0.0,0.0,183.598
6921,0.0,0.0,183.598
6922,0.0,0.0,183.598
6923,0.0,0.0,183.598
6924,0.0,0.0,183.598
6925,0.0,0.0,183.598
6926,0.0,0.0,183.598
6927,0.0,0.0,183.598
6928,0.0,0.0,183.598
6929,0.0,0.0,183.598
6930,0.0,0.0,183.598
6931,0.0,0.0,183.598
6932,0.0,0.0,183.598
6933,0.0,0.0,183.598
6934,0.0,0.0,183.598
6935,0.0,0.0,183.598
6936,0.0,0.0,183.598
6937,0.0,0.0,183.598
6938,0.0,0.0,183.598
6939,0.0,0.0,183.598
6940,0.0,0.0,183.598
6941,0.0,0.0,183.598
6942,0.0,0.0,183.598
6943,0.0,0.0,183.598
6944,0.0,0.0,183.598
6945,0.0,0.0,183.598
6946,0.0,0.0,183.598
6947,0.0,0.0,183.598
6948,0.0,0.0,183.598
6949,0.0,0.0,183.598
6950,0.0,0.0,183.598
6951,0.0,0.0,183.598
6952,0.0,0.0,183.598
6953,0.0,0.0,183.598
6954,0.0,0.0,183.598
6955,0.0,0.0,183.598
6956,0.0,0.0,183.598
6957,0.0,0.0,183.598
6958,0.0,0.0,183.598
6959,0.0,0.0,183.598
6960,0.0,0.0,183.598
6961,0.0,0.0,183.598
6962,0.0,0.0,183.598
6963,0.0,0.0,183.598
6964,0.0,0.0,183.598
6965,14.3,0.894,183.598
6966,0.0,0.0,183.598
6967,0.0,0.0,183.598
6968,0.0,0.0,183.598
6969,0.0,0.0,183.598
6970,0.0,0.0,183.598
6971,0.0,0.0,183.598
6972,0.0,0.0,183.598
6973,37.5,2.344,183.598
6974,20.0,1.25,183.598
6975,22.2,1.387,183.598
6976,22.2,1.387,183.598
6977,6.7,0.419,183.598
6978,0.0,0.0,183.598
6979,0.0,0.0,183.598
6980,0.0,0.0,183.598
6981,5.5,0.344,183.598
6982,6.1,0.381,183.598
6983,0.0,0.0,183.598
6984,0.0,0.0,183.598
6985,0.0,0.0,183.598
6986,10.0,0.625,183.598
6987,0.0,0.0,183.598
6988,0.0,0.0,183.598
6989,0.0,0.0,183.598
6990,0.0,0.0,183.598
6991,11.2,0.7,183.598
6992,0.0,0.0,183.598
6993,0.0,0.0,183.598
6994,8.3,0.519,183.598
6995,11.2,0.7,183.598
6996,7.7,0.481,183.598
6997,0.0,0.0,183.598
6998,11.2,0.7,183.598
6999,16.6,1.038,183.598
7000,16.7,1.044,183.598
7001,20.0,1.25,183.598
7002,37.5,2.344,183.598
7003,50.0,3.125,183.598
7004,62.5,3.906,183.598
7005,49.8,3.112,183.598
7006,0.0,0.0,183.598
7007,0.0,0.0,183.598
7008,0.0,0.0,183.598
7009,0.0,0.0,183.598
7010,0.0,0.0,183.598
7011,0.0,0.0,183.598
7012,0.0,0.0,183.598
7013,14.2,0.887,183.594
7014,0.0,0.0,183.594
7015,0.0,0.0,183.594
7016,0.0,0.0,183.594
7017,0.0,0.0,183.594
7018,14.2,0.887,183.594
7019,0.0,0.0,183.594
7020,0.0,0.0,183.598
7021,0.0,0.0,183.598
7022,0.0,0.0,183.598
7023,0.0,0.0,183.598
7024,0.0,0.0,183.598
7025,0.0,0.0,183.598
7026,0.0,0.0,183.598
7027,0.0,0.0,183.598
7028,0.0,0.0,183.598
7029,28.7,1.794,183.59
7030,0.0,0.0,183.59
7031,0.0,0.0,183.59
7032,0.0,0.0,183.59
7033,0.0,0.0,183.59
7034,0.0,0.0,183.586
7035,0.0,0.0,183.586
7036,0.0,0.0,183.586
7037,0.0,0.0,183.586
7038,0.0,0.0,183.586
7039,0.0,0.0,183.586
7040,0.0,0.0,183.586
7041,0.0,0.0,183.586
7042,0.0,0.0,183.586
7043,88.7,5.544,183.586
7044,66.5,4.156,180.059
7045,14.3,0.894,180.121
7046,0.0,0.0,180.121
7047,0.0,0.0,180.121
7048,0.0,0.0,180.121
7049,0.0,0.0,180.121
7050,0.0,0.0,180.121
7051,0.0,0.0,180.121
7052,0.0,0.0,180.121
7053,14.3,0.894,180.176
7054,0.0,0.0,180.176
7055,0.0,0.0,180.176
7056,0.0,0.0,180.176
7057,0.0,0.0,180.176
7058,0.0,0.0,180.176
7059,0.0,0.0,180.176
7060,0.0,0.0,180.176
7061,0.0,0.0,180.176
7062,0.0,0.0,180.176
7063,0.0,0.0,180.176
7064,0.0,0.0,180.176
7065,0.0,0.0,180.176
7066,12.5,0.781,180.527
7067,55.4,3.462,180.543
7068,100.0,6.25,180.602
7069,62.5,3.906,181.102
7070,37.5,2.344,181.102
7071,75.0,4.688,181.199
7072,62.5,3.906,181.199
7073,87.5,5.469,181.199
7074,50.0,3.125,181.199
7075,75.0,4.688,181.199
7076,62.5,3.906,181.199
7077,71.7,4.481,181.199
7078,0.0,0.0,181.199
7079,14.2,0.887,181.207
7080,0.0,0.0,181.207
7081,0.0,0.0,181.207
7082,14.3,0.894,181.273
7083,14.2,0.887,181.273
7084,14.3,0.894,181.273
7085,14.3,0.894,181.273
7086,28.4,1.775,181.273
7087,0.0,0.0,181.273
7088,0.0,0.0,181.273
7089,12.5,0.781,181.273
7090,0.0,0.0,181.273
7091,0.0,0.0,181.273
7092,50.0,3.125,181.273
7093,75.0,4.688,181.273
7094,75.0,4.688,181.273
7095,12.5,0.781,181.273
7096,87.5,5.469,181.273
7097,62.5,3.906,181.273
7098,42.6,2.663,181.273
7099,14.3,0.894,181.273
7100,0.0,0.0,181.273
7101,0.0,0.0,181.273
7102,0.0,0.0,181.273
7103,28.7,1.794,181.273
7104,0.0,0.0,181.273
7105,0.0,0.0,181.273
7106,0.0,0.0,181.273
7107,50.0,3.125,181.273
7108,50.0,3.125,181.273
7109,44.3,2.769,181.273
7110,37.5,2.344,181.273
7111,33.2,2.075,181.273
7112,0.0,0.0,181.273
7113,0.0,0.0,181.273
7114,14.3,0.894,181.273
7115,14.2,0.887,181.273
7116,14.3,0.894,181.273
7117,14.3,0.894,181.273
7118,0.0,0.0,181.273
7119,0.0,0.0,181.48
7120,14.3,0.894,181.496
7121,42.6,2.663,183.336
7122,0.0,0.0,183.34
7123,0.0,0.0,183.34
7124,0.0,0.0,183.34
7125,14.3,0.894,183.41
7126,14.3,0.894,183.41
7127,14.2,0.887,183.426
7128,0.0,0.0,183.426
7129,14.3,0.894,183.492
7130,0.0,0.0,183.496
7131,25.0,1.562,188.957
7132,100.3,6.269,183.738
7133,75.0,4.688,183.742
7134,14.2,0.887,183.742
7135,0.0,0.0,183.742
7136,0.0,0.0,183.742
7137,0.0,0.0,183.742
7138,0.0,0.0,183.742
7139,0.0,0.0,183.742
7140,14.2,0.887,183.742
7141,0.0,0.0,183.742
7142,0.0,0.0,183.742
7143,0.0,0.0,183.742
7144,0.0,0.0,183.742
7145,0.0,0.0,183.742
7146,0.0,0.0,183.742
7147,0.0,0.0,183.742
7148,43.0,2.688,183.742
7149,14.2,0.887,183.742
7150,0.0,0.0,183.742
7151,0.0,0.0,183.742
7152,0.0,0.0,183.742
7153,0.0,0.0,183.742
7154,0.0,0.0,183.742
7155,0.0,0.0,183.742
7156,0.0,0.0,183.742
7157,0.0,0.0,183.742
7158,87.5,5.469,183.742
7159,100.0,6.25,183.742
7160,88.7,5.544,183.742
7161,43.0,2.688,183.742
7162,0.0,0.0,183.742
7163,0.0,0.0,183.742
7164,14.2,0.887,183.742
7165,0.0,0.0,183.742
7166,0.0,0.0,183.742
7167,0.0,0.0,183.742
7168,0.0,0.0,183.742
7169,0.0,0.0,183.742
7170,0.0,0.0,183.742
7171,0.0,0.0,183.742
7172,14.3,0.894,183.742
7173,0.0,0.0,183.742
7174,0.0,0.0,183.742
7175,0.0,0.0,183.742
7176,12.5,0.781,183.742
7177,37.5,2.344,183.777
7178,85.2,5.325,183.777
7179,0.0,0.0,183.777
7180,0.0,0.0,183.777
7181,0.0,0.0,183.777
7182,0.0,0.0,183.777
7183,14.3,0.894,183.777
7184,0.0,0.0,183.777
7185,0.0,0.0,183.777
7186,0.0,0.0,183.777
7187,0.0,0.0,183.777
7188,37.5,2.344,183.777
7189,89.3,5.581,183.777
7190,100.0,6.25,183.777
7191,87.5,5.469,183.777
7192,37.5,2.344,183.777
7193,62.5,3.906,183.777
7194,0.0,0.0,183.777
7195,0.0,0.0,183.777
7196,0.0,0.0,183.777
7197,14.2,0.887,183.777
7198,14.3,0.894,183.777
7199,0.0,0.0,183.777
7200,0.0,0.0,183.777
7201,0.0,0.0,183.777
7202,0.0,0.0,183.777
7203,0.0,0.0,183.777
7204,0.0,0.0,183.777
7205,0.0,0.0,183.777
7206,25.0,1.562,183.777
7207,14.2,0.887,183.777
7208,0.0,0.0,183.777
7209,0.0,0.0,183.777
7210,0.0,0.0,183.777
7211,0.0,0.0,183.777
7212,0.0,0.0,183.777
7213,0.0,0.0,183.777
7214,0.0,0.0,183.777
7215,75.0,4.688,183.777
7216,100.0,6.25,183.777
7217,28.7,1.794,183.777
7218,0.0,0.0,183.777
7219,14.3,0.894,183.777
7220,0.0,0.0,183.777
7221,0.0,0.0,183.777
7222,0.0,0.0,183.777
7223,0.0,0.0,183.777
7224,0.0,0.0,183.777
7225,0.0,0.0,183.777
7226,14.2,0.887,183.777
7227,0.0,0.0,183.777
7228,0.0,0.0,183.777
7229,0.0,0.0,183.777
7230,0.0,0.0,183.777
7231,0.0,0.0,183.777
7232,0.0,0.0,183.777
7233,0.0,0.0,183.777
7234,0.0,0.0,183.777
7235,0.0,0.0,183.777
7236,0.0,0.0,183.777
7237,0.0,0.0,183.777
7238,14.3,0.894,183.777
7239,0.0,0.0,183.777
7240,0.0,0.0,183.777
7241,0.0,0.0,183.777
7242,12.5,0.781,183.777
7243,0.0,0.0,183.777
7244,0.0,0.0,183.777
7245,0.0,0.0,183.777
7246,0.0,0.0,183.777
7247,14.3,0.894,183.824
7248,0.0,0.0,183.824
7249,0.0,0.0,183.824
7250,0.0,0.0,183.824
7251,0.0,0.0,183.824
7252,0.0,0.0,183.824
7253,0.0,0.0,183.824
7254,14.2,0.887,184.012
7255,0.0,0.0,184.012
7256,0.0,0.0,184.012
7257,0.0,0.0,184.02
7258,0.0,0.0,184.02
7259,0.0,0.0,184.02
7260,87.5,5.469,184.02
7261,100.0,6.25,184.047
7262,88.7,5.544,184.047
7263,100.0,6.25,184.047
7264,100.3,6.269,184.047
7265,0.0,0.0,184.047
7266,0.0,0.0,184.047
7267,0.0,0.0,184.047
7268,0.0,0.0,184.047
7269,0.0,0.0,184.047
7270,0.0,0.0,184.047
7271,0.0,0.0,184.047
7272,0.0,0.0,184.047
7273,0.0,0.0,184.047
7274,0.0,0.0,184.047
7275,0.0,0.0,184.047
7276,0.0,0.0,184.047
7277,0.0,0.0,184.047
7278,0.0,0.0,184.047
7279,0.0,0.0,184.047
7280,0.0,0.0,184.047
7281,0.0,0.0,184.047
7282,0.0,0.0,184.047
7283,0.0,0.0,184.047
7284,0.0,0.0,184.047
7285,0.0,0.0,184.047
7286,0.0,0.0,184.047
7287,0.0,0.0,184.047
7288,0.0,0.0,184.047
7289,0.0,0.0,184.047
7290,0.0,0.0,184.047
7291,0.0,0.0,184.047
7292,0.0,0.0,184.047
7293,0.0,0.0,184.047
7294,0.0,0.0,184.047
7295,0.0,0.0,184.047
7296,0.0,0.0,184.047
7297,0.0,0.0,184.047
7298,0.0,0.0,184.047
7299,0.0,0.0,184.047
7300,0.0,0.0,184.047
7301,0.0,0.0,184.047
7302,0.0,0.0,184.047
7303,0.0,0.0,184.047
7304,0.0,0.0,184.047
7305,0.0,0.0,184.047
7306,0.0,0.0,184.047
7307,0.0,0.0,184.047
7308,0.0,0.0,184.047
7309,0.0,0.0,184.047
7310,0.0,0.0,184.047
7311,0.0,0.0,184.047
7312,0.0,0.0,184.047
7313,0.0,0.0,184.047
7314,0.0,0.0,184.047
7315,0.0,0.0,184.047
7316,0.0,0.0,184.047
7317,0.0,0.0,184.047
7318,0.0,0.0,184.047
7319,0.0,0.0,184.047
7320,0.0,0.0,184.047
7321,0.0,0.0,184.047
7322,0.0,0.0,184.047
7323,0.0,0.0,184.047
7324,0.0,0.0,184.047
7325,0.0,0.0,184.047
7326,0.0,0.0,184.047
7327,0.0,0.0,184.047
7328,0.0,0.0,184.047
7329,0.0,0.0,184.047
7330,0.0,0.0,184.047
7331,0.0,0.0,184.047
7332,0.0,0.0,184.047
7333,0.0,0.0,184.047
7334,0.0,0.0,184.047
7335,0.0,0.0,184.047
7336,0.0,0.0,184.047
7337,0.0,0.0,184.047
7338,0.0,0.0,184.047
7339,0.0,0.0,184.047
7340,0.0,0.0,184.047
7341,0.0,0.0,184.047
7342,0.0,0.0,184.047
7343,0.0,0.0,184.047
7344,0.0,0.0,184.047
7345,0.0,0.0,184.047
7346,0.0,0.0,184.047
7347,0.0,0.0,184.047
7348,0.0,0.0,184.047
7349,0.0,0.0,184.047
7350,0.0,0.0,184.047
7351,0.0,0.0,184.047
7352,0.0,0.0,184.047
7353,0.0,0.0,184.047
7354,0.0,0.0,184.047
7355,0.0,0.0,184.047
7356,0.0,0.0,184.047
7357,0.0,0.0,184.047
7358,0.0,0.0,184.047
7359,0.0,0.0,184.047
7360,0.0,0.0,184.047
7361,0.0,0.0,184.047
7362,0.0,0.0,184.047
7363,0.0,0.0,184.047
7364,0.0,0.0,184.047
7365,0.0,0.0,184.047
7366,100.0,6.25,184.051
7367,100.0,6.25,184.055
7368,100.0,6.25,184.055
7369,57.3,3.581,184.055
7370,0.0,0.0,184.055
7371,0.0,0.0,184.055
7372,0.0,0.0,184.055
7373,0.0,0.0,184.055
7374,12.5,0.781,184.055
7375,0.0,0.0,184.055
7376,0.0,0.0,184.055
7377,0.0,0.0,184.055
7378,0.0,0.0,184.055
7379,0.0,0.0,184.055
7380,0.0,0.0,184.055
7381,0.0,0.0,184.055
7382,28.7,1.794,184.055
7383,0.0,0.0,184.055
7384,0.0,0.0,184.055
7385,0.0,0.0,184.055
7386,0.0,0.0,184.055
7387,0.0,0.0,184.055
7388,0.0,0.0,184.055
7389,0.0,0.0,184.055
7390,66.5,4.156,184.055
7391,100.0,6.25,184.055
7392,100.0,6.25,184.055
7393,100.0,6.25,184.055
7394,87.5,5.469,184.055
7395,0.0,0.0,184.055
7396,0.0,0.0,184.055
7397,0.0,0.0,184.055
7398,0.0,0.0,184.055
7399,0.0,0.0,184.055
7400,0.0,0.0,184.055
7401,16.8,1.05,184.055
7402,0.0,0.0,184.055
7403,0.0,0.0,184.055
7404,0.0,0.0,184.055
7405,14.3,0.894,184.055
7406,0.0,0.0,184.055
7407,0.0,0.0,184.055
7408,0.0,0.0,184.055
7409,71.7,4.481,184.855
7410,28.7,1.794,184.855
7411,0.0,0.0,184.855
7412,0.0,0.0,184.855
7413,0.0,0.0,184.855
7414,0.0,0.0,184.855
7415,0.0,0.0,184.855
7416,0.0,0.0,184.855
7417,66.5,4.156,184.855
7418,100.3,6.269,184.855
7419,100.0,6.25,184.855
7420,71.7,4.481,184.855
7421,0.0,0.0,184.855
7422,0.0,0.0,184.855
7423,0.0,0.0,184.855
7424,0.0,0.0,184.855
7425,0.0,0.0,184.855
7426,0.0,0.0,184.855
7427,0.0,0.0,184.855
7428,0.0,0.0,184.855
7429,0.0,0.0,184.855
7430,0.0,0.0,184.855
7431,0.0,0.0,184.855
7432,14.2,0.887,184.855
7433,0.0,0.0,184.855
7434,0.0,0.0,184.855
7435,0.0,0.0,184.855
7436,0.0,0.0,184.855
7437,0.0,0.0,184.855
7438,0.0,0.0,184.855
7439,0.0,0.0,184.855
7440,0.0,0.0,184.879
7441,0.0,0.0,184.879
7442,0.0,0.0,184.879
7443,0.0,0.0,184.879
7444,0.0,0.0,184.879
7445,0.0,0.0,184.879
7446,0.0,0.0,184.879
7447,0.0,0.0,184.879
7448,0.0,0.0,184.879
7449,0.0,0.0,184.879
7450,0.0,0.0,184.879
7451,0.0,0.0,184.879
7452,0.0,0.0,184.879
7453,0.0,0.0,184.879
7454,0.0,0.0,184.879
7455,0.0,0.0,184.879
7456,0.0,0.0,184.879
7457,0.0,0.0,184.879
7458,0.0,0.0,184.879
7459,0.0,0.0,184.879
7460,0.0,0.0,184.879
7461,0.0,0.0,184.879
7462,0.0,0.0,184.879
7463,0.0,0.0,184.879
7464,0.0,0.0,184.879
7465,0.0,0.0,184.879
7466,0.0,0.0,184.879
7467,0.0,0.0,184.879
7468,0.0,0.0,184.879
7469,0.0,0.0,184.879
7470,0.0,0.0,184.879
7471,0.0,0.0,184.879
7472,0.0,0.0,184.879
7473,0.0,0.0,184.879
7474,0.0,0.0,184.879
7475,0.0,0.0,184.879
7476,0.0,0.0,184.879
7477,0.0,0.0,184.879
7478,0.0,0.0,184.879
7479,0.0,0.0,184.879
7480,0.0,0.0,184.879
7481,0.0,0.0,184.879
7482,0.0,0.0,184.879
7483,0.0,0.0,184.879
7484,0.0,0.0,184.879
7485,0.0,0.0,184.879
7486,0.0,0.0,184.879
7487,0.0,0.0,184.879
7488,0.0,0.0,184.879
7489,0.0,0.0,184.879
7490,0.0,0.0,184.879
7491,0.0,0.0,184.879
7492,0.0,0.0,184.879
7493,0.0,0.0,184.879
7494,0.0,0.0,184.879
7495,0.0,0.0,184.879
7496,0.0,0.0,184.879
7497,0.0,0.0,184.879
7498,0.0,0.0,184.879
7499,12.5,0.781,184.879
7500,16.6,1.038,184.879
7501,0.0,0.0,184.879
7502,0.0,0.0,184.879
7503,0.0,0.0,184.879
7504,0.0,0.0,184.879
7505,0.0,0.0,184.879
7506,0.0,0.0,184.879
7507,0.0,0.0,184.879
7508,0.0,0.0,184.879
7509,0.0,0.0,184.879
7510,0.0,0.0,184.879
7511,0.0,0.0,184.879
7512,0.0,0.0,184.879
7513,0.0,0.0,184.879
7514,0.0,0.0,184.879
7515,0.0,0.0,184.879
7516,0.0,0.0,184.879
7517,0.0,0.0,184.879
7518,0.0,0.0,184.879
7519,0.0,0.0,184.879
7520,0.0,0.0,184.879
7521,0.0,0.0,184.879
7522,0.0,0.0,184.879
7523,0.0,0.0,184.879
7524,0.0,0.0,184.879
7525,0.0,0.0,184.879
7526,0.0,0.0,184.879
7527,0.0,0.0,184.879
7528,0.0,0.0,184.879
7529,0.0,0.0,184.879
7530,0.0,0.0,184.879
7531,0.0,0.0,184.879
7532,0.0,0.0,184.879
7533,0.0,0.0,184.879
7534,0.0,0.0,184.879
7535,0.0,0.0,184.879
7536,0.0,0.0,184.879
7537,0.0,0.0,184.879
7538,0.0,0.0,184.879
7539,0.0,0.0,184.879
7540,0.0,0.0,184.879
7541,0.0,0.0,184.879
7542,0.0,0.0,184.879
7543,0.0,0.0,184.879
7544,0.0,0.0,184.879
7545,0.0,0.0,184.879
7546,0.0,0.0,184.879
7547,0.0,0.0,184.879
7548,0.0,0.0,184.879
7549,0.0,0.0,184.879
7550,0.0,0.0,184.879
7551,0.0,0.0,184.879
7552,0.0,0.0,184.879
7553,0.0,0.0,184.879
7554,0.0,0.0,184.879
7555,0.0,0.0,184.879
7556,0.0,0.0,184.879
7557,0.0,0.0,184.879
7558,0.0,0.0,184.879
7559,0.0,0.0,184.879
7560,0.0,0.0,184.879
7561,0.0,0.0,184.879
7562,0.0,0.0,184.879
7563,0.0,0.0,184.879
7564,0.0,0.0,184.879
7565,0.0,0.0,184.879
7566,0.0,0.0,184.879
7567,0.0,0.0,184.879
7568,0.0,0.0,184.879
7569,50.0,3.125,184.879
7570,100.0,6.25,184.879
7571,100.0,6.25,184.879
7572,87.5,5.469,184.879
7573,71.7,4.481,184.879
7574,0.0,0.0,184.879
7575,33.6,2.1,184.871
7576,0.0,0.0,184.867
7577,0.0,0.0,184.867
7578,0.0,0.0,184.867
7579,14.2,0.887,184.871
7580,14.3,0.894,184.871
7581,0.0,0.0,184.871
7582,0.0,0.0,184.871
7583,37.5,2.344,184.871
7584,100.0,6.25,184.871
7585,50.0,3.125,184.879
7586,0.0,0.0,184.879
7587,0.0,0.0,184.879
7588,0.0,0.0,184.879
7589,14.2,0.887,184.879
7590,0.0,0.0,184.879
7591,0.0,0.0,184.879
7592,0.0,0.0,184.879
7593,0.0,0.0,184.879
7594,14.2,0.887,184.879
7595,0.0,0.0,184.879
7596,0.0,0.0,184.879
7597,0.0,0.0,184.879
7598,0.0,0.0,184.879
7599,0.0,0.0,184.879
7600,16.8,1.05,184.879
7601,0.0,0.0,184.879
7602,0.0,0.0,184.879
7603,0.0,0.0,184.879
7604,0.0,0.0,184.879
7605,0.0,0.0,184.879
7606,0.0,0.0,184.879
7607,0.0,0.0,184.879
7608,14.3,0.894,184.879
7609,0.0,0.0,184.879
7610,0.0,0.0,184.879
7611,0.0,0.0,184.879
7612,75.0,4.688,184.957
7613,86.0,5.375,184.957
7614,14.3,0.894,184.957
7615,0.0,0.0,184.957
7616,0.0,0.0,184.957
7617,0.0,0.0,184.957
7618,12.5,0.781,184.957
7619,0.0,0.0,184.957
7620,0.0,0.0,184.957
7621,14.2,0.887,184.945
7622,0.0,0.0,184.945
7623,0.0,0.0,184.945
7624,0.0,0.0,184.945
7625,0.0,0.0,184.945
7626,0.0,0.0,184.945
7627,0.0,0.0,184.945
7628,14.3,0.894,184.945
7629,0.0,0.0,184.945
7630,0.0,0.0,184.945
7631,0.0,0.0,184.945
7632,0.0,0.0,184.945
7633,87.5,5.469,184.977
7634,100.0,6.25,183.293
7635,37.5,2.344,183.297
7636,112.5,7.031,183.297
7637,100.0,6.25,183.301
7638,100.0,6.25,183.301
7639,100.0,6.25,183.301
7640,28.7,1.794,183.301
7641,0.0,0.0,183.301
7642,0.0,0.0,183.301
7643,25.0,1.562,183.301
7644,0.0,0.0,183.301
7645,28.7,1.794,183.301
7646,62.5,3.906,183.301
7647,87.5,5.469,183.301
7648,100.0,6.25,183.301
7649,100.0,6.25,183.301
7650,88.7,5.544,183.301
7651,14.3,0.894,183.301
7652,0.0,0.0,183.301
7653,0.0,0.0,183.301
7654,0.0,0.0,183.301
7655,0.0,0.0,183.301
7656,14.2,0.887,183.301
7657,0.0,0.0,183.301
7658,0.0,0.0,183.301
7659,0.0,0.0,183.301
7660,0.0,0.0,183.301
7661,14.3,0.894,183.301
7662,0.0,0.0,183.426
7663,28.4,1.775,183.605
7664,0.0,0.0,183.605
7665,0.0,0.0,183.605
7666,0.0,0.0,183.605
7667,0.0,0.0,183.605
7668,14.2,0.887,183.605
7669,25.0,1.562,183.605
7670,100.0,6.25,183.605
7671,100.0,6.25,183.605
7672,100.0,6.25,183.605
7673,71.7,4.481,183.605
7674,0.0,0.0,183.605
7675,0.0,0.0,183.605
7676,0.0,0.0,183.605
7677,14.3,0.894,183.605
7678,0.0,0.0,183.605
7679,0.0,0.0,183.605
7680,0.0,0.0,183.605
7681,0.0,0.0,183.605
7682,0.0,0.0,183.605
7683,0.0,0.0,183.605
7684,0.0,0.0,183.605
7685,0.0,0.0,183.605
7686,14.3,0.894,183.609
7687,62.5,3.906,183.609
7688,50.0,3.125,183.609
7689,14.2,0.887,183.609
7690,0.0,0.0,183.609
7691,0.0,0.0,183.609
7692,0.0,0.0,183.609
7693,0.0,0.0,183.609
7694,0.0,0.0,183.609
7695,50.0,3.125,183.609
7696,100.0,6.25,183.609
7697,100.0,6.25,183.609
7698,100.0,6.25,183.609
7699,50.0,3.125,183.609
7700,14.3,0.894,183.609
7701,0.0,0.0,183.609
7702,0.0,0.0,183.609
7703,0.0,0.0,183.609
7704,0.0,0.0,183.609
7705,14.3,0.894,183.609
7706,0.0,0.0,183.609
7707,0.0,0.0,183.609
7708,0.0,0.0,183.609
7709,62.5,3.906,183.609
7710,100.0,6.25,183.609
7711,14.3,0.894,183.609
7712,14.2,0.887,183.609
7713,0.0,0.0,183.609
7714,0.0,0.0,183.609
7715,44.6,2.788,183.609
7716,100.0,6.25,183.609
7717,87.5,5.469,183.609
7718,100.0,6.25,183.609
7719,99.4,6.213,183.609
7720,28.7,1.794,183.609
7721,0.0,0.0,183.609
7722,0.0,0.0,183.609
7723,0.0,0.0,183.609
7724,28.7,1.794,183.609
7725,14.2,0.887,183.609
7726,0.0,0.0,183.609
7727,0.0,0.0,183.609
7728,0.0,0.0,183.609
7729,62.5,3.906,183.609
7730,100.0,6.25,183.609
7731,43.0,2.688,183.609
7732,0.0,0.0,183.609
7733,0.0,0.0,183.609
7734,0.0,0.0,183.609
7735,0.0,0.0,183.609
7736,0.0,0.0,183.609
7737,0.0,0.0,183.609
7738,0.0,0.0,183.609
7739,0.0,0.0,183.609
7740,0.0,0.0,183.609
7741,28.7,1.794,183.609
7742,0.0,0.0,183.609
7743,0.0,0.0,183.609
7744,0.0,0.0,183.609
7745,0.0,0.0,183.609
7746,0.0,0.0,183.609
7747,0.0,0.0,183.609
7748,0.0,0.0,183.609
7749,0.0,0.0,183.609
7750,0.0,0.0,183.609
7751,0.0,0.0,183.609
7752,0.0,0.0,183.609
7753,0.0,0.0,183.609
7754,0.0,0.0,183.609
7755,0.0,0.0,183.609
7756,0.0,0.0,183.609
7757,0.0,0.0,183.609
7758,0.0,0.0,183.609
7759,0.0,0.0,183.609
7760,0.0,0.0,183.609
7761,0.0,0.0,183.609
7762,0.0,0.0,183.609
7763,0.0,0.0,183.609
7764,0.0,0.0,183.609
7765,0.0,0.0,183.609
7766,0.0,0.0,183.609
7767,0.0,0.0,183.609
7768,0.0,0.0,183.609
7769,0.0,0.0,183.609
7770,0.0,0.0,183.609
7771,0.0,0.0,183.609
7772,0.0,0.0,183.609
7773,0.0,0.0,183.609
7774,0.0,0.0,183.609
7775,0.0,0.0,183.609
7776,0.0,0.0,183.609
7777,0.0,0.0,183.609
7778,0.0,0.0,183.609
7779,0.0,0.0,183.609
7780,0.0,0.0,183.609
7781,0.0,0.0,183.609
7782,0.0,0.0,183.609
7783,0.0,0.0,183.609
7784,0.0,0.0,183.609
7785,0.0,0.0,183.609
7786,0.0,0.0,183.609
7787,0.0,0.0,183.609
7788,0.0,0.0,183.609
7789,0.0,0.0,183.609
7790,0.0,0.0,183.609
7791,0.0,0.0,183.609
7792,0.0,0.0,183.609
7793,0.0,0.0,183.609
7794,0.0,0.0,183.609
7795,0.0,0.0,183.609
7796,0.0,0.0,183.609
7797,0.0,0.0,183.609
7798,0.0,0.0,183.609
7799,0.0,0.0,183.609
7800,0.0,0.0,183.609
7801,0.0,0.0,183.609
7802,0.0,0.0,183.609
7803,0.0,0.0,183.609
7804,0.0,0.0,183.609
7805,0.0,0.0,183.609
7806,0.0,0.0,183.609
7807,0.0,0.0,183.609
7808,14.2,0.887,183.609
7809,0.0,0.0,183.609
7810,0.0,0.0,183.609
7811,0.0,0.0,183.609
7812,0.0,0.0,183.609
7813,0.0,0.0,183.609
7814,0.0,0.0,183.609
7815,0.0,0.0,183.609
7816,0.0,0.0,183.609
7817,0.0,0.0,183.609
7818,0.0,0.0,183.609
7819,0.0,0.0,183.609
7820,0.0,0.0,183.609
7821,0.0,0.0,183.609
7822,0.0,0.0,183.609
7823,0.0,0.0,183.609
7824,0.0,0.0,183.609
7825,0.0,0.0,183.609
7826,0.0,0.0,183.609
7827,0.0,0.0,183.609
7828,0.0,0.0,183.609
7829,0.0,0.0,183.609
7830,0.0,0.0,183.609
7831,0.0,0.0,183.609
7832,0.0,0.0,183.609
7833,0.0,0.0,183.609
7834,0.0,0.0,183.609
7835,0.0,0.0,183.609
7836,0.0,0.0,183.609
7837,0.0,0.0,183.609
7838,0.0,0.0,183.609
7839,0.0,0.0,183.609
7840,0.0,0.0,183.609
7841,0.0,0.0,183.609
7842,0.0,0.0,183.609
7843,0.0,0.0,183.609
7844,0.0,0.0,183.609
7845,0.0,0.0,183.609
7846,0.0,0.0,183.609
7847,0.0,0.0,183.609
7848,0.0,0.0,183.609
7849,0.0,0.0,183.609
7850,0.0,0.0,183.609
7851,0.0,0.0,183.609
7852,0.0,0.0,183.609
7853,0.0,0.0,183.609
7854,0.0,0.0,183.609
7855,0.0,0.0,183.609
7856,0.0,0.0,183.609
7857,0.0,0.0,183.609
7858,0.0,0.0,183.609
7859,0.0,0.0,183.609
7860,0.0,0.0,183.609
7861,0.0,0.0,183.609
7862,0.0,0.0,183.609
7863,0.0,0.0,183.609
7864,0.0,0.0,183.609
7865,0.0,0.0,183.609
7866,0.0,0.0,183.609
7867,0.0,0.0,183.609
7868,0.0,0.0,183.609
7869,0.0,0.0,183.609
7870,0.0,0.0,183.609
7871,0.0,0.0,183.609
7872,0.0,0.0,183.609
7873,0.0,0.0,183.609
7874,0.0,0.0,183.609
7875,0.0,0.0,183.609
7876,50.0,3.125,183.609
7877,100.0,6.25,183.609
7878,100.0,6.25,183.609
7879,100.0,6.25,183.609
7880,25.0,1.562,183.609
7881,0.0,0.0,183.609
7882,0.0,0.0,183.609
7883,28.7,1.794,183.609
7884,0.0,0.0,183.609
7885,0.0,0.0,183.609
7886,14.3,0.894,183.609
7887,14.2,0.887,183.609
7888,0.0,0.0,183.609
7889,14.3,0.894,183.609
7890,0.0,0.0,183.609
7891,50.0,3.125,183.609
7892,100.0,6.25,183.609
7893,56.8,3.55,183.609
7894,0.0,0.0,183.609
7895,0.0,0.0,183.609
7896,14.2,0.887,183.609
7897,0.0,0.0,183.609
7898,0.0,0.0,183.609
7899,0.0,0.0,183.609
7900,0.0,0.0,183.609
7901,0.0,0.0,183.609
7902,0.0,0.0,183.609
7903,0.0,0.0,183.609
7904,0.0,0.0,183.609
7905,0.0,0.0,183.609
7906,0.0,0.0,183.609
7907,0.0,0.0,183.609
7908,0.0,0.0,183.609
7909,0.0,0.0,183.609
7910,0.0,0.0,183.609
7911,0.0,0.0,183.609
7912,0.0,0.0,183.609
7913,0.0,0.0,183.609
7914,0.0,0.0,183.609
7915,0.0,0.0,183.609
7916,0.0,0.0,183.609
7917,0.0,0.0,183.609
7918,0.0,0.0,183.609
7919,0.0,0.0,183.609
7920,0.0,0.0,183.609
7921,0.0,0.0,183.609
7922,0.0,0.0,183.609
7923,0.0,0.0,183.609
7924,0.0,0.0,183.609
7925,0.0,0.0,183.609
7926,0.0,0.0,183.609
7927,0.0,0.0,183.609
7928,0.0,0.0,183.609
7929,0.0,0.0,183.609
7930,0.0,0.0,183.609
7931,0.0,0.0,183.609
7932,0.0,0.0,183.609
7933,0.0,0.0,183.609
7934,0.0,0.0,183.609
7935,0.0,0.0,183.609
7936,0.0,0.0,183.609
7937,0.0,0.0,183.609
7938,14.3,0.894,183.609
7939,0.0,0.0,183.609
7940,0.0,0.0,183.609
7941,0.0,0.0,183.609
7942,0.0,0.0,183.609
7943,12.5,0.781,183.609
7944,28.4,1.775,183.609
7945,0.0,0.0,183.609
7946,14.2,0.887,183.609
7947,0.0,0.0,183.609
7948,0.0,0.0,183.609
7949,0.0,0.0,183.609
7950,0.0,0.0,183.609
7951,0.0,0.0,183.609
7952,0.0,0.0,183.609
7953,0.0,0.0,183.609
7954,0.0,0.0,183.609
7955,62.5,3.906,183.609
7956,87.5,5.469,183.609
7957,100.0,6.25,183.609
7958,100.0,6.25,183.609
7959,100.0,6.25,183.609
7960,85.2,5.325,183.609
7961,14.3,0.894,183.609
7962,0.0,0.0,183.609
7963,0.0,0.0,183.609
7964,0.0,0.0,183.609
7965,16.8,1.05,183.609
7966,0.0,0.0,183.609
7967,0.0,0.0,183.609
7968,0.0,0.0,183.609
7969,75.0,4.688,183.609
7970,99.4,6.213,183.609
7971,0.0,0.0,183.609
7972,28.7,1.794,183.609
7973,0.0,0.0,183.609
7974,0.0,0.0,183.609
7975,62.5,3.906,183.609
7976,37.5,2.344,183.609
7977,100.0,6.25,183.609
7978,87.5,5.469,183.609
7979,100.0,6.25,183.609
7980,12.5,0.781,183.609
7981,0.0,0.0,183.609
7982,0.0,0.0,183.609
7983,0.0,0.0,183.609
7984,0.0,0.0,183.609
7985,14.3,0.894,183.609
7986,14.3,0.894,183.609
7987,0.0,0.0,183.609
7988,0.0,0.0,183.609
7989,0.0,0.0,183.609
7990,0.0,0.0,183.609
7991,0.0,0.0,183.609
7992,0.0,0.0,183.609
7993,0.0,0.0,183.609
7994,0.0,0.0,183.609
7995,0.0,0.0,183.609
7996,0.0,0.0,183.609
7997,0.0,0.0,183.609
7998,0.0,0.0,183.609
7999,28.4,1.775,183.609
8000,0.0,0.0,183.609
8001,42.6,2.663,183.609
8002,14.3,0.894,183.609
8003,0.0,0.0,183.609
8004,0.0,0.0,183.609
8005,0.0,0.0,183.609
8006,0.0,0.0,183.609
8007,14.2,0.887,183.609
8008,0.0,0.0,183.609
8009,62.5,3.906,183.609
8010,100.0,6.25,183.609
8011,87.5,5.469,183.609
8012,100.0,6.25,183.609
8013,71.0,4.438,183.609
8014,75.0,4.688,183.609
8015,78.1,4.881,183.609
8016,62.5,3.906,183.609
8017,100.0,6.25,183.609
8018,100.0,6.25,183.609
8019,42.6,2.663,183.609
8020,0.0,0.0,183.609
8021,14.3,0.894,183.609
8022,14.2,0.887,183.609
8023,0.0,0.0,183.609
8024,0.0,0.0,183.609
8025,14.2,0.887,183.609
8026,0.0,0.0,183.609
8027,0.0,0.0,183.609
8028,0.0,0.0,183.609
8029,14.3,0.894,183.609
8030,0.0,0.0,183.609
8031,0.0,0.0,183.609
8032,50.0,3.125,183.609
8033,28.7,1.794,183.609
8034,0.0,0.0,183.609
8035,42.6,2.663,183.609
8036,25.0,1.562,183.609
8037,0.0,0.0,183.609
8038,9.1,0.569,183.609
8039,14.3,0.894,183.609
8040,9.1,0.569,183.609
8041,22.3,1.394,183.609
8042,22.2,1.387,183.609
8043,87.5,5.469,183.609
8044,50.0,3.125,183.609
8045,25.0,1.562,183.609
8046,50.0,3.125,183.609
8047,75.0,4.688,183.609
8048,50.1,3.131,183.609
8049,3.4,0.212,183.609
8050,11.1,0.694,183.609
8051,0.0,0.0,183.609
8052,10.0,0.625,183.609
8053,12.5,0.781,183.609
8054,75.0,4.688,183.609
8055,44.3,2.769,183.609
8056,40.1,2.506,183.609
8057,18.8,1.175,183.609
8058,75.0,4.688,183.609
8059,75.0,4.688,183.609
8060,75.0,4.688,183.609
8061,42.6,2.663,183.609
8062,14.3,0.894,183.609
8063,28.7,1.794,183.609
8064,0.0,0.0,183.609
8065,0.0,0.0,183.609
8066,0.0,0.0,183.609
8067,28.7,1.794,183.609
8068,0.0,0.0,183.609
8069,0.0,0.0,183.609
8070,0.0,0.0,183.609
8071,62.5,3.906,183.609
8072,50.0,3.125,183.609
8073,22.2,1.387,183.609
8074,87.5,5.469,183.609
8075,100.0,6.25,183.609
8076,100.0,6.25,183.609
8077,78.1,4.881,183.609
8078,99.4,6.213,183.609
8079,37.5,2.344,183.609
8080,44.6,2.788,183.609
8081,39.8,2.487,183.609
8082,43.0,2.688,183.609
8083,71.7,4.481,183.609
8084,0.0,0.0,183.609
8085,14.3,0.894,183.602
8086,0.0,0.0,183.602
8087,0.0,0.0,183.602
8088,0.0,0.0,183.602
8089,0.0,0.0,183.602
8090,14.3,0.894,183.602
8091,0.0,0.0,183.602
8092,0.0,0.0,183.602
8093,28.7,1.794,183.602
8094,0.0,0.0,183.602
8095,0.0,0.0,183.602
8096,0.0,0.0,183.602
8097,0.0,0.0,183.602
8098,0.0,0.0,183.602
8099,0.0,0.0,183.602
8100,0.0,0.0,183.602
8101,0.0,0.0,183.602
8102,75.0,4.688,183.602
8103,62.5,3.906,183.602
8104,75.0,4.688,183.602
8105,75.0,4.688,183.602
8106,100.0,6.25,183.602
8107,100.0,6.25,183.602
8108,100.0,6.25,183.602
8109,100.0,6.25,183.602
8110,0.0,0.0,183.602
8111,0.0,0.0,183.602
8112,28.7,1.794,183.602
8113,0.0,0.0,183.602
8114,0.0,0.0,183.602
8115,0.0,0.0,183.602
8116,0.0,0.0,183.602
8117,0.0,0.0,183.602
8118,0.0,0.0,183.602
8119,0.0,0.0,183.602
8120,0.0,0.0,183.602
8121,14.2,0.887,183.602
8122,43.0,2.688,183.602
8123,62.5,3.906,183.602
8124,87.5,5.469,183.602
8125,75.0,4.688,183.602
8126,75.0,4.688,183.602
8127,100.0,6.25,183.602
8128,87.5,5.469,183.602
8129,100.0,6.25,183.602
8130,100.0,6.25,183.602
8131,86.0,5.375,183.602
8132,28.4,1.775,183.602
8133,0.0,0.0,183.602
8134,0.0,0.0,183.602
8135,0.0,0.0,183.602
8136,43.0,2.688,183.602
8137,0.0,0.0,183.602
8138,0.0,0.0,183.602
8139,0.0,0.0,183.602
8140,75.0,4.688,183.602
8141,87.5,5.469,183.602
8142,75.0,4.688,183.602
8143,33.2,2.075,183.602
8144,40.1,2.506,183.602
8145,22.2,1.387,183.602
8146,0.0,0.0,183.602
8147,10.0,0.625,183.602
8148,29.9,1.869,183.602
8149,11.2,0.7,183.602
8150,28.4,1.775,183.602
8151,0.0,0.0,183.602
8152,0.0,0.0,183.602
8153,0.0,0.0,183.602
8154,25.0,1.562,183.602
8155,19.9,1.244,183.602
8156,22.3,1.394,183.602
8157,12.5,0.781,183.602
8158,100.0,6.25,183.602
8159,100.0,6.25,183.602
8160,100.0,6.25,183.602
8161,100.0,6.25,183.602
8162,100.0,6.25,183.602
8163,100.0,6.25,183.602
8164,100.0,6.25,183.602
8165,71.0,4.438,183.602
8166,0.0,0.0,183.602
8167,0.0,0.0,183.602
8168,0.0,0.0,183.602
8169,28.7,1.794,183.602
8170,0.0,0.0,183.602
8171,0.0,0.0,183.602
8172,0.0,0.0,183.602
8173,0.0,0.0,183.602
8174,14.3,0.894,183.605
8175,28.7,1.794,183.605
8176,0.0,0.0,183.605
8177,0.0,0.0,183.605
8178,0.0,0.0,183.605
8179,0.0,0.0,183.605
8180,12.5,0.781,183.605
8181,100.0,6.25,183.605
8182,100.0,6.25,183.605
8183,100.0,6.25,183.605
8184,100.0,6.25,183.605
8185,100.0,6.25,183.594
8186,100.0,6.25,183.594
8187,100.0,6.25,183.594
8188,100.0,6.25,183.594
8189,100.0,6.25,183.594
8190,100.0,6.25,183.594
8191,100.0,6.25,183.594
8192,28.7,1.794,183.594
8193,0.0,0.0,183.594
8194,0.0,0.0,183.594
8195,0.0,0.0,183.594
8196,0.0,0.0,183.594
8197,0.0,0.0,183.594
8198,0.0,0.0,183.594
8199,0.0,0.0,183.594
8200,14.3,0.894,183.594
8201,14.2,0.887,183.594
8202,0.0,0.0,183.594
8203,0.0,0.0,183.594
8204,0.0,0.0,183.594
8205,0.0,0.0,183.594
8206,0.0,0.0,183.594
8207,43.0,2.688,183.578
8208,0.0,0.0,183.578
8209,0.0,0.0,183.578
8210,0.0,0.0,183.578
8211,0.0,0.0,183.578
8212,22.2,1.387,183.578
8213,37.5,2.344,183.578
8214,75.0,4.688,183.578
8215,37.5,2.344,183.578
8216,62.5,3.906,183.578
8217,75.0,4.688,183.578
8218,25.0,1.562,183.578
8219,44.6,2.788,183.578
8220,62.5,3.906,183.578
8221,62.5,3.906,183.578
8222,75.0,4.688,183.578
8223,71.0,4.438,183.578
8224,75.0,4.688,183.578
8225,37.5,2.344,183.57
8226,16.6,1.038,183.566
8227,0.0,0.0,183.566
8228,0.0,0.0,183.566
8229,12.5,0.781,183.566
8230,0.0,0.0,183.566
8231,0.0,0.0,183.566
8232,0.0,0.0,183.566
8233,0.0,0.0,183.566
8234,25.0,1.562,183.566
8235,100.0,6.25,183.605
8236,71.7,4.481,183.609
8237,0.0,0.0,183.609
8238,50.0,3.125,183.609
8239,22.3,1.394,183.609
8240,87.5,5.469,183.609
8241,71.0,4.438,183.609
8242,100.0,6.25,183.609
8243,100.0,6.25,183.609
8244,57.3,3.581,183.609
8245,0.0,0.0,183.609
8246,14.2,0.887,183.609
8247,0.0,0.0,183.609
8248,0.0,0.0,183.609
8249,0.0,0.0,183.609
8250,0.0,0.0,183.609
8251,0.0,0.0,183.609
8252,0.0,0.0,183.609
8253,0.0,0.0,183.609
8254,0.0,0.0,183.609
8255,0.0,0.0,183.609
8256,0.0,0.0,183.609
8257,14.3,0.894,183.613
8258,0.0,0.0,183.613
8259,0.0,0.0,183.613
8260,0.0,0.0,183.613
8261,0.0,0.0,183.613
8262,0.0,0.0,183.613
8263,37.5,2.344,183.613
8264,62.5,3.906,183.613
8265,62.5,3.906,183.613
8266,75.0,4.688,183.613
8267,75.0,4.688,183.613
8268,42.6,2.663,183.613
8269,28.7,1.794,183.613
8270,0.0,0.0,183.613
8271,14.2,0.887,183.613
8272,0.0,0.0,183.613
8273,0.0,0.0,183.613
8274,0.0,0.0,183.613
8275,28.7,1.794,183.613
8276,14.2,0.887,183.613
8277,0.0,0.0,183.613
8278,0.0,0.0,183.613
8279,75.0,4.688,183.613
8280,87.5,5.469,183.613
8281,100.0,6.25,183.613
8282,87.5,5.469,183.613
8283,100.0,6.25,183.613
8284,42.6,2.663,183.613
8285,0.0,0.0,183.613
8286,0.0,0.0,183.613
8287,0.0,0.0,183.613
8288,0.0,0.0,183.613
8289,0.0,0.0,183.613
8290,0.0,0.0,183.613
8291,0.0,0.0,183.613
8292,28.4,1.775,183.613
8293,0.0,0.0,183.613
8294,0.0,0.0,183.613
8295,0.0,0.0,183.613
8296,0.0,0.0,183.613
8297,0.0,0.0,183.613
8298,0.0,0.0,183.613
8299,0.0,0.0,183.613
8300,0.0,0.0,183.613
8301,0.0,0.0,183.613
8302,0.0,0.0,183.613
8303,0.0,0.0,183.613
8304,0.0,0.0,183.613
8305,0.0,0.0,183.613
8306,0.0,0.0,183.613
8307,0.0,0.0,183.613
8308,0.0,0.0,183.613
8309,0.0,0.0,183.613
8310,0.0,0.0,183.613
8311,0.0,0.0,183.613
8312,0.0,0.0,183.613
8313,0.0,0.0,183.613
8314,0.0,0.0,183.613
8315,0.0,0.0,183.613
8316,0.0,0.0,183.613
8317,0.0,0.0,183.613
8318,0.0,0.0,183.613
8319,0.0,0.0,183.613
8320,0.0,0.0,183.613
8321,0.0,0.0,183.613
8322,0.0,0.0,183.613
8323,0.0,0.0,183.613
8324,0.0,0.0,183.613
8325,0.0,0.0,183.613
8326,0.0,0.0,183.613
8327,0.0,0.0,183.613
8328,0.0,0.0,183.613
8329,0.0,0.0,183.613
8330,0.0,0.0,183.613
8331,0.0,0.0,183.613
8332,0.0,0.0,183.613
8333,0.0,0.0,183.613
8334,0.0,0.0,183.613
8335,0.0,0.0,183.613
8336,0.0,0.0,183.613
8337,0.0,0.0,183.613
8338,0.0,0.0,183.613
8339,0.0,0.0,183.613
8340,0.0,0.0,183.613
8341,0.0,0.0,183.613
8342,0.0,0.0,183.613
8343,0.0,0.0,183.613
8344,0.0,0.0,183.613
8345,0.0,0.0,183.613
8346,0.0,0.0,183.613
8347,0.0,0.0,183.613
8348,0.0,0.0,183.613
8349,0.0,0.0,183.613
8350,0.0,0.0,183.613
8351,0.0,0.0,183.613
8352,0.0,0.0,183.613
8353,0.0,0.0,183.613
8354,0.0,0.0,183.613
8355,0.0,0.0,183.613
8356,0.0,0.0,183.613
8357,28.4,1.775,183.613
8358,0.0,0.0,183.613
8359,0.0,0.0,183.613
8360,0.0,0.0,183.613
8361,0.0,0.0,183.613
8362,0.0,0.0,183.613
8363,0.0,0.0,183.613
8364,0.0,0.0,183.613
8365,0.0,0.0,183.613
8366,0.0,0.0,183.613
8367,0.0,0.0,183.613
8368,0.0,0.0,183.613
8369,0.0,0.0,183.613
8370,0.0,0.0,183.613
8371,0.0,0.0,183.613
8372,0.0,0.0,183.613
8373,0.0,0.0,183.613
8374,0.0,0.0,183.613
8375,0.0,0.0,183.613
8376,0.0,0.0,183.613
8377,14.3,0.894,183.613
8378,0.0,0.0,183.613
8379,0.0,0.0,183.613
8380,0.0,0.0,183.613
8381,0.0,0.0,183.613
8382,0.0,0.0,183.613
8383,0.0,0.0,183.613
8384,0.0,0.0,183.613
8385,0.0,0.0,183.613
8386,0.0,0.0,183.613
8387,0.0,0.0,183.613
8388,0.0,0.0,183.613
8389,0.0,0.0,183.613
8390,0.0,0.0,183.613
8391,0.0,0.0,183.613
8392,0.0,0.0,183.613
8393,0.0,0.0,183.613
8394,0.0,0.0,183.613
8395,0.0,0.0,183.613
8396,0.0,0.0,183.613
8397,0.0,0.0,183.613
8398,0.0,0.0,183.613
8399,0.0,0.0,183.613
8400,0.0,0.0,183.613
8401,0.0,0.0,183.613
8402,0.0,0.0,183.613
8403,0.0,0.0,183.613
8404,0.0,0.0,183.613
8405,0.0,0.0,183.613
8406,0.0,0.0,183.613
8407,0.0,0.0,183.613
8408,0.0,0.0,183.613
8409,0.0,0.0,183.613
8410,0.0,0.0,183.613
8411,0.0,0.0,183.613
8412,0.0,0.0,183.613
8413,0.0,0.0,183.613
8414,0.0,0.0,183.613
8415,0.0,0.0,183.613
8416,0.0,0.0,183.613
8417,0.0,0.0,183.613
8418,0.0,0.0,183.613
8419,0.0,0.0,183.613
8420,0.0,0.0,183.613
8421,0.0,0.0,183.613
8422,37.5,2.344,183.613
8423,100.0,6.25,183.613
8424,100.0,6.25,183.613
8425,100.0,6.25,183.613
8426,71.0,4.438,183.613
8427,14.3,0.894,183.613
8428,14.2,0.887,183.613
8429,0.0,0.0,183.613
8430,0.0,0.0,183.613
8431,0.0,0.0,183.613
8432,0.0,0.0,183.613
8433,12.5,0.781,183.613
8434,0.0,0.0,183.613
8435,0.0,0.0,183.613
8436,0.0,0.0,183.613
8437,33.2,2.075,183.613
8438,44.6,2.788,183.613
8439,7.1,0.444,183.613
8440,30.0,1.875,183.613
8441,14.2,0.887,183.613
8442,0.0,0.0,183.613
8443,42.6,2.663,183.613
8444,44.6,2.788,183.613
8445,100.0,6.25,183.613
8446,87.5,5.469,183.613
8447,37.5,2.344,183.613
8448,100.0,6.25,183.613
8449,99.4,6.213,183.613
8450,0.0,0.0,183.613
8451,14.3,0.894,183.613
8452,0.0,0.0,183.613
8453,0.0,0.0,183.613
8454,0.0,0.0,183.613
8455,0.0,0.0,183.613
8456,0.0,0.0,183.613
8457,0.0,0.0,183.613
8458,0.0,0.0,183.613
8459,0.0,0.0,183.613
8460,0.0,0.0,183.613
8461,0.0,0.0,183.613
8462,0.0,0.0,183.613
8463,0.0,0.0,183.613
8464,0.0,0.0,183.613
8465,0.0,0.0,183.613
8466,0.0,0.0,183.613
8467,12.5,0.781,183.613
8468,14.3,0.894,183.613
8469,0.0,0.0,183.613
8470,0.0,0.0,183.613
8471,0.0,0.0,183.613
8472,0.0,0.0,183.613
8473,0.0,0.0,183.613
8474,0.0,0.0,183.613
8475,0.0,0.0,183.613
8476,0.0,0.0,183.613
8477,44.3,2.769,183.613
8478,100.0,6.25,183.613
8479,100.0,6.25,183.613
8480,75.0,4.688,183.613
8481,87.5,5.469,183.613
8482,28.7,1.794,183.613
8483,0.0,0.0,183.613
8484,0.0,0.0,183.613
8485,14.3,0.894,183.613
8486,0.0,0.0,183.613
8487,0.0,0.0,183.613
8488,0.0,0.0,183.613
8489,0.0,0.0,183.613
8490,0.0,0.0,183.613
8491,14.3,0.894,183.613
8492,0.0,0.0,183.613
8493,42.6,2.663,183.617
8494,28.7,1.794,183.617
8495,14.3,0.894,183.617
8496,0.0,0.0,183.633
8497,0.0,0.0,183.633
8498,0.0,0.0,183.633
8499,0.0,0.0,183.633
8500,43.0,2.688,183.633
8501,100.0,6.25,183.633
8502,100.0,6.25,183.633
8503,100.0,6.25,183.637
8504,100.0,6.25,183.637
8505,43.0,2.688,183.637
8506,0.0,0.0,183.637
8507,0.0,0.0,183.637
8508,14.3,0.894,183.637
8509,14.3,0.894,183.637
8510,12.5,0.781,183.637
8511,75.0,4.688,183.637
8512,100.0,6.25,183.637
8513,62.5,3.906,183.637
8514,87.5,5.469,183.637
8515,100.0,6.25,183.637
8516,14.2,0.887,183.637
8517,0.0,0.0,183.637
8518,0.0,0.0,183.637
8519,0.0,0.0,183.637
8520,0.0,0.0,183.637
8521,0.0,0.0,183.637
8522,0.0,0.0,183.637
8523,0.0,0.0,183.637
8524,0.0,0.0,183.637
8525,0.0,0.0,183.637
8526,14.3,0.894,183.637
8527,0.0,0.0,183.637
8528,0.0,0.0,183.637
8529,0.0,0.0,183.637
8530,0.0,0.0,183.637
8531,0.0,0.0,183.637
8532,0.0,0.0,183.637
8533,0.0,0.0,183.637
8534,0.0,0.0,183.637
8535,0.0,0.0,183.637
8536,0.0,0.0,183.637
8537,0.0,0.0,183.637
8538,0.0,0.0,183.637
8539,0.0,0.0,183.637
8540,0.0,0.0,183.637
8541,0.0,0.0,183.637
8542,0.0,0.0,183.637
8543,0.0,0.0,183.637
8544,0.0,0.0,183.637
8545,0.0,0.0,183.637
8546,0.0,0.0,183.637
8547,0.0,0.0,183.637
8548,0.0,0.0,183.637
8549,0.0,0.0,183.637
8550,0.0,0.0,183.637
8551,0.0,0.0,183.637
8552,0.0,0.0,183.637
8553,0.0,0.0,183.637
8554,28.4,1.775,183.637
8555,0.0,0.0,183.637
8556,0.0,0.0,183.637
8557,0.0,0.0,183.637
8558,0.0,0.0,183.637
8559,0.0,0.0,183.637
8560,0.0,0.0,183.637
8561,0.0,0.0,183.637
8562,0.0,0.0,183.637
8563,0.0,0.0,183.637
8564,0.0,0.0,183.637
8565,0.0,0.0,183.637
8566,100.0,6.25,183.637
8567,100.0,6.25,183.637
8568,75.0,4.688,183.637
8569,100.0,6.25,183.637
8570,85.2,5.325,183.637
8571,12.5,0.781,183.637
8572,0.0,0.0,183.637
8573,0.0,0.0,183.637
8574,0.0,0.0,183.637
8575,0.0,0.0,183.637
8576,0.0,0.0,183.637
8577,0.0,0.0,183.637
8578,14.3,0.894,183.637
8579,0.0,0.0,183.637
8580,0.0,0.0,183.637
8581,0.0,0.0,183.637
8582,0.0,0.0,183.637
8583,0.0,0.0,183.637
8584,75.0,4.688,183.637
8585,50.0,3.125,183.637
8586,112.5,7.031,183.637
8587,100.0,6.25,183.637
8588,42.6,2.663,183.637
8589,0.0,0.0,183.637
8590,14.2,0.887,183.637
8591,0.0,0.0,183.637
8592,0.0,0.0,183.637
8593,0.0,0.0,183.637
8594,0.0,0.0,183.637
8595,0.0,0.0,183.637
8596,0.0,0.0,183.637
8597,0.0,0.0,183.637
8598,0.0,0.0,183.637
8599,0.0,0.0,183.637
8600,0.0,0.0,183.637
8601,0.0,0.0,183.637
8602,0.0,0.0,183.637
8603,0.0,0.0,183.637
8604,0.0,0.0,183.637
8605,0.0,0.0,183.637
8606,0.0,0.0,183.637
8607,0.0,0.0,183.637
8608,0.0,0.0,183.637
8609,0.0,0.0,183.637
8610,0.0,0.0,183.637
8611,0.0,0.0,183.637
8612,0.0,0.0,183.637
8613,0.0,0.0,183.637
8614,0.0,0.0,183.637
8615,14.2,0.887,183.637
8616,0.0,0.0,183.637
8617,14.2,0.887,183.637
8618,0.0,0.0,183.637
8619,0.0,0.0,183.637
8620,0.0,0.0,183.637
8621,0.0,0.0,183.637
8622,0.0,0.0,183.637
8623,0.0,0.0,183.637
8624,0.0,0.0,183.637
8625,0.0,0.0,183.637
8626,0.0,0.0,183.637
8627,0.0,0.0,183.637
8628,14.3,0.894,183.637
8629,14.2,0.887,183.637
8630,75.0,4.688,183.637
8631,100.0,6.25,183.637
8632,100.0,6.25,183.637
8633,50.0,3.125,183.637
8634,100.0,6.25,183.637
8635,0.0,0.0,183.637
8636,0.0,0.0,183.637
8637,0.0,0.0,183.637
8638,0.0,0.0,183.637
8639,14.3,0.894,183.637
8640,0.0,0.0,183.637
8641,0.0,0.0,183.637
8642,0.0,0.0,183.637
8643,0.0,0.0,183.637
8644,0.0,0.0,183.637
8645,0.0,0.0,183.637
8646,0.0,0.0,183.637
8647,0.0,0.0,183.637
8648,0.0,0.0,183.637
8649,0.0,0.0,183.637
8650,0.0,0.0,183.637
8651,0.0,0.0,183.637
8652,28.4,1.775,183.637
8653,0.0,0.0,183.637
8654,0.0,0.0,183.637
8655,0.0,0.0,183.637
8656,0.0,0.0,183.637
8657,0.0,0.0,183.637
8658,0.0,0.0,183.637
8659,0.0,0.0,183.637
8660,0.0,0.0,183.637
8661,0.0,0.0,183.637
8662,0.0,0.0,183.637
8663,37.5,2.344,183.637
8664,66.5,4.156,183.637
8665,62.5,3.906,183.637
8666,62.5,3.906,183.637
8667,62.5,3.906,183.637
8668,87.5,5.469,183.637
8669,88.7,5.544,183.637
8670,71.7,4.481,183.637
8671,43.0,2.688,183.637
8672,0.0,0.0,183.637
8673,0.0,0.0,183.637
8674,0.0,0.0,183.637
8675,0.0,0.0,183.637
8676,0.0,0.0,183.637
8677,0.0,0.0,183.637
8678,0.0,0.0,183.637
8679,0.0,0.0,183.637
8680,14.3,0.894,183.637
8681,0.0,0.0,183.637
8682,0.0,0.0,183.637
8683,0.0,0.0,183.637
8684,0.0,0.0,183.637
8685,0.0,0.0,183.637
8686,62.5,3.906,183.637
8687,75.0,4.688,183.637
8688,75.0,4.688,183.637
8689,62.5,3.906,183.637
8690,45.4,2.837,183.637
8691,50.0,3.125,183.637
8692,0.0,0.0,183.637
8693,87.5,5.469,183.637
8694,62.5,3.906,183.637
8695,25.0,1.562,183.637
8696,0.0,0.0,183.637
8697,0.0,0.0,183.637
8698,28.7,1.794,183.637
8699,0.0,0.0,183.637
8700,0.0,0.0,183.637
8701,0.0,0.0,183.637
8702,0.0,0.0,183.637
8703,14.3,0.894,183.637
8704,0.0,0.0,183.637
8705,33.2,2.075,183.637
8706,12.5,0.781,183.637
8707,0.0,0.0,183.637
8708,0.0,0.0,183.637
8709,0.0,0.0,183.637
8710,50.0,3.125,185.598
8711,100.0,6.25,185.816
8712,14.3,0.894,183.863
8713,14.3,0.894,183.863
8714,28.4,1.775,183.863
8715,0.0,0.0,183.863
8716,11.1,0.694,186.863
8717,50.0,3.125,186.863
8718,22.3,1.394,186.863
8719,85.2,5.325,185.449
8720,25.0,1.562,183.496
8721,67.0,4.188,183.496
8722,77.6,4.85,183.984
8723,87.5,5.469,183.984
8724,100.0,6.25,183.984
8725,100.3,6.269,183.984
8726,0.0,0.0,183.984
8727,0.0,0.0,183.984
8728,0.0,0.0,183.984
8729,0.0,0.0,183.984
8730,0.0,0.0,183.984
8731,0.0,0.0,183.984
8732,0.0,0.0,183.984
8733,0.0,0.0,183.984
8734,67.0,4.188,184.945
8735,56.8,3.55,179.176
8736,12.5,0.781,179.223
8737,43.0,2.688,180.836
8738,100.0,6.25,180.316
8739,87.5,5.469,180.465
8740,99.4,6.213,180.465
8741,86.0,5.375,180.465
8742,16.6,1.038,180.488
8743,14.3,0.894,180.602
8744,0.0,0.0,180.605
8745,0.0,0.0,180.605
8746,0.0,0.0,180.605
8747,62.5,3.906,180.617
8748,89.3,5.581,180.617
8749,16.6,1.038,180.617
8750,0.0,0.0,180.617
8751,0.0,0.0,180.617
8752,0.0,0.0,180.617
8753,0.0,0.0,180.617
8754,0.0,0.0,180.617
8755,0.0,0.0,180.617
8756,0.0,0.0,180.617
8757,0.0,0.0,180.617
8758,14.3,0.894,180.621
8759,0.0,0.0,180.621
8760,0.0,0.0,180.621
8761,0.0,0.0,180.621
8762,0.0,0.0,180.621
8763,75.0,4.688,180.746
8764,100.0,6.25,180.746
8765,87.5,5.469,180.746
8766,14.3,0.894,180.746
8767,0.0,0.0,180.746
8768,0.0,0.0,180.746
8769,0.0,0.0,180.746
8770,0.0,0.0,180.746
8771,0.0,0.0,180.746
8772,0.0,0.0,180.746
8773,0.0,0.0,180.746
8774,0.0,0.0,180.746
8775,0.0,0.0,180.746
8776,0.0,0.0,180.746
8777,0.0,0.0,180.746
8778,0.0,0.0,180.746
8779,0.0,0.0,180.746
8780,0.0,0.0,180.746
8781,14.3,0.894,180.746
8782,0.0,0.0,180.746
8783,0.0,0.0,180.746
8784,0.0,0.0,180.746
8785,0.0,0.0,180.746
8786,0.0,0.0,180.746
8787,0.0,0.0,180.746
8788,0.0,0.0,180.746
8789,0.0,0.0,180.746
8790,0.0,0.0,180.746
8791,0.0,0.0,180.746
8792,0.0,0.0,180.746
8793,0.0,0.0,180.746
8794,0.0,0.0,180.746
8795,0.0,0.0,180.746
8796,0.0,0.0,180.746
8797,0.0,0.0,180.746
8798,0.0,0.0,180.746
8799,0.0,0.0,180.746
8800,0.0,0.0,180.746
8801,0.0,0.0,180.746
8802,0.0,0.0,180.746
8803,75.0,4.688,180.746
8804,87.5,5.469,180.746
8805,56.8,3.55,180.746
8806,0.0,0.0,180.746
8807,0.0,0.0,180.746
8808,0.0,0.0,180.746
8809,14.2,0.887,180.746
8810,0.0,0.0,180.746
8811,0.0,0.0,180.746
8812,0.0,0.0,180.746
8813,0.0,0.0,180.746
8814,0.0,0.0,180.746
8815,0.0,0.0,180.746
8816,14.3,0.894,180.746
8817,0.0,0.0,180.746
8818,0.0,0.0,180.746
8819,0.0,0.0,180.746
8820,0.0,0.0,180.746
8821,0.0,0.0,180.746
8822,50.0,3.125,180.746
8823,100.0,6.25,180.746
8824,86.0,5.375,180.746
8825,0.0,0.0,180.746
8826,0.0,0.0,180.746
8827,0.0,0.0,180.746
8828,14.2,0.887,180.746
8829,0.0,0.0,180.746
8830,0.0,0.0,180.746
8831,0.0,0.0,180.746
8832,14.2,0.887,180.746
8833,0.0,0.0,180.746
8834,0.0,0.0,180.746
8835,0.0,0.0,180.746
8836,0.0,0.0,180.746
8837,0.0,0.0,180.746
8838,0.0,0.0,180.746
8839,0.0,0.0,180.746
8840,0.0,0.0,180.746
8841,0.0,0.0,180.746
8842,77.6,4.85,180.746
8843,100.0,6.25,180.746
8844,100.0,6.25,180.746
8845,71.7,4.481,180.746
8846,0.0,0.0,180.746
8847,0.0,0.0,180.746
8848,0.0,0.0,180.746
8849,0.0,0.0,180.746
8850,0.0,0.0,180.746
8851,0.0,0.0,180.746
8852,14.2,0.887,180.746
8853,0.0,0.0,180.746
8854,0.0,0.0,180.746
8855,0.0,0.0,180.746
8856,0.0,0.0,180.746
8857,0.0,0.0,180.746
8858,0.0,0.0,180.746
8859,0.0,0.0,180.746
8860,0.0,0.0,180.746
8861,0.0,0.0,180.746
8862,0.0,0.0,180.746
8863,0.0,0.0,180.746
8864,0.0,0.0,180.746
8865,37.5,2.344,181.5
8866,0.0,0.0,181.5
8867,0.0,0.0,181.5
8868,0.0,0.0,181.5
8869,0.0,0.0,181.5
8870,0.0,0.0,181.5
8871,0.0,0.0,181.5
8872,0.0,0.0,181.5
8873,0.0,0.0,181.5
8874,0.0,0.0,181.5
8875,0.0,0.0,181.5
8876,0.0,0.0,181.5
8877,37.5,2.344,181.527
8878,100.0,6.25,181.93
8879,100.0,6.25,181.93
8880,14.3,0.894,181.93
8881,0.0,0.0,181.93
8882,14.2,0.887,181.93
8883,0.0,0.0,181.93
8884,14.2,0.887,181.93
8885,25.0,1.562,181.93
8886,89.3,5.581,181.93
8887,100.0,6.25,181.93
8888,28.4,1.775,181.93
8889,28.7,1.794,182.23
8890,0.0,0.0,182.23
8891,0.0,0.0,182.23
8892,0.0,0.0,182.23
8893,0.0,0.0,182.27
8894,0.0,0.0,182.27
8895,0.0,0.0,182.27
8896,0.0,0.0,182.27
8897,14.2,0.887,182.27
8898,0.0,0.0,182.27
8899,0.0,0.0,182.27
8900,0.0,0.0,182.27
8901,0.0,0.0,182.27
8902,0.0,0.0,182.27
8903,0.0,0.0,182.27
8904,0.0,0.0,182.27
8905,0.0,0.0,182.27
8906,0.0,0.0,182.27
8907,0.0,0.0,182.27
8908,14.3,0.894,182.277
8909,0.0,0.0,182.277
8910,0.0,0.0,182.277
8911,0.0,0.0,182.277
8912,0.0,0.0,182.277
8913,0.0,0.0,182.277
8914,0.0,0.0,182.277
8915,0.0,0.0,182.277
8916,0.0,0.0,182.277
8917,0.0,0.0,182.277
8918,0.0,0.0,182.277
8919,0.0,0.0,182.277
8920,0.0,0.0,182.277
8921,0.0,0.0,182.277
8922,0.0,0.0,182.277
8923,0.0,0.0,182.277
8924,0.0,0.0,182.277
8925,50.0,3.125,182.277
8926,87.5,5.469,182.277
8927,100.0,6.25,182.277
8928,43.0,2.688,182.277
8929,0.0,0.0,182.277
8930,0.0,0.0,182.277
8931,14.3,0.894,182.277
8932,0.0,0.0,182.277
8933,0.0,0.0,182.277
8934,0.0,0.0,182.277
8935,0.0,0.0,182.277
8936,0.0,0.0,182.277
8937,0.0,0.0,182.277
8938,0.0,0.0,182.277
8939,0.0,0.0,182.277
8940,0.0,0.0,182.277
8941,0.0,0.0,182.277
8942,0.0,0.0,182.277
8943,0.0,0.0,182.277
8944,0.0,0.0,182.277
8945,0.0,0.0,182.277
8946,0.0,0.0,182.277
8947,0.0,0.0,182.277
8948,14.2,0.887,182.277
8949,0.0,0.0,182.277
8950,0.0,0.0,182.277
8951,0.0,0.0,182.277
8952,0.0,0.0,182.277
8953,0.0,0.0,182.277
8954,0.0,0.0,182.277
8955,0.0,0.0,182.277
8956,0.0,0.0,182.277
8957,0.0,0.0,182.277
8958,0.0,0.0,182.277
8959,14.3,0.894,182.453
8960,0.0,0.0,182.453
8961,0.0,0.0,182.453
8962,0.0,0.0,182.453
8963,0.0,0.0,182.453
8964,0.0,0.0,182.453
8965,0.0,0.0,182.453
8966,0.0,0.0,182.453
8967,12.5,0.781,182.453
8968,0.0,0.0,182.453
8969,0.0,0.0,182.453
8970,0.0,0.0,182.453
8971,0.0,0.0,182.453
8972,0.0,0.0,182.453
8973,0.0,0.0,182.453
8974,0.0,0.0,182.453
8975,0.0,0.0,182.453
8976,25.0,1.562,182.453
8977,88.7,5.544,182.453
8978,86.0,5.375,182.453
8979,0.0,0.0,182.453
8980,0.0,0.0,182.453
8981,0.0,0.0,182.453
8982,28.4,1.775,182.453
8983,0.0,0.0,182.453
8984,0.0,0.0,182.453
8985,0.0,0.0,182.453
8986,0.0,0.0,182.453
8987,62.5,3.906,182.453
8988,88.7,5.544,182.453
8989,86.0,5.375,182.453
8990,0.0,0.0,182.453
8991,0.0,0.0,182.453
8992,0.0,0.0,182.453
8993,0.0,0.0,182.453
8994,0.0,0.0,182.453
8995,0.0,0.0,182.453
8996,0.0,0.0,182.453
8997,0.0,0.0,182.453
8998,14.3,0.894,182.453
8999,0.0,0.0,182.453
9000,0.0,0.0,182.453
9001,0.0,0.0,182.453
9002,0.0,0.0,182.453
9003,0.0,0.0,182.453
9004,0.0,0.0,182.453
9005,0.0,0.0,182.453
9006,0.0,0.0,182.453
9007,0.0,0.0,182.453
9008,0.0,0.0,182.453
9009,0.0,0.0,182.453
9010,0.0,0.0,182.453
9011,14.2,0.887,182.453
9012,0.0,0.0,182.453
9013,0.0,0.0,182.453
9014,0.0,0.0,182.453
9015,0.0,0.0,182.453
9016,87.5,5.469,182.453
9017,100.3,6.269,182.453
9018,14.3,0.894,182.453
9019,0.0,0.0,182.453
9020,0.0,0.0,182.453
9021,0.0,0.0,182.453
9022,0.0,0.0,182.453
9023,0.0,0.0,182.453
9024,0.0,0.0,182.453
9025,0.0,0.0,182.453
9026,14.3,0.894,182.453
9027,0.0,0.0,182.453
9028,0.0,0.0,182.453
9029,0.0,0.0,182.453
9030,0.0,0.0,182.453
9031,0.0,0.0,182.453
9032,0.0,0.0,182.453
9033,0.0,0.0,182.453
9034,0.0,0.0,182.453
9035,0.0,0.0,182.453
9036,0.0,0.0,182.453
9037,0.0,0.0,182.453
9038,0.0,0.0,182.453
9039,0.0,0.0,182.453
9040,0.0,0.0,182.453
9041,0.0,0.0,182.453
9042,0.0,0.0,182.453
9043,0.0,0.0,182.453
9044,0.0,0.0,182.453
9045,0.0,0.0,182.453
9046,0.0,0.0,182.453
9047,0.0,0.0,182.453
9048,0.0,0.0,182.453
9049,0.0,0.0,182.453
9050,0.0,0.0,182.453
9051,0.0,0.0,182.453
9052,0.0,0.0,182.453
9053,0.0,0.0,182.453
9054,0.0,0.0,182.453
9055,0.0,0.0,182.453
9056,0.0,0.0,182.453
9057,0.0,0.0,182.453
9058,0.0,0.0,182.453
9059,0.0,0.0,182.453
9060,0.0,0.0,182.453
9061,0.0,0.0,182.453
9062,0.0,0.0,182.453
9063,0.0,0.0,182.453
9064,0.0,0.0,182.453
9065,0.0,0.0,182.453
9066,0.0,0.0,182.453
9067,0.0,0.0,182.453
9068,0.0,0.0,182.453
9069,0.0,0.0,182.453
9070,0.0,0.0,182.453
9071,0.0,0.0,182.453
9072,0.0,0.0,182.453
9073,0.0,0.0,182.453
9074,0.0,0.0,182.453
9075,0.0,0.0,182.453
9076,0.0,0.0,182.453
9077,0.0,0.0,182.453
9078,0.0,0.0,182.453
9079,0.0,0.0,182.453
9080,0.0,0.0,182.453
9081,0.0,0.0,182.453
9082,0.0,0.0,182.453
9083,0.0,0.0,182.453
9084,0.0,0.0,182.453
9085,0.0,0.0,182.453
9086,0.0,0.0,182.453
9087,0.0,0.0,182.453
9088,0.0,0.0,182.453
9089,0.0,0.0,182.453
9090,0.0,0.0,182.453
9091,0.0,0.0,182.453
9092,0.0,0.0,182.453
9093,0.0,0.0,182.453
9094,14.3,0.894,182.613
9095,0.0,0.0,182.613
9096,0.0,0.0,182.613
9097,0.0,0.0,182.613
9098,0.0,0.0,182.613
9099,0.0,0.0,182.613
9100,0.0,0.0,182.613
9101,0.0,0.0,182.613
9102,0.0,0.0,182.613
9103,0.0,0.0,182.613
9104,0.0,0.0,182.613
9105,0.0,0.0,182.613
9106,0.0,0.0,182.613
9107,0.0,0.0,182.613
9108,0.0,0.0,182.613
9109,0.0,0.0,182.613
9110,0.0,0.0,182.613
9111,0.0,0.0,182.613
9112,0.0,0.0,182.613
9113,0.0,0.0,182.613
9114,0.0,0.0,182.613
9115,0.0,0.0,182.613
9116,0.0,0.0,182.613
9117,0.0,0.0,182.613
9118,0.0,0.0,182.613
9119,0.0,0.0,182.613
9120,0.0,0.0,182.613
9121,0.0,0.0,182.613
9122,0.0,0.0,182.613
9123,0.0,0.0,182.613
9124,0.0,0.0,182.613
9125,0.0,0.0,182.613
9126,0.0,0.0,182.613
9127,0.0,0.0,182.613
9128,0.0,0.0,182.613
9129,0.0,0.0,182.613
9130,0.0,0.0,182.613
9131,0.0,0.0,182.613
9132,0.0,0.0,182.613
9133,0.0,0.0,182.613
9134,0.0,0.0,182.613
9135,0.0,0.0,182.613
9136,0.0,0.0,182.613
9137,0.0,0.0,182.613
9138,0.0,0.0,182.613
9139,0.0,0.0,182.613
9140,0.0,0.0,182.613
9141,0.0,0.0,182.613
9142,0.0,0.0,182.613
9143,0.0,0.0,182.613
9144,0.0,0.0,182.613
9145,0.0,0.0,182.613
9146,0.0,0.0,182.613
9147,0.0,0.0,182.613
9148,0.0,0.0,182.613
9149,0.0,0.0,182.613
9150,0.0,0.0,182.613
9151,0.0,0.0,182.613
9152,0.0,0.0,182.613
9153,0.0,0.0,182.613
9154,0.0,0.0,182.613
9155,0.0,0.0,182.613
9156,0.0,0.0,182.613
9157,0.0,0.0,182.613
9158,0.0,0.0,182.613
9159,0.0,0.0,182.613
9160,0.0,0.0,182.613
9161,100.0,6.25,182.695
9162,100.0,6.25,182.695
9163,56.8,3.55,182.695
9164,0.0,0.0,182.695
9165,12.5,0.781,182.695
9166,0.0,0.0,182.695
9167,0.0,0.0,182.695
9168,0.0,0.0,182.695
9169,0.0,0.0,182.695
9170,0.0,0.0,182.695
9171,0.0,0.0,182.695
9172,0.0,0.0,182.695
9173,0.0,0.0,182.695
9174,0.0,0.0,182.695
9175,0.0,0.0,182.695
9176,0.0,0.0,182.695
9177,0.0,0.0,182.695
9178,0.0,0.0,182.695
9179,0.0,0.0,182.695
9180,0.0,0.0,182.695
9181,0.0,0.0,182.695
9182,0.0,0.0,182.695
9183,0.0,0.0,182.695
9184,0.0,0.0,182.695
9185,0.0,0.0,182.695
9186,0.0,0.0,182.695
9187,0.0,0.0,182.695
9188,0.0,0.0,182.695
9189,0.0,0.0,182.695
9190,0.0,0.0,182.695
9191,12.5,0.781,182.699
9192,16.6,1.038,182.699
9193,0.0,0.0,182.699
9194,0.0,0.0,182.699
9195,0.0,0.0,182.699
9196,0.0,0.0,182.699
9197,0.0,0.0,182.699
9198,0.0,0.0,182.699
9199,0.0,0.0,182.699
9200,0.0,0.0,182.699
9201,0.0,0.0,182.699
9202,0.0,0.0,182.699
9203,14.3,0.894,182.699
9204,0.0,0.0,182.699
9205,0.0,0.0,182.699
9206,0.0,0.0,182.699
9207,0.0,0.0,182.699
9208,0.0,0.0,182.699
9209,0.0,0.0,182.699
9210,0.0,0.0,182.699
9211,0.0,0.0,182.699
9212,0.0,0.0,182.699
9213,0.0,0.0,182.699
9214,0.0,0.0,182.699
9215,77.6,4.85,182.699
9216,100.0,6.25,182.703
9217,86.0,5.375,182.703
9218,0.0,0.0,182.703
9219,0.0,0.0,182.703
9220,0.0,0.0,182.703
9221,0.0,0.0,182.703
9222,0.0,0.0,182.703
9223,0.0,0.0,182.703
9224,0.0,0.0,182.703
9225,0.0,0.0,182.703
9226,14.3,0.894,182.703
9227,0.0,0.0,182.703
9228,0.0,0.0,182.703
9229,0.0,0.0,182.703
9230,0.0,0.0,182.703
9231,0.0,0.0,182.703
9232,0.0,0.0,182.703
9233,14.2,0.887,182.703
9234,14.3,0.894,182.703
9235,0.0,0.0,182.703
9236,0.0,0.0,182.703
9237,0.0,0.0,182.703
9238,0.0,0.0,182.703
9239,0.0,0.0,182.703
9240,0.0,0.0,182.703
9241,75.0,4.688,182.703
9242,100.0,6.25,182.703
9243,86.0,5.375,182.703
9244,0.0,0.0,182.703
9245,0.0,0.0,182.703
9246,0.0,0.0,182.703
9247,0.0,0.0,182.703
9248,0.0,0.0,182.703
9249,0.0,0.0,182.703
9250,14.2,0.887,182.703
9251,0.0,0.0,182.707
9252,14.3,0.894,182.945
9253,37.5,2.344,182.945
9254,100.0,6.25,182.988
9255,99.4,6.213,182.988
9256,0.0,0.0,182.988
9257,0.0,0.0,182.988
9258,0.0,0.0,182.988
9259,14.2,0.887,182.988
9260,0.0,0.0,182.988
9261,0.0,0.0,182.988
9262,0.0,0.0,182.988
9263,0.0,0.0,182.988
9264,0.0,0.0,182.988
9265,0.0,0.0,182.988
9266,0.0,0.0,182.988
9267,12.5,0.781,182.988
9268,0.0,0.0,182.988
9269,0.0,0.0,182.988
9270,0.0,0.0,182.988
9271,57.3,3.581,183.727
9272,0.0,0.0,183.727
9273,0.0,0.0,183.727
9274,0.0,0.0,183.727
9275,0.0,0.0,183.727
9276,0.0,0.0,183.727
9277,0.0,0.0,183.727
9278,0.0,0.0,183.727
9279,14.2,0.887,183.727
9280,0.0,0.0,183.727
9281,87.5,5.469,183.828
9282,100.0,6.25,183.828
9283,100.3,6.269,183.828
9284,0.0,0.0,183.828
9285,0.0,0.0,183.828
9286,0.0,0.0,183.828
9287,0.0,0.0,183.828
9288,28.4,1.775,183.828
9289,0.0,0.0,183.828
9290,0.0,0.0,183.828
9291,0.0,0.0,183.828
9292,75.0,4.688,183.828
9293,14.3,0.894,183.828
9294,0.0,0.0,183.828
9295,0.0,0.0,183.828
9296,0.0,0.0,183.828
9297,0.0,0.0,183.828
9298,0.0,0.0,183.828
9299,0.0,0.0,183.828
9300,0.0,0.0,183.828
9301,0.0,0.0,183.828
9302,0.0,0.0,183.828
9303,0.0,0.0,183.828
9304,0.0,0.0,183.828
9305,25.0,1.562,183.828
9306,100.0,6.25,183.828
9307,100.0,6.25,183.828
9308,43.0,2.688,183.828
9309,0.0,0.0,183.828
9310,14.2,0.887,183.828
9311,0.0,0.0,183.828
9312,0.0,0.0,183.828
9313,0.0,0.0,183.828
9314,0.0,0.0,183.828
9315,0.0,0.0,183.828
9316,0.0,0.0,183.828
9317,0.0,0.0,183.828
9318,0.0,0.0,183.828
9319,0.0,0.0,183.828
9320,14.2,0.887,183.828
9321,0.0,0.0,183.828
9322,14.3,0.894,183.828
9323,0.0,0.0,183.828
9324,0.0,0.0,183.828
9325,0.0,0.0,183.891
9326,0.0,0.0,183.891
9327,100.0,6.25,183.895
9328,100.0,6.25,183.895
9329,28.4,1.775,183.895
9330,0.0,0.0,183.895
9331,0.0,0.0,183.895
9332,0.0,0.0,183.895
9333,0.0,0.0,183.895
9334,14.2,0.887,183.895
9335,0.0,0.0,183.895
9336,0.0,0.0,183.895
9337,75.0,4.688,183.895
9338,28.7,1.794,183.898
9339,0.0,0.0,183.898
9340,0.0,0.0,183.898
9341,0.0,0.0,183.898
9342,0.0,0.0,183.898
9343,0.0,0.0,183.898
9344,0.0,0.0,183.898
9345,0.0,0.0,183.898
9346,0.0,0.0,183.898
9347,0.0,0.0,183.898
9348,0.0,0.0,183.898
9349,0.0,0.0,183.898
9350,0.0,0.0,183.898
9351,0.0,0.0,183.898
9352,0.0,0.0,183.898
9353,0.0,0.0,183.898
9354,0.0,0.0,183.898
9355,0.0,0.0,183.898
9356,28.7,1.794,183.977
9357,0.0,0.0,183.977
9358,0.0,0.0,183.977
9359,0.0,0.0,183.977
9360,0.0,0.0,183.977
9361,0.0,0.0,183.977
9362,0.0,0.0,183.977
9363,0.0,0.0,183.977
9364,0.0,0.0,183.977
9365,0.0,0.0,183.977
9366,0.0,0.0,183.977
9367,0.0,0.0,183.977
9368,0.0,0.0,183.977
9369,0.0,0.0,183.977
9370,0.0,0.0,183.961
9371,0.0,0.0,183.961
9372,11.2,0.7,183.961
9373,100.0,6.25,183.961
9374,100.0,6.25,183.961
9375,87.5,5.469,183.961
9376,14.2,0.887,183.961
9377,0.0,0.0,183.961
9378,0.0,0.0,183.961
9379,0.0,0.0,183.961
9380,0.0,0.0,183.961
9381,14.3,0.894,183.961
9382,0.0,0.0,183.961
9383,0.0,0.0,183.961
9384,0.0,0.0,183.961
9385,0.0,0.0,183.961
9386,0.0,0.0,183.961
9387,0.0,0.0,183.961
9388,0.0,0.0,183.961
9389,0.0,0.0,183.961
9390,0.0,0.0,183.961
9391,0.0,0.0,183.961
9392,0.0,0.0,183.961
9393,0.0,0.0,183.961
9394,0.0,0.0,183.961
9395,0.0,0.0,183.961
9396,0.0,0.0,183.961
9397,0.0,0.0,183.961
9398,0.0,0.0,183.961
9399,0.0,0.0,183.961
9400,0.0,0.0,183.961
9401,0.0,0.0,183.961
9402,0.0,0.0,183.961
9403,0.0,0.0,183.961
9404,0.0,0.0,183.961
9405,0.0,0.0,183.961
9406,0.0,0.0,183.961
9407,0.0,0.0,183.961
9408,0.0,0.0,183.961
9409,0.0,0.0,183.961
9410,0.0,0.0,183.961
9411,0.0,0.0,183.961
9412,0.0,0.0,183.961
9413,0.0,0.0,183.961
9414,0.0,0.0,183.961
9415,0.0,0.0,183.961
9416,0.0,0.0,183.961
9417,0.0,0.0,183.961
9418,0.0,0.0,183.961
9419,0.0,0.0,183.961
9420,0.0,0.0,183.961
9421,0.0,0.0,183.961
9422,0.0,0.0,183.961
9423,0.0,0.0,183.961
9424,0.0,0.0,183.961
9425,0.0,0.0,183.961
9426,0.0,0.0,183.961
9427,0.0,0.0,183.961
9428,0.0,0.0,183.961
9429,0.0,0.0,183.961
9430,0.0,0.0,183.961
9431,0.0,0.0,183.961
9432,0.0,0.0,183.961
9433,0.0,0.0,183.961
9434,0.0,0.0,183.961
9435,0.0,0.0,183.961
9436,0.0,0.0,183.961
9437,0.0,0.0,183.961
9438,0.0,0.0,183.961
9439,0.0,0.0,183.961
9440,0.0,0.0,183.961
9441,0.0,0.0,183.961
9442,0.0,0.0,183.961
9443,0.0,0.0,183.961
9444,0.0,0.0,183.961
9445,0.0,0.0,183.961
9446,0.0,0.0,183.961
9447,14.2,0.887,183.961
9448,0.0,0.0,183.961
9449,14.3,0.894,183.961
9450,0.0,0.0,183.961
9451,0.0,0.0,183.961
9452,0.0,0.0,183.961
9453,0.0,0.0,183.961
9454,0.0,0.0,183.961
9455,0.0,0.0,183.961
9456,0.0,0.0,183.961
9457,0.0,0.0,183.961
9458,0.0,0.0,183.961
9459,0.0,0.0,183.961
9460,0.0,0.0,183.961
9461,0.0,0.0,183.961
9462,0.0,0.0,183.961
9463,0.0,0.0,183.961
9464,0.0,0.0,183.961
9465,0.0,0.0,183.961
9466,0.0,0.0,183.961
9467,0.0,0.0,183.961
9468,0.0,0.0,183.961
9469,0.0,0.0,183.961
9470,0.0,0.0,183.961
9471,0.0,0.0,183.961
9472,0.0,0.0,183.961
9473,0.0,0.0,183.961
9474,0.0,0.0,183.961
9475,0.0,0.0,183.961
9476,0.0,0.0,183.961
9477,0.0,0.0,183.961
9478,0.0,0.0,183.961
9479,0.0,0.0,183.961
9480,0.0,0.0,183.961
9481,0.0,0.0,183.961
9482,0.0,0.0,183.961
9483,0.0,0.0,183.961
9484,0.0,0.0,183.961
9485,0.0,0.0,183.961
9486,0.0,0.0,183.961
9487,0.0,0.0,183.961
9488,0.0,0.0,183.961
9489,0.0,0.0,183.961
9490,0.0,0.0,183.961
9491,14.2,0.887,183.961
9492,0.0,0.0,183.961
9493,0.0,0.0,183.961
9494,0.0,0.0,183.961
9495,0.0,0.0,183.961
9496,0.0,0.0,183.961
9497,0.0,0.0,183.961
9498,0.0,0.0,183.961
9499,0.0,0.0,183.961
9500,0.0,0.0,183.961
9501,0.0,0.0,183.961
9502,0.0,0.0,183.961
9503,0.0,0.0,183.961
9504,0.0,0.0,183.961
9505,0.0,0.0,183.961
9506,0.0,0.0,183.961
9507,0.0,0.0,183.961
9508,0.0,0.0,183.961
9509,0.0,0.0,183.961
9510,0.0,0.0,183.961
9511,0.0,0.0,183.961
9512,0.0,0.0,183.961
9513,0.0,0.0,183.961
9514,100.0,6.25,183.969
9515,100.0,6.25,183.969
9516,85.2,5.325,183.969
9517,0.0,0.0,183.969
9518,0.0,0.0,183.969
9519,0.0,0.0,183.969
9520,0.0,0.0,183.969
9521,0.0,0.0,183.969
9522,14.2,0.887,183.969
9523,0.0,0.0,183.969
9524,0.0,0.0,183.969
9525,0.0,0.0,183.969
9526,0.0,0.0,183.969
9527,0.0,0.0,183.969
9528,0.0,0.0,183.969
9529,0.0,0.0,183.969
9530,0.0,0.0,183.969
9531,0.0,0.0,183.969
9532,0.0,0.0,183.969
9533,0.0,0.0,183.969
9534,0.0,0.0,183.969
9535,14.3,0.894,184.035
9536,0.0,0.0,184.035
9537,0.0,0.0,184.035
9538,0.0,0.0,184.035
9539,0.0,0.0,184.043
9540,0.0,0.0,184.043
9541,0.0,0.0,184.043
9542,0.0,0.0,184.043
9543,0.0,0.0,184.043
9544,0.0,0.0,184.055
9545,0.0,0.0,184.055
9546,44.3,2.769,185.547
9547,14.3,0.894,181.309
9548,0.0,0.0,181.309
9549,0.0,0.0,181.309
9550,14.3,0.894,181.32
9551,0.0,0.0,181.32
9552,14.2,0.887,181.32
9553,0.0,0.0,181.434
9554,0.0,0.0,181.434
9555,0.0,0.0,181.434
9556,0.0,0.0,181.434
9557,0.0,0.0,181.457
9558,0.0,0.0,181.457
9559,0.0,0.0,181.457
9560,0.0,0.0,181.457
9561,0.0,0.0,181.484
9562,0.0,0.0,181.484
9563,0.0,0.0,181.645
9564,37.5,2.344,183.371
9565,100.0,6.25,183.266
9566,100.0,6.25,183.34
9567,100.0,6.25,183.34
9568,43.0,2.688,183.34
9569,0.0,0.0,183.34
9570,0.0,0.0,183.34
9571,0.0,0.0,183.34
9572,0.0,0.0,180.875
9573,14.2,0.887,180.93
9574,0.0,0.0,180.93
9575,0.0,0.0,180.93
9576,62.5,3.906,181.523
9577,43.0,2.688,181.633
9578,0.0,0.0,181.633
9579,0.0,0.0,181.633
9580,0.0,0.0,181.633
9581,0.0,0.0,181.633
9582,0.0,0.0,181.633
9583,0.0,0.0,181.633
9584,0.0,0.0,181.633
9585,0.0,0.0,181.633
9586,0.0,0.0,181.633
9587,0.0,0.0,181.633
9588,0.0,0.0,181.633
9589,0.0,0.0,181.633
9590,0.0,0.0,181.633
9591,0.0,0.0,181.633
9592,0.0,0.0,181.633
9593,0.0,0.0,181.633
9594,0.0,0.0,181.633
9595,0.0,0.0,181.633
9596,0.0,0.0,181.633
9597,0.0,0.0,181.633
9598,0.0,0.0,181.633
9599,0.0,0.0,181.633
9600,0.0,0.0,181.633
9601,0.0,0.0,181.633
9602,0.0,0.0,181.633
9603,0.0,0.0,181.633
9604,0.0,0.0,181.633
9605,0.0,0.0,181.633
9606,0.0,0.0,181.633
9607,0.0,0.0,181.633
9608,0.0,0.0,181.633
9609,0.0,0.0,181.633
9610,0.0,0.0,181.637
9611,0.0,0.0,181.637
9612,0.0,0.0,181.695
9613,0.0,0.0,181.695
9614,0.0,0.0,181.695
9615,0.0,0.0,181.695
9616,0.0,0.0,181.695
9617,0.0,0.0,181.695
9618,0.0,0.0,181.695
9619,0.0,0.0,181.695
9620,0.0,0.0,181.695
9621,0.0,0.0,181.695
9622,0.0,0.0,181.695
9623,14.3,0.894,181.699
9624,0.0,0.0,181.699
9625,0.0,0.0,181.699
9626,14.3,0.894,181.699
9627,0.0,0.0,181.703
9628,37.5,2.344,181.715
9629,100.0,6.25,181.742
9630,56.8,3.55,181.742
9631,14.3,0.894,181.742
9632,12.5,0.781,181.832
9633,0.0,0.0,181.832
9634,0.0,0.0,181.832
9635,0.0,0.0,181.832
9636,0.0,0.0,181.832
9637,0.0,0.0,181.832
9638,0.0,0.0,181.832
9639,0.0,0.0,181.832
9640,0.0,0.0,181.832
9641,0.0,0.0,181.832
9642,0.0,0.0,181.832
9643,0.0,0.0,181.832
9644,0.0,0.0,181.832
9645,0.0,0.0,181.832
9646,0.0,0.0,181.832
9647,0.0,0.0,181.832
9648,0.0,0.0,181.832
9649,0.0,0.0,181.832
9650,0.0,0.0,181.832
9651,0.0,0.0,181.832
9652,87.5,5.469,181.855
9653,87.5,5.469,181.855
9654,71.7,4.481,181.855
9655,0.0,0.0,181.855
9656,0.0,0.0,181.855
9657,0.0,0.0,181.855
9658,0.0,0.0,181.855
9659,0.0,0.0,181.855
9660,0.0,0.0,181.855
9661,0.0,0.0,181.879
9662,0.0,0.0,181.879
9663,0.0,0.0,181.879
9664,0.0,0.0,181.879
9665,12.5,0.781,181.941
9666,0.0,0.0,181.941
9667,14.3,0.894,181.941
9668,0.0,0.0,181.941
9669,0.0,0.0,181.941
9670,0.0,0.0,181.941
9671,0.0,0.0,181.941
9672,0.0,0.0,181.941
9673,14.3,0.894,182.242
9674,0.0,0.0,182.242
9675,0.0,0.0,182.242
9676,0.0,0.0,182.242
9677,0.0,0.0,182.254
9678,0.0,0.0,182.254
9679,0.0,0.0,182.266
9680,0.0,0.0,182.27
9681,0.0,0.0,182.27
9682,86.0,5.375,179.848
9683,12.5,0.781,179.922
9684,0.0,0.0,179.922
9685,0.0,0.0,179.922
9686,0.0,0.0,179.922
9687,0.0,0.0,179.922
9688,0.0,0.0,179.922
9689,0.0,0.0,179.922
9690,12.5,0.781,179.965
9691,0.0,0.0,179.965
9692,0.0,0.0,179.965
9693,0.0,0.0,179.965
9694,0.0,0.0,179.965
9695,0.0,0.0,179.965
9696,0.0,0.0,179.969
9697,30.0,1.875,180.117
9698,100.0,6.25,180.746
9699,99.7,6.231,180.746
9700,0.0,0.0,180.746
9701,14.3,0.894,180.75
9702,14.2,0.887,180.754
9703,0.0,0.0,180.754
9704,0.0,0.0,180.754
9705,0.0,0.0,180.754
9706,0.0,0.0,180.754
9707,0.0,0.0,180.754
9708,0.0,0.0,180.754
9709,0.0,0.0,180.754
9710,0.0,0.0,180.754
9711,0.0,0.0,180.754
9712,0.0,0.0,180.754
9713,0.0,0.0,180.754
9714,0.0,0.0,180.754
9715,0.0,0.0,180.754
9716,0.0,0.0,180.754
9717,0.0,0.0,180.754
9718,0.0,0.0,180.754
9719,0.0,0.0,180.754
9720,0.0,0.0,180.754
9721,0.0,0.0,180.754
9722,30.0,1.875,180.754
9723,100.0,6.25,180.754
9724,28.4,1.775,180.754
9725,0.0,0.0,180.754
9726,0.0,0.0,180.754
9727,0.0,0.0,180.754
9728,0.0,0.0,180.754
9729,0.0,0.0,180.754
9730,0.0,0.0,180.754
9731,12.5,0.781,180.754
9732,0.0,0.0,180.754
9733,0.0,0.0,180.754
9734,0.0,0.0,180.754
9735,0.0,0.0,180.754
9736,0.0,0.0,180.754
9737,0.0,0.0,180.754
9738,0.0,0.0,180.754
9739,0.0,0.0,180.754
9740,0.0,0.0,180.754
9741,0.0,0.0,180.754
9742,0.0,0.0,180.754
9743,0.0,0.0,180.754
9744,0.0,0.0,180.754
9745,0.0,0.0,180.754
9746,0.0,0.0,180.754
9747,0.0,0.0,180.754
9748,0.0,0.0,180.754
9749,0.0,0.0,180.754
9750,0.0,0.0,180.754
9751,0.0,0.0,180.754
9752,0.0,0.0,180.754
9753,0.0,0.0,180.754
9754,0.0,0.0,180.754
9755,0.0,0.0,180.754
9756,0.0,0.0,180.754
9757,0.0,0.0,180.754
9758,0.0,0.0,180.754
9759,0.0,0.0,180.754
9760,0.0,0.0,180.754
9761,0.0,0.0,180.754
9762,14.2,0.887,180.754
9763,0.0,0.0,180.754
9764,0.0,0.0,180.754
9765,0.0,0.0,180.754
9766,0.0,0.0,180.754
9767,0.0,0.0,180.754
9768,0.0,0.0,180.754
9769,0.0,0.0,180.754
9770,0.0,0.0,180.754
9771,0.0,0.0,180.754
9772,0.0,0.0,180.754
9773,0.0,0.0,180.754
9774,0.0,0.0,180.754
9775,0.0,0.0,180.754
9776,0.0,0.0,180.754
9777,0.0,0.0,180.754
9778,0.0,0.0,180.754
9779,0.0,0.0,180.754
9780,0.0,0.0,180.754
9781,0.0,0.0,180.754
9782,0.0,0.0,180.754
9783,0.0,0.0,180.754
9784,0.0,0.0,180.754
9785,0.0,0.0,180.754
9786,0.0,0.0,180.754
9787,0.0,0.0,180.754
9788,0.0,0.0,180.754
9789,14.2,0.887,180.754
9790,0.0,0.0,180.754
9791,0.0,0.0,180.754
9792,0.0,0.0,180.754
9793,0.0,0.0,180.754
9794,0.0,0.0,180.754
9795,0.0,0.0,180.754
9796,0.0,0.0,180.754
9797,14.3,0.894,180.758
9798,0.0,0.0,180.758
9799,0.0,0.0,180.758
9800,0.0,0.0,180.758
9801,0.0,0.0,180.758
9802,0.0,0.0,180.758
9803,0.0,0.0,180.758
9804,0.0,0.0,180.758
9805,0.0,0.0,180.758
9806,0.0,0.0,180.758
9807,0.0,0.0,180.758
9808,0.0,0.0,180.758
9809,0.0,0.0,180.758
9810,0.0,0.0,180.758
9811,0.0,0.0,180.758
9812,0.0,0.0,180.758
9813,0.0,0.0,180.758
9814,0.0,0.0,180.758
9815,0.0,0.0,180.758
9816,0.0,0.0,180.758
9817,0.0,0.0,180.758
9818,0.0,0.0,180.758
9819,0.0,0.0,180.758
9820,0.0,0.0,180.758
9821,0.0,0.0,180.758
9822,0.0,0.0,180.758
9823,0.0,0.0,180.758
9824,14.3,0.894,180.758
9825,0.0,0.0,180.758
9826,0.0,0.0,180.758
9827,0.0,0.0,180.758
9828,0.0,0.0,180.758
9829,0.0,0.0,180.758
9830,0.0,0.0,180.758
9831,0.0,0.0,180.758
9832,0.0,0.0,180.758
9833,0.0,0.0,180.758
9834,0.0,0.0,180.758
9835,0.0,0.0,180.758
9836,0.0,0.0,180.758
9837,0.0,0.0,180.758
9838,0.0,0.0,180.758
9839,0.0,0.0,180.758
9840,0.0,0.0,180.758
9841,0.0,0.0,180.758
9842,0.0,0.0,180.758
9843,0.0,0.0,180.758
9844,0.0,0.0,180.758
9845,0.0,0.0,180.758
9846,0.0,0.0,180.758
9847,0.0,0.0,180.758
9848,0.0,0.0,180.758
9849,0.0,0.0,180.758
9850,0.0,0.0,180.758
9851,0.0,0.0,180.758
9852,0.0,0.0,180.758
9853,0.0,0.0,180.758
9854,0.0,0.0,180.758
9855,0.0,0.0,180.758
9856,0.0,0.0,180.758
9857,0.0,0.0,180.758
9858,0.0,0.0,180.758
9859,0.0,0.0,180.758
9860,0.0,0.0,180.758
9861,0.0,0.0,180.758
9862,33.5,2.094,180.758
9863,100.0,6.25,180.758
9864,85.2,5.325,180.758
9865,14.3,0.894,180.758
9866,0.0,0.0,180.758
9867,0.0,0.0,180.758
9868,0.0,0.0,180.758
9869,0.0,0.0,180.758
9870,0.0,0.0,180.758
9871,0.0,0.0,180.758
9872,0.0,0.0,180.758
9873,0.0,0.0,180.758
9874,14.3,0.894,180.762
9875,0.0,0.0,180.762
9876,0.0,0.0,180.762
9877,0.0,0.0,180.762
9878,0.0,0.0,180.762
9879,0.0,0.0,180.762
9880,0.0,0.0,180.762
9881,0.0,0.0,180.762
9882,0.0,0.0,180.762
9883,0.0,0.0,180.762
9884,0.0,0.0,180.762
9885,0.0,0.0,180.762
9886,0.0,0.0,180.762
9887,0.0,0.0,180.762
9888,0.0,0.0,180.762
9889,0.0,0.0,180.762
9890,0.0,0.0,180.762
9891,0.0,0.0,180.762
9892,0.0,0.0,180.762
9893,0.0,0.0,180.762
9894,0.0,0.0,180.762
9895,0.0,0.0,180.762
9896,0.0,0.0,180.762
9897,0.0,0.0,180.762
9898,0.0,0.0,180.762
9899,0.0,0.0,180.762
9900,0.0,0.0,180.762
9901,0.0,0.0,180.762
9902,0.0,0.0,180.762
9903,0.0,0.0,180.762
9904,0.0,0.0,180.762
9905,0.0,0.0,180.762
9906,0.0,0.0,180.762
9907,0.0,0.0,180.762
9908,0.0,0.0,180.762
9909,0.0,0.0,180.762
9910,0.0,0.0,180.762
9911,0.0,0.0,180.762
9912,0.0,0.0,180.762
9913,0.0,0.0,180.762
9914,0.0,0.0,180.762
9915,0.0,0.0,180.762
9916,0.0,0.0,180.762
9917,0.0,0.0,180.762
9918,0.0,0.0,180.762
9919,0.0,0.0,180.762
9920,0.0,0.0,180.762
9921,0.0,0.0,180.762
9922,0.0,0.0,180.762
9923,0.0,0.0,180.762
9924,0.0,0.0,180.762
9925,0.0,0.0,180.762
9926,0.0,0.0,180.762
9927,0.0,0.0,180.762
9928,0.0,0.0,180.762
9929,0.0,0.0,180.762
9930,0.0,0.0,180.762
9931,0.0,0.0,180.762
9932,0.0,0.0,180.762
9933,0.0,0.0,180.762
9934,0.0,0.0,180.762
9935,0.0,0.0,180.762
9936,0.0,0.0,180.762
9937,0.0,0.0,180.762
9938,0.0,0.0,180.762
9939,0.0,0.0,180.762
9940,0.0,0.0,180.762
9941,0.0,0.0,180.762
9942,0.0,0.0,180.762
9943,0.0,0.0,180.762
9944,0.0,0.0,180.762
9945,0.0,0.0,180.762
9946,19.9,1.244,180.762
9947,100.0,6.25,180.762
9948,100.0,6.25,180.762
9949,14.3,0.894,180.762
9950,0.0,0.0,180.762
9951,0.0,0.0,180.762
9952,0.0,0.0,180.762
9953,0.0,0.0,180.762
9954,0.0,0.0,180.762
9955,0.0,0.0,180.762
9956,0.0,0.0,180.762
9957,0.0,0.0,180.766
9958,0.0,0.0,180.766
9959,14.3,0.894,180.895
9960,0.0,0.0,180.895
9961,44.6,2.788,180.922
9962,100.0,6.25,180.922
9963,100.0,6.25,180.922
9964,42.6,2.663,180.922
9965,0.0,0.0,180.922
9966,0.0,0.0,180.922
9967,0.0,0.0,180.922
9968,0.0,0.0,180.922
9969,12.5,0.781,181.043
9970,0.0,0.0,181.043
9971,0.0,0.0,181.043
9972,0.0,0.0,181.043
9973,0.0,0.0,181.043
9974,0.0,0.0,181.043
9975,0.0,0.0,181.043
9976,0.0,0.0,181.043
9977,0.0,0.0,181.055
9978,42.6,2.663,181.449
9979,12.5,0.781,181.457
9980,0.0,0.0,181.457
9981,0.0,0.0,181.457
9982,0.0,0.0,181.457
9983,0.0,0.0,181.457
9984,0.0,0.0,181.457
9985,0.0,0.0,181.457
9986,0.0,0.0,181.457
9987,0.0,0.0,181.457
9988,22.3,1.394,181.457
9989,88.7,5.544,181.465
9990,75.0,4.688,181.465
9991,14.3,0.894,181.465
9992,0.0,0.0,181.465
9993,0.0,0.0,181.465
9994,0.0,0.0,181.465
9995,0.0,0.0,181.465
9996,0.0,0.0,181.465
9997,0.0,0.0,181.465
9998,0.0,0.0,181.465
9999,0.0,0.0,181.465
10000,0.0,0.0,181.465
10001,0.0,0.0,181.465
10002,0.0,0.0,181.465
10003,0.0,0.0,181.465
10004,0.0,0.0,181.465
10005,14.2,0.887,181.465
10006,0.0,0.0,181.465
10007,0.0,0.0,181.465
10008,0.0,0.0,181.465
10009,0.0,0.0,181.465
10010,0.0,0.0,181.465
10011,0.0,0.0,181.465
10012,0.0,0.0,181.465
10013,0.0,0.0,181.465
10014,0.0,0.0,181.465
10015,0.0,0.0,181.465
10016,0.0,0.0,181.465
10017,0.0,0.0,181.465
10018,0.0,0.0,181.465
10019,0.0,0.0,181.465
10020,0.0,0.0,181.465
10021,0.0,0.0,181.465
10022,0.0,0.0,181.465
10023,0.0,0.0,181.465
10024,0.0,0.0,181.465
10025,0.0,0.0,181.465
10026,0.0,0.0,181.465
10027,0.0,0.0,181.465
10028,0.0,0.0,181.465
10029,0.0,0.0,181.465
10030,0.0,0.0,181.465
10031,0.0,0.0,181.465
10032,0.0,0.0,181.465
10033,0.0,0.0,181.465
10034,0.0,0.0,181.465
10035,0.0,0.0,181.465
10036,0.0,0.0,181.465
10037,0.0,0.0,181.465
10038,0.0,0.0,181.465
10039,0.0,0.0,181.465
10040,0.0,0.0,181.465
10041,0.0,0.0,181.465
10042,0.0,0.0,181.465
10043,0.0,0.0,181.465
10044,0.0,0.0,181.465
10045,0.0,0.0,181.465
10046,0.0,0.0,181.465
10047,0.0,0.0,181.465
10048,0.0,0.0,181.465
10049,0.0,0.0,181.465
10050,0.0,0.0,181.465
10051,0.0,0.0,181.465
10052,75.0,4.688,181.465
10053,112.5,7.031,181.465
10054,57.3,3.581,181.465
10055,0.0,0.0,181.465
10056,0.0,0.0,181.465
10057,0.0,0.0,181.465
10058,0.0,0.0,181.465
10059,0.0,0.0,181.465
10060,0.0,0.0,181.465
10061,0.0,0.0,181.465
10062,0.0,0.0,181.465
10063,0.0,0.0,181.465
10064,0.0,0.0,181.465
10065,0.0,0.0,181.465
10066,0.0,0.0,181.465
10067,0.0,0.0,181.465
10068,0.0,0.0,181.465
10069,0.0,0.0,181.465
10070,0.0,0.0,181.465
10071,0.0,0.0,181.465
10072,0.0,0.0,181.465
10073,0.0,0.0,181.465
10074,14.2,0.887,181.723
10075,14.3,0.894,181.723
10076,0.0,0.0,181.723
10077,0.0,0.0,181.723
10078,0.0,0.0,181.723
10079,0.0,0.0,181.723
10080,0.0,0.0,181.723
10081,0.0,0.0,181.723
10082,14.3,0.894,181.723
10083,0.0,0.0,181.723
10084,77.6,4.85,181.723
10085,100.0,6.25,181.723
10086,114.7,7.169,181.723
10087,0.0,0.0,181.723
10088,0.0,0.0,181.723
10089,0.0,0.0,181.723
10090,0.0,0.0,181.723
10091,0.0,0.0,181.723
10092,0.0,0.0,181.723
10093,0.0,0.0,181.723
10094,0.0,0.0,181.723
10095,0.0,0.0,181.723
10096,0.0,0.0,181.723
10097,0.0,0.0,181.723
10098,0.0,0.0,181.723
10099,0.0,0.0,181.723
10100,0.0,0.0,181.723
10101,14.3,0.894,181.723
10102,14.2,0.887,181.723
10103,0.0,0.0,181.723
10104,0.0,0.0,181.723
10105,0.0,0.0,181.723
10106,0.0,0.0,181.723
10107,0.0,0.0,181.723
10108,0.0,0.0,181.723
10109,0.0,0.0,181.723
10110,0.0,0.0,181.723
10111,0.0,0.0,181.723
10112,0.0,0.0,181.723
10113,0.0,0.0,181.723
10114,0.0,0.0,181.723
10115,0.0,0.0,181.723
10116,0.0,0.0,181.723
10117,0.0,0.0,181.723
10118,0.0,0.0,181.723
10119,0.0,0.0,181.723
10120,0.0,0.0,181.723
10121,0.0,0.0,181.723
10122,0.0,0.0,181.723
10123,0.0,0.0,181.723
10124,0.0,0.0,181.723
10125,0.0,0.0,181.723
10126,0.0,0.0,181.723
10127,0.0,0.0,181.723
10128,0.0,0.0,181.723
10129,0.0,0.0,181.723
10130,0.0,0.0,181.723
10131,0.0,0.0,181.723
10132,0.0,0.0,181.723
10133,0.0,0.0,181.723
10134,0.0,0.0,181.723
10135,0.0,0.0,181.723
10136,0.0,0.0,181.723
10137,0.0,0.0,181.723
10138,0.0,0.0,181.723
10139,0.0,0.0,181.723
10140,0.0,0.0,181.723
10141,0.0,0.0,181.723
10142,0.0,0.0,181.723
10143,0.0,0.0,181.723
10144,0.0,0.0,181.723
10145,14.3,0.894,181.723
10146,0.0,0.0,181.723
10147,0.0,0.0,181.723
10148,0.0,0.0,181.723
10149,0.0,0.0,181.723
10150,0.0,0.0,181.723
10151,0.0,0.0,181.723
10152,0.0,0.0,181.723
10153,0.0,0.0,181.723
10154,0.0,0.0,181.723
10155,0.0,0.0,181.723
10156,0.0,0.0,181.723
10157,0.0,0.0,181.723
10158,0.0,0.0,181.723
10159,0.0,0.0,181.723
10160,0.0,0.0,181.723
10161,0.0,0.0,181.723
10162,0.0,0.0,181.723
10163,0.0,0.0,181.723
10164,0.0,0.0,181.723
10165,0.0,0.0,181.723
10166,0.0,0.0,181.723
10167,0.0,0.0,181.723
10168,0.0,0.0,181.723
10169,0.0,0.0,181.723
10170,12.5,0.781,181.723
10171,0.0,0.0,181.723
10172,0.0,0.0,181.723
10173,0.0,0.0,181.723
10174,0.0,0.0,181.723
10175,0.0,0.0,181.723
10176,0.0,0.0,181.723
10177,0.0,0.0,181.723
10178,0.0,0.0,181.723
10179,0.0,0.0,181.723
10180,0.0,0.0,181.723
10181,0.0,0.0,181.723
10182,0.0,0.0,181.723
10183,0.0,0.0,181.723
10184,0.0,0.0,181.723
10185,0.0,0.0,181.723
10186,0.0,0.0,181.723
10187,0.0,0.0,181.723
10188,0.0,0.0,181.723
10189,0.0,0.0,181.723
10190,0.0,0.0,181.723
10191,0.0,0.0,181.723
10192,0.0,0.0,181.723
10193,0.0,0.0,181.723
10194,0.0,0.0,181.723
10195,0.0,0.0,181.723
10196,0.0,0.0,181.723
10197,0.0,0.0,181.723
10198,0.0,0.0,181.723
10199,0.0,0.0,181.723
10200,0.0,0.0,181.723
10201,0.0,0.0,181.723
10202,0.0,0.0,181.723
10203,0.0,0.0,181.723
10204,0.0,0.0,181.723
10205,0.0,0.0,181.723
10206,0.0,0.0,181.723
10207,0.0,0.0,181.723
10208,0.0,0.0,181.723
10209,0.0,0.0,181.723
10210,0.0,0.0,181.723
10211,0.0,0.0,181.723
10212,0.0,0.0,181.723
10213,0.0,0.0,181.723
10214,0.0,0.0,181.723
10215,0.0,0.0,181.723
10216,0.0,0.0,181.723
10217,0.0,0.0,181.723
10218,0.0,0.0,181.723
10219,0.0,0.0,181.723
10220,0.0,0.0,181.723
10221,0.0,0.0,181.723
10222,0.0,0.0,181.723
10223,0.0,0.0,181.723
10224,0.0,0.0,181.723
10225,0.0,0.0,181.723
10226,0.0,0.0,181.723
10227,0.0,0.0,181.723
10228,0.0,0.0,181.723
10229,0.0,0.0,181.723
10230,0.0,0.0,181.723
10231,0.0,0.0,181.723
10232,0.0,0.0,181.723
10233,0.0,0.0,181.723
10234,0.0,0.0,181.723
10235,0.0,0.0,181.723
10236,20.0,1.25,181.723
10237,114.7,7.169,181.723
10238,62.5,3.906,181.723
10239,0.0,0.0,181.723
10240,0.0,0.0,181.723
10241,14.3,0.894,181.781
10242,0.0,0.0,181.781
10243,28.7,1.794,181.781
10244,33.2,2.075,181.781
10245,100.0,6.25,181.781
10246,89.3,5.581,181.781
10247,16.6,1.038,181.781
10248,0.0,0.0,181.781
10249,0.0,0.0,181.781
10250,0.0,0.0,181.781
10251,0.0,0.0,181.781
10252,0.0,0.0,181.781
10253,0.0,0.0,181.781
10254,86.0,5.375,181.781
10255,100.0,6.25,181.781
10256,99.4,6.213,181.781
10257,0.0,0.0,181.781
10258,0.0,0.0,181.781
10259,0.0,0.0,181.781
10260,16.8,1.05,181.781
10261,0.0,0.0,181.781
10262,0.0,0.0,181.781
10263,0.0,0.0,181.781
10264,0.0,0.0,181.781
10265,0.0,0.0,181.781
10266,0.0,0.0,181.781
10267,0.0,0.0,181.781
10268,0.0,0.0,181.781
10269,0.0,0.0,181.781
10270,0.0,0.0,181.781
10271,14.3,0.894,181.781
10272,0.0,0.0,181.781
10273,0.0,0.0,181.781
10274,0.0,0.0,181.781
10275,0.0,0.0,181.781
10276,0.0,0.0,181.781
10277,0.0,0.0,181.781
10278,0.0,0.0,181.781
10279,0.0,0.0,181.781
10280,25.0,1.562,182.629
10281,28.7,1.794,182.629
10282,0.0,0.0,182.629
10283,0.0,0.0,182.629
10284,0.0,0.0,182.629
10285,0.0,0.0,182.629
10286,0.0,0.0,182.629
10287,0.0,0.0,182.629
10288,0.0,0.0,182.629
10289,0.0,0.0,182.629
10290,0.0,0.0,182.629
10291,0.0,0.0,182.629
10292,0.0,0.0,182.629
10293,0.0,0.0,182.629
10294,0.0,0.0,182.629
10295,0.0,0.0,182.629
10296,0.0,0.0,182.629
10297,0.0,0.0,182.629
10298,0.0,0.0,182.629
10299,75.0,4.688,182.902
10300,100.0,6.25,182.902
10301,86.0,5.375,182.902
10302,0.0,0.0,182.902
10303,0.0,0.0,182.902
10304,12.5,0.781,182.902
10305,0.0,0.0,182.902
10306,0.0,0.0,182.902
10307,0.0,0.0,182.902
10308,0.0,0.0,182.902
10309,0.0,0.0,182.902
10310,0.0,0.0,182.902
10311,0.0,0.0,182.902
10312,14.3,0.894,182.902
10313,0.0,0.0,182.902
10314,0.0,0.0,182.902
10315,0.0,0.0,182.902
10316,0.0,0.0,182.902
10317,0.0,0.0,182.902
10318,0.0,0.0,182.902
10319,0.0,0.0,182.902
10320,42.6,2.663,182.902
10321,89.3,5.581,182.902
10322,87.5,5.469,182.902
10323,42.6,2.663,182.902
10324,28.7,1.794,182.902
10325,0.0,0.0,182.902
10326,0.0,0.0,182.902
10327,0.0,0.0,182.902
10328,14.2,0.887,182.902
10329,50.0,3.125,182.902
10330,43.0,2.688,182.902
10331,0.0,0.0,182.902
10332,0.0,0.0,182.902
10333,14.2,0.887,182.902
10334,0.0,0.0,182.902
10335,14.2,0.887,182.902
10336,0.0,0.0,182.902
10337,0.0,0.0,182.902
10338,0.0,0.0,182.902
10339,0.0,0.0,182.902
10340,0.0,0.0,182.902
10341,0.0,0.0,182.902
10342,56.8,3.55,183.484
10343,25.0,1.562,183.5
10344,14.3,0.894,183.5
10345,14.2,0.887,183.5
10346,0.0,0.0,183.5
10347,0.0,0.0,183.5
10348,37.5,2.344,183.738
10349,112.5,7.031,183.738
10350,100.0,6.25,183.738
10351,42.6,2.663,183.738
10352,0.0,0.0,183.738
10353,0.0,0.0,183.738
10354,0.0,0.0,183.738
10355,14.2,0.887,179.539
10356,0.0,0.0,179.543
10357,0.0,0.0,179.543
10358,0.0,0.0,179.543
10359,62.5,3.906,180.191
10360,43.0,2.688,180.375
10361,0.0,0.0,180.375
10362,12.5,0.781,180.375
10363,0.0,0.0,180.375
10364,14.3,0.894,180.48
10365,0.0,0.0,180.48
10366,0.0,0.0,180.48
10367,14.2,0.887,180.875
10368,0.0,0.0,180.902
10369,14.3,0.894,180.902
10370,0.0,0.0,180.914
10371,12.5,0.781,180.973
10372,0.0,0.0,180.973
10373,14.3,0.894,180.977
10374,14.2,0.887,181.273
10375,0.0,0.0,181.273
10376,75.0,4.688,181.402
10377,100.0,6.25,181.559
10378,56.8,3.55,181.559
10379,14.3,0.894,181.559
10380,0.0,0.0,181.559
10381,0.0,0.0,181.559
10382,0.0,0.0,181.559
10383,0.0,0.0,181.559
10384,0.0,0.0,181.559
10385,0.0,0.0,181.559
10386,0.0,0.0,181.559
10387,0.0,0.0,181.559
10388,0.0,0.0,181.559
10389,28.7,1.794,181.562
10390,0.0,0.0,181.562
10391,0.0,0.0,181.562
10392,0.0,0.0,181.562
10393,75.0,4.688,181.988
10394,25.0,1.562,181.992
10395,0.0,0.0,181.992
10396,0.0,0.0,181.992
10397,0.0,0.0,181.992
10398,0.0,0.0,181.992
10399,0.0,0.0,181.992
10400,0.0,0.0,181.992
10401,0.0,0.0,181.992
10402,0.0,0.0,181.992
10403,0.0,0.0,181.992
10404,0.0,0.0,181.992
10405,0.0,0.0,181.992
10406,0.0,0.0,181.992
10407,0.0,0.0,181.992
10408,0.0,0.0,181.992
10409,12.5,0.781,182.0
10410,0.0,0.0,182.0
10411,0.0,0.0,182.0
10412,0.0,0.0,182.0
10413,0.0,0.0,182.0
10414,0.0,0.0,182.0
10415,0.0,0.0,182.0
10416,0.0,0.0,182.0
10417,0.0,0.0,182.0
10418,0.0,0.0,182.0
10419,0.0,0.0,182.0
10420,0.0,0.0,182.0
10421,0.0,0.0,182.0
10422,0.0,0.0,182.0
10423,0.0,0.0,182.0
10424,0.0,0.0,182.0
10425,0.0,0.0,182.0
10426,0.0,0.0,182.0
10427,0.0,0.0,182.0
10428,0.0,0.0,182.0
10429,0.0,0.0,182.0
10430,0.0,0.0,182.0
10431,0.0,0.0,182.0
10432,0.0,0.0,182.0
10433,0.0,0.0,182.0
10434,0.0,0.0,182.0
10435,0.0,0.0,182.0
10436,0.0,0.0,182.0
10437,0.0,0.0,182.0
10438,14.2,0.887,182.0
10439,0.0,0.0,182.0
10440,0.0,0.0,182.0
10441,0.0,0.0,182.0
10442,0.0,0.0,182.0
10443,0.0,0.0,182.0
10444,0.0,0.0,182.0
10445,0.0,0.0,182.0
10446,0.0,0.0,182.0
10447,0.0,0.0,182.0
10448,0.0,0.0,182.0
10449,0.0,0.0,182.0
10450,0.0,0.0,182.0
10451,0.0,0.0,182.0
10452,0.0,0.0,182.0
10453,0.0,0.0,182.0
10454,0.0,0.0,182.0
10455,0.0,0.0,182.0
10456,0.0,0.0,182.0
10457,0.0,0.0,182.0
10458,0.0,0.0,182.0
10459,0.0,0.0,182.0
10460,0.0,0.0,182.0
10461,0.0,0.0,182.0
10462,0.0,0.0,182.0
10463,0.0,0.0,182.0
10464,0.0,0.0,182.0
10465,0.0,0.0,182.0
10466,0.0,0.0,182.0
10467,0.0,0.0,182.0
10468,0.0,0.0,182.0
10469,0.0,0.0,182.0
10470,0.0,0.0,182.0
10471,0.0,0.0,182.0
10472,0.0,0.0,182.0
10473,0.0,0.0,182.0
10474,0.0,0.0,182.0
10475,14.3,0.894,182.0
10476,0.0,0.0,182.0
10477,0.0,0.0,182.0
10478,0.0,0.0,182.0
10479,0.0,0.0,182.0
10480,0.0,0.0,182.0
10481,0.0,0.0,182.0
10482,0.0,0.0,182.0
10483,0.0,0.0,182.0
10484,0.0,0.0,182.0
10485,0.0,0.0,182.0
10486,0.0,0.0,182.0
10487,0.0,0.0,182.0
10488,0.0,0.0,182.0
10489,0.0,0.0,182.0
10490,0.0,0.0,182.0
10491,0.0,0.0,182.0
10492,0.0,0.0,182.0
10493,0.0,0.0,182.0
10494,0.0,0.0,182.0
10495,0.0,0.0,182.0
10496,0.0,0.0,182.0
10497,0.0,0.0,182.0
10498,0.0,0.0,182.0
10499,0.0,0.0,182.0
10500,0.0,0.0,182.0
10501,0.0,0.0,182.0
10502,0.0,0.0,182.0
10503,0.0,0.0,182.0
10504,0.0,0.0,182.0
10505,0.0,0.0,182.0
10506,0.0,0.0,182.0
10507,0.0,0.0,182.0
10508,0.0,0.0,182.0
10509,0.0,0.0,182.0
10510,0.0,0.0,182.0
10511,0.0,0.0,182.0
10512,0.0,0.0,182.0
10513,0.0,0.0,182.0
10514,0.0,0.0,182.0
10515,0.0,0.0,182.0
10516,0.0,0.0,182.0
10517,0.0,0.0,182.0
10518,0.0,0.0,182.0
10519,0.0,0.0,182.0
10520,0.0,0.0,182.0
10521,0.0,0.0,182.0
10522,0.0,0.0,182.0
10523,0.0,0.0,182.0
10524,0.0,0.0,182.0
10525,0.0,0.0,182.0
10526,0.0,0.0,182.0
10527,0.0,0.0,182.0
10528,0.0,0.0,182.0
10529,0.0,0.0,182.0
10530,0.0,0.0,182.0
10531,0.0,0.0,182.0
10532,0.0,0.0,182.0
10533,0.0,0.0,182.0
10534,0.0,0.0,182.0
10535,0.0,0.0,182.0
10536,0.0,0.0,182.0
10537,0.0,0.0,182.0
10538,0.0,0.0,182.0
10539,0.0,0.0,182.0
10540,0.0,0.0,182.0
10541,12.5,0.781,182.0
10542,100.0,6.25,182.0
10543,87.5,5.469,182.0
10544,16.6,1.038,182.0
10545,0.0,0.0,182.0
10546,14.2,0.887,182.008
10547,0.0,0.0,182.008
10548,0.0,0.0,182.008
10549,14.2,0.887,182.008
10550,14.3,0.894,182.008
10551,0.0,0.0,182.008
10552,75.0,4.688,182.012
10553,87.5,5.469,182.086
10554,114.7,7.169,182.086
10555,28.7,1.794,182.086
10556,0.0,0.0,182.086
10557,50.0,3.125,182.086
10558,100.0,6.25,182.086
10559,87.5,5.469,182.086
10560,43.0,2.688,182.086
10561,0.0,0.0,182.086
10562,0.0,0.0,182.086
10563,16.6,1.038,182.086
10564,0.0,0.0,182.086
10565,0.0,0.0,182.086
10566,0.0,0.0,182.086
10567,0.0,0.0,182.086
10568,0.0,0.0,182.086
10569,0.0,0.0,182.086
10570,0.0,0.0,182.086
10571,0.0,0.0,182.086
10572,28.4,1.775,182.777
10573,14.3,0.894,182.777
10574,0.0,0.0,182.777
10575,0.0,0.0,182.777
10576,0.0,0.0,182.777
10577,0.0,0.0,182.777
10578,0.0,0.0,182.777
10579,0.0,0.0,182.777
10580,0.0,0.0,182.777
10581,62.5,3.906,183.219
10582,100.0,6.25,183.219
10583,100.8,6.3,183.219
10584,0.0,0.0,183.219
10585,0.0,0.0,183.219
10586,0.0,0.0,183.219
10587,0.0,0.0,183.219
10588,0.0,0.0,183.219
10589,16.6,1.038,183.219
10590,0.0,0.0,183.219
10591,0.0,0.0,183.219
10592,0.0,0.0,183.219
10593,0.0,0.0,183.219
10594,0.0,0.0,183.219
10595,0.0,0.0,183.219
10596,28.7,1.794,183.223
10597,0.0,0.0,183.223
10598,0.0,0.0,183.223
10599,0.0,0.0,183.223
10600,0.0,0.0,183.223
10601,0.0,0.0,183.223
10602,0.0,0.0,183.223
10603,87.5,5.469,183.223
10604,100.0,6.25,183.223
10605,85.2,5.325,183.223
10606,0.0,0.0,183.223
10607,0.0,0.0,183.223
10608,0.0,0.0,183.223
10609,0.0,0.0,183.223
10610,14.2,0.887,183.223
10611,0.0,0.0,183.223
10612,0.0,0.0,183.223
10613,0.0,0.0,183.223
10614,0.0,0.0,183.223
10615,0.0,0.0,183.223
10616,0.0,0.0,183.223
10617,0.0,0.0,183.223
10618,43.0,2.688,183.309
10619,14.2,0.887,183.309
10620,12.5,0.781,183.309
10621,0.0,0.0,183.309
10622,25.0,1.562,183.32
10623,87.5,5.469,183.32
10624,85.2,5.325,183.32
10625,0.0,0.0,183.32
10626,14.2,0.887,183.32
10627,0.0,0.0,183.32
10628,0.0,0.0,183.32
10629,0.0,0.0,183.32
10630,0.0,0.0,183.32
10631,0.0,0.0,183.32
10632,0.0,0.0,183.32
10633,0.0,0.0,183.32
10634,0.0,0.0,183.32
10635,0.0,0.0,183.32
10636,0.0,0.0,183.32
10637,0.0,0.0,183.32
10638,0.0,0.0,183.32
10639,0.0,0.0,183.32
10640,0.0,0.0,183.32
10641,0.0,0.0,183.32
10642,0.0,0.0,183.32
10643,0.0,0.0,183.32
10644,0.0,0.0,183.32
10645,14.3,0.894,183.32
10646,0.0,0.0,183.32
10647,0.0,0.0,183.32
10648,0.0,0.0,183.32
10649,0.0,0.0,183.32
10650,0.0,0.0,183.32
10651,0.0,0.0,183.32
10652,0.0,0.0,183.32
10653,0.0,0.0,183.32
10654,0.0,0.0,183.32
10655,0.0,0.0,183.32
10656,0.0,0.0,183.32
10657,0.0,0.0,183.32
10658,0.0,0.0,183.32
10659,0.0,0.0,183.32
10660,0.0,0.0,183.32
10661,0.0,0.0,183.32
10662,0.0,0.0,183.32
10663,0.0,0.0,183.32
10664,0.0,0.0,183.32
10665,0.0,0.0,183.32
10666,0.0,0.0,183.32
10667,0.0,0.0,183.32
10668,0.0,0.0,183.32
10669,0.0,0.0,183.32
10670,0.0,0.0,183.32
10671,0.0,0.0,183.32
10672,0.0,0.0,183.32
10673,0.0,0.0,183.32
10674,0.0,0.0,183.32
10675,0.0,0.0,183.32
10676,0.0,0.0,183.32
10677,0.0,0.0,183.32
10678,0.0,0.0,183.32
10679,0.0,0.0,183.32
10680,0.0,0.0,183.32
10681,0.0,0.0,183.32
10682,0.0,0.0,183.32
10683,0.0,0.0,183.32
10684,0.0,0.0,183.32
10685,0.0,0.0,183.32
10686,0.0,0.0,183.32
10687,0.0,0.0,183.32
10688,0.0,0.0,183.32
10689,0.0,0.0,183.32
10690,0.0,0.0,183.32
10691,0.0,0.0,183.32
10692,0.0,0.0,183.32
10693,0.0,0.0,183.32
10694,0.0,0.0,183.32
10695,0.0,0.0,183.32
10696,0.0,0.0,183.32
10697,0.0,0.0,183.32
10698,0.0,0.0,183.32
10699,0.0,0.0,183.32
10700,0.0,0.0,183.32
10701,0.0,0.0,183.32
10702,0.0,0.0,183.32
10703,0.0,0.0,183.32
10704,0.0,0.0,183.32
10705,0.0,0.0,183.32
10706,0.0,0.0,183.32
10707,0.0,0.0,183.32
10708,0.0,0.0,183.32
10709,0.0,0.0,183.32
10710,0.0,0.0,183.32
10711,0.0,0.0,183.32
10712,0.0,0.0,183.32
10713,0.0,0.0,183.32
10714,0.0,0.0,183.32
10715,0.0,0.0,183.32
10716,0.0,0.0,183.32
10717,0.0,0.0,183.32
10718,0.0,0.0,183.32
10719,0.0,0.0,183.32
10720,0.0,0.0,183.32
10721,0.0,0.0,183.32
10722,0.0,0.0,183.32
10723,0.0,0.0,183.32
10724,0.0,0.0,183.32
10725,0.0,0.0,183.32
10726,0.0,0.0,183.32
10727,0.0,0.0,183.32
10728,0.0,0.0,183.32
10729,0.0,0.0,183.32
10730,0.0,0.0,183.32
10731,0.0,0.0,183.32
10732,0.0,0.0,183.32
10733,0.0,0.0,183.32
10734,0.0,0.0,183.32
10735,0.0,0.0,183.32
10736,0.0,0.0,183.32
10737,0.0,0.0,183.32
10738,0.0,0.0,183.32
10739,0.0,0.0,183.32
10740,0.0,0.0,183.32
10741,0.0,0.0,183.32
10742,0.0,0.0,183.32
10743,0.0,0.0,183.32
10744,0.0,0.0,183.32
10745,0.0,0.0,183.32
10746,0.0,0.0,183.32
10747,0.0,0.0,183.32
10748,0.0,0.0,183.32
10749,0.0,0.0,183.32
10750,0.0,0.0,183.32
10751,0.0,0.0,183.32
10752,0.0,0.0,183.32
10753,0.0,0.0,183.32
10754,0.0,0.0,183.32
10755,0.0,0.0,183.32
10756,0.0,0.0,183.32
10757,0.0,0.0,183.32
10758,0.0,0.0,183.32
10759,0.0,0.0,183.32
10760,0.0,0.0,183.32
10761,0.0,0.0,183.32
10762,33.2,2.075,183.32
10763,87.5,5.469,183.32
10764,116.4,7.275,183.32
10765,0.0,0.0,183.32
10766,0.0,0.0,183.32
10767,75.0,4.688,183.32
10768,87.5,5.469,183.32
10769,114.7,7.169,183.32
10770,43.0,2.688,183.32
10771,0.0,0.0,183.32
10772,0.0,0.0,183.32
10773,0.0,0.0,183.32
10774,0.0,0.0,183.32
10775,14.3,0.894,183.32
10776,0.0,0.0,183.32
10777,0.0,0.0,183.32
10778,0.0,0.0,183.32
10779,0.0,0.0,183.32
10780,0.0,0.0,183.32
10781,0.0,0.0,183.32
10782,0.0,0.0,183.32
10783,0.0,0.0,183.32
10784,0.0,0.0,183.32
10785,14.2,0.887,183.32
10786,0.0,0.0,183.32
10787,0.0,0.0,183.32
10788,0.0,0.0,183.32
10789,0.0,0.0,183.32
10790,0.0,0.0,183.32
10791,0.0,0.0,183.32
10792,25.0,1.562,183.48
10793,14.3,0.894,183.48
10794,0.0,0.0,183.48
10795,0.0,0.0,183.48
10796,0.0,0.0,183.48
10797,0.0,0.0,183.48
10798,0.0,0.0,183.48
10799,0.0,0.0,183.48
10800,0.0,0.0,183.48
10801,36.3,2.269,183.48
10802,14.3,0.894,183.48
10803,0.0,0.0,183.48
10804,0.0,0.0,183.48
10805,0.0,0.0,183.48
10806,0.0,0.0,183.48
10807,0.0,0.0,183.48
10808,0.0,0.0,183.48
10809,37.5,2.344,179.527
10810,62.5,3.906,180.027
10811,25.0,1.562,180.027
10812,75.0,4.688,180.23
10813,112.5,7.031,180.23
10814,85.2,5.325,180.23
10815,28.7,1.794,180.32
10816,0.0,0.0,180.32
10817,0.0,0.0,180.32
10818,0.0,0.0,180.34
10819,0.0,0.0,180.352
10820,0.0,0.0,180.352
10821,0.0,0.0,180.352
10822,37.5,2.344,180.355
10823,71.0,4.438,180.367
10824,0.0,0.0,180.367
10825,0.0,0.0,180.367
10826,0.0,0.0,180.367
10827,0.0,0.0,180.398
10828,14.2,0.887,180.398
10829,0.0,0.0,180.402
10830,14.3,0.894,180.402
10831,0.0,0.0,180.402
10832,0.0,0.0,180.402
10833,0.0,0.0,180.402
10834,50.0,3.125,180.402
10835,100.0,6.25,180.402
10836,100.0,6.25,180.402
10837,0.0,0.0,180.402
10838,0.0,0.0,180.402
10839,0.0,0.0,180.402
10840,14.3,0.894,180.402
10841,0.0,0.0,180.402
10842,0.0,0.0,180.402
10843,0.0,0.0,180.402
10844,0.0,0.0,180.402
10845,0.0,0.0,180.402
10846,0.0,0.0,180.402
10847,0.0,0.0,180.402
10848,0.0,0.0,180.402
10849,14.3,0.894,180.402
10850,0.0,0.0,180.402
10851,0.0,0.0,180.402
10852,0.0,0.0,180.402
10853,0.0,0.0,180.402
10854,0.0,0.0,180.402
10855,0.0,0.0,180.402
10856,0.0,0.0,180.402
10857,0.0,0.0,180.402
10858,0.0,0.0,180.402
10859,0.0,0.0,180.402
10860,0.0,0.0,180.402
10861,0.0,0.0,180.402
10862,0.0,0.0,180.402
10863,0.0,0.0,180.402
10864,0.0,0.0,180.402
10865,0.0,0.0,180.402
10866,0.0,0.0,180.402
10867,0.0,0.0,180.402
10868,0.0,0.0,180.402
10869,0.0,0.0,180.402
10870,0.0,0.0,180.402
10871,0.0,0.0,180.402
10872,0.0,0.0,180.402
10873,0.0,0.0,180.402
10874,0.0,0.0,180.402
10875,0.0,0.0,180.402
10876,0.0,0.0,180.402
10877,0.0,0.0,180.402
10878,0.0,0.0,180.402
10879,0.0,0.0,180.402
10880,0.0,0.0,180.402
10881,0.0,0.0,180.402
10882,14.3,0.894,180.402
10883,0.0,0.0,180.402
10884,0.0,0.0,180.402
10885,0.0,0.0,180.402
10886,0.0,0.0,180.402
10887,0.0,0.0,180.402
10888,0.0,0.0,180.402
10889,0.0,0.0,180.402
10890,0.0,0.0,180.402
10891,0.0,0.0,180.402
10892,0.0,0.0,180.402
10893,0.0,0.0,180.402
10894,0.0,0.0,180.402
10895,0.0,0.0,180.402
10896,0.0,0.0,180.402
10897,0.0,0.0,180.402
10898,0.0,0.0,180.402
10899,0.0,0.0,180.402
10900,0.0,0.0,180.402
10901,0.0,0.0,180.402
10902,0.0,0.0,180.402
10903,0.0,0.0,180.402
10904,0.0,0.0,180.402
10905,14.3,0.894,180.402
10906,0.0,0.0,180.523
10907,0.0,0.0,180.523
10908,0.0,0.0,180.523
10909,0.0,0.0,180.523
10910,0.0,0.0,180.523
10911,0.0,0.0,180.523
10912,0.0,0.0,180.523
10913,0.0,0.0,180.523
10914,0.0,0.0,180.523
10915,0.0,0.0,180.523
10916,0.0,0.0,180.523
10917,0.0,0.0,180.523
10918,0.0,0.0,180.523
10919,0.0,0.0,180.523
10920,0.0,0.0,180.523
10921,0.0,0.0,180.523
10922,0.0,0.0,180.523
10923,0.0,0.0,180.523
10924,0.0,0.0,180.523
10925,0.0,0.0,180.523
10926,0.0,0.0,180.523
10927,0.0,0.0,180.523
10928,0.0,0.0,180.523
10929,0.0,0.0,180.523
10930,0.0,0.0,180.523
10931,0.0,0.0,180.523
10932,0.0,0.0,180.523
10933,0.0,0.0,180.523
10934,0.0,0.0,180.523
10935,0.0,0.0,180.523
10936,0.0,0.0,180.523
10937,0.0,0.0,180.523
10938,0.0,0.0,180.523
10939,0.0,0.0,180.523
10940,0.0,0.0,180.523
10941,0.0,0.0,180.523
10942,0.0,0.0,180.523
10943,0.0,0.0,180.523
10944,0.0,0.0,180.523
10945,0.0,0.0,180.523
10946,0.0,0.0,180.523
10947,0.0,0.0,180.523
10948,0.0,0.0,180.523
10949,0.0,0.0,180.523
10950,0.0,0.0,180.523
10951,0.0,0.0,180.523
10952,0.0,0.0,180.523
10953,0.0,0.0,180.523
10954,0.0,0.0,180.523
10955,0.0,0.0,180.523
10956,0.0,0.0,180.523
10957,0.0,0.0,180.523
10958,0.0,0.0,180.523
10959,0.0,0.0,180.523
10960,0.0,0.0,180.523
10961,0.0,0.0,180.523
10962,0.0,0.0,180.523
10963,0.0,0.0,180.523
10964,0.0,0.0,180.523
10965,0.0,0.0,180.523
10966,0.0,0.0,180.523
10967,0.0,0.0,180.523
10968,0.0,0.0,180.523
10969,0.0,0.0,180.523
10970,0.0,0.0,180.523
10971,0.0,0.0,180.523
10972,25.0,1.562,180.523
10973,100.0,6.25,180.523
10974,100.0,6.25,180.523
10975,89.3,5.581,180.523
10976,14.2,0.887,180.523
10977,0.0,0.0,180.523
10978,0.0,0.0,180.523
10979,0.0,0.0,180.523
10980,0.0,0.0,180.523
10981,14.2,0.887,180.977
10982,0.0,0.0,180.977
10983,0.0,0.0,180.977
10984,0.0,0.0,180.977
10985,0.0,0.0,180.984
10986,0.0,0.0,180.984
10987,14.3,0.894,180.984
10988,14.3,0.894,180.984
10989,0.0,0.0,180.984
10990,0.0,0.0,180.984
10991,0.0,0.0,180.984
10992,0.0,0.0,180.984
10993,75.0,4.688,180.984
10994,100.0,6.25,180.984
10995,100.0,6.25,180.984
10996,87.5,5.469,180.984
10997,100.0,6.25,180.984
10998,25.0,1.562,180.984
10999,0.0,0.0,180.984
11000,0.0,0.0,180.984
11001,0.0,0.0,180.984
11002,0.0,0.0,180.984
11003,0.0,0.0,180.984
11004,0.0,0.0,180.984
11005,0.0,0.0,180.984
11006,0.0,0.0,180.984
11007,0.0,0.0,180.984
11008,0.0,0.0,180.984
11009,0.0,0.0,180.984
11010,0.0,0.0,180.984
11011,0.0,0.0,180.984
11012,0.0,0.0,180.984
11013,0.0,0.0,180.984
11014,0.0,0.0,180.984
11015,0.0,0.0,180.984
11016,0.0,0.0,180.984
11017,0.0,0.0,180.984
11018,0.0,0.0,180.984
11019,0.0,0.0,180.984
11020,0.0,0.0,180.984
11021,0.0,0.0,180.984
11022,0.0,0.0,181.129
11023,0.0,0.0,181.148
11024,0.0,0.0,181.93
11025,112.5,7.031,181.93
11026,100.0,6.25,181.93
11027,71.7,4.481,181.977
11028,14.2,0.887,181.977
11029,0.0,0.0,181.977
11030,0.0,0.0,181.977
11031,0.0,0.0,181.977
11032,0.0,0.0,181.977
11033,0.0,0.0,181.977
11034,0.0,0.0,181.984
11035,0.0,0.0,181.984
11036,0.0,0.0,181.984
11037,0.0,0.0,181.992
11038,0.0,0.0,182.016
11039,0.0,0.0,182.023
11040,0.0,0.0,182.062
11041,0.0,0.0,182.094
11042,0.0,0.0,182.125
11043,0.0,0.0,182.125
11044,25.0,1.562,182.129
11045,100.0,6.25,182.129
11046,100.0,6.25,182.129
11047,112.5,7.031,182.137
11048,100.0,6.25,182.137
11049,100.0,6.25,182.137
11050,100.0,6.25,182.137
11051,57.3,3.581,182.137
11052,14.2,0.887,182.137
11053,0.0,0.0,182.137
11054,0.0,0.0,182.137
11055,0.0,0.0,182.137
11056,0.0,0.0,182.137
11057,0.0,0.0,182.137
11058,12.5,0.781,182.336
11059,28.7,1.794,182.336
11060,0.0,0.0,182.336
11061,0.0,0.0,182.336
11062,0.0,0.0,182.336
11063,25.0,1.562,182.371
11064,89.3,5.581,182.371
11065,71.0,4.438,182.398
11066,28.7,1.794,182.402
11067,14.3,0.894,182.402
11068,0.0,0.0,182.402
11069,0.0,0.0,182.402
11070,14.3,0.894,182.402
11071,0.0,0.0,182.402
11072,0.0,0.0,182.402
11073,0.0,0.0,182.402
11074,12.5,0.781,182.402
11075,87.5,5.469,182.402
11076,71.0,4.438,182.402
11077,0.0,0.0,182.402
11078,0.0,0.0,182.402
11079,0.0,0.0,182.402
11080,0.0,0.0,182.402
11081,0.0,0.0,182.402
11082,0.0,0.0,182.402
11083,0.0,0.0,182.402
11084,0.0,0.0,182.402
11085,0.0,0.0,182.402
11086,0.0,0.0,182.402
11087,0.0,0.0,182.402
11088,0.0,0.0,182.402
11089,0.0,0.0,182.402
11090,0.0,0.0,182.402
11091,0.0,0.0,182.402
11092,0.0,0.0,182.402
11093,0.0,0.0,182.402
11094,0.0,0.0,182.402
11095,0.0,0.0,182.402
11096,0.0,0.0,182.402
11097,0.0,0.0,182.402
11098,0.0,0.0,182.402
11099,0.0,0.0,182.402
11100,0.0,0.0,182.402
11101,0.0,0.0,182.402
11102,0.0,0.0,182.402
11103,0.0,0.0,182.402
11104,0.0,0.0,182.402
11105,0.0,0.0,182.402
11106,0.0,0.0,182.402
11107,0.0,0.0,182.402
11108,0.0,0.0,182.402
11109,0.0,0.0,182.402
11110,0.0,0.0,182.402
11111,0.0,0.0,182.402
11112,14.2,0.887,182.402
11113,0.0,0.0,182.402
11114,0.0,0.0,182.402
11115,0.0,0.0,182.402
11116,0.0,0.0,182.402
11117,0.0,0.0,182.402
11118,0.0,0.0,182.402
11119,0.0,0.0,182.402
11120,0.0,0.0,182.402
11121,0.0,0.0,182.402
11122,0.0,0.0,182.402
11123,0.0,0.0,182.402
11124,0.0,0.0,182.402
11125,0.0,0.0,182.402
11126,0.0,0.0,182.402
11127,0.0,0.0,182.402
11128,0.0,0.0,182.402
11129,0.0,0.0,182.402
11130,0.0,0.0,182.402
11131,0.0,0.0,182.402
11132,0.0,0.0,182.402
11133,0.0,0.0,182.402
11134,0.0,0.0,182.402
11135,0.0,0.0,182.402
11136,0.0,0.0,182.402
11137,0.0,0.0,182.402
11138,0.0,0.0,182.402
11139,0.0,0.0,182.402
11140,0.0,0.0,182.402
11141,0.0,0.0,182.402
11142,0.0,0.0,182.402
11143,0.0,0.0,182.402
11144,0.0,0.0,182.402
11145,0.0,0.0,182.402
11146,0.0,0.0,182.402
11147,0.0,0.0,182.402
11148,0.0,0.0,182.402
11149,0.0,0.0,182.402
11150,0.0,0.0,182.402
11151,0.0,0.0,182.402
11152,0.0,0.0,182.402
11153,0.0,0.0,182.402
11154,0.0,0.0,182.402
11155,0.0,0.0,182.402
11156,0.0,0.0,182.402
11157,0.0,0.0,182.402
11158,0.0,0.0,182.402
11159,0.0,0.0,182.402
11160,0.0,0.0,182.402
11161,0.0,0.0,182.402
11162,0.0,0.0,182.402
11163,0.0,0.0,182.402
11164,0.0,0.0,182.402
11165,0.0,0.0,182.402
11166,0.0,0.0,182.402
11167,0.0,0.0,182.402
11168,0.0,0.0,182.402
11169,0.0,0.0,182.402
11170,0.0,0.0,182.402
11171,0.0,0.0,182.402
11172,0.0,0.0,182.402
11173,0.0,0.0,182.402
11174,0.0,0.0,182.402
11175,0.0,0.0,182.402
11176,0.0,0.0,182.402
11177,0.0,0.0,182.402
11178,0.0,0.0,182.402
11179,0.0,0.0,182.402
11180,0.0,0.0,182.402
11181,14.3,0.894,182.402
11182,0.0,0.0,182.402
11183,0.0,0.0,182.402
11184,0.0,0.0,182.402
11185,0.0,0.0,182.402
11186,0.0,0.0,182.402
11187,0.0,0.0,182.402
11188,0.0,0.0,182.402
11189,0.0,0.0,182.402
11190,0.0,0.0,182.402
11191,0.0,0.0,182.402
11192,0.0,0.0,182.402
11193,0.0,0.0,182.402
11194,0.0,0.0,182.402
11195,0.0,0.0,182.402
11196,0.0,0.0,182.402
11197,0.0,0.0,182.402
11198,0.0,0.0,182.402
11199,0.0,0.0,182.402
11200,0.0,0.0,182.402
11201,0.0,0.0,182.402
11202,0.0,0.0,182.402
11203,0.0,0.0,182.402
11204,0.0,0.0,182.402
11205,0.0,0.0,182.402
11206,0.0,0.0,182.402
11207,0.0,0.0,182.402
11208,0.0,0.0,182.402
11209,0.0,0.0,182.402
11210,0.0,0.0,182.402
11211,0.0,0.0,182.402
11212,0.0,0.0,182.402
11213,0.0,0.0,182.402
11214,0.0,0.0,182.402
11215,0.0,0.0,182.402
11216,0.0,0.0,182.402
11217,0.0,0.0,182.402
11218,0.0,0.0,182.402
11219,0.0,0.0,182.402
11220,0.0,0.0,182.402
11221,0.0,0.0,182.402
11222,0.0,0.0,182.402
11223,0.0,0.0,182.402
11224,0.0,0.0,182.402
11225,0.0,0.0,182.402
11226,0.0,0.0,182.402
11227,0.0,0.0,182.402
11228,0.0,0.0,182.402
11229,0.0,0.0,182.402
11230,0.0,0.0,182.402
11231,0.0,0.0,182.402
11232,0.0,0.0,182.402
11233,0.0,0.0,182.402
11234,0.0,0.0,182.402
11235,0.0,0.0,182.402
11236,0.0,0.0,182.402
11237,0.0,0.0,182.402
11238,0.0,0.0,182.402
11239,0.0,0.0,182.402
11240,0.0,0.0,182.402
11241,0.0,0.0,182.402
11242,0.0,0.0,182.402
11243,0.0,0.0,182.402
11244,0.0,0.0,182.402
11245,0.0,0.0,182.402
11246,0.0,0.0,182.402
11247,0.0,0.0,182.402
11248,0.0,0.0,182.402
11249,0.0,0.0,182.402
11250,0.0,0.0,182.402
11251,0.0,0.0,182.402
11252,0.0,0.0,182.402
11253,0.0,0.0,182.402
11254,0.0,0.0,182.402
11255,0.0,0.0,182.402
11256,0.0,0.0,182.402
11257,0.0,0.0,182.402
11258,0.0,0.0,182.402
11259,0.0,0.0,182.402
11260,0.0,0.0,182.402
11261,0.0,0.0,182.402
11262,0.0,0.0,182.402
11263,0.0,0.0,182.402
11264,0.0,0.0,182.402
11265,0.0,0.0,182.402
11266,0.0,0.0,182.402
11267,0.0,0.0,182.402
11268,0.0,0.0,182.402
11269,0.0,0.0,182.402
11270,0.0,0.0,182.402
11271,0.0,0.0,182.402
11272,0.0,0.0,182.402
11273,0.0,0.0,182.402
11274,0.0,0.0,182.402
11275,0.0,0.0,182.402
11276,0.0,0.0,182.402
11277,0.0,0.0,182.402
11278,14.3,0.894,182.402
11279,0.0,0.0,182.402
11280,25.0,1.562,182.402
11281,100.0,6.25,182.402
11282,112.5,7.031,182.402
11283,87.5,5.469,182.402
11284,100.0,6.25,182.402
11285,100.0,6.25,182.402
11286,28.7,1.794,182.402
11287,0.0,0.0,182.402
11288,0.0,0.0,182.402
11289,0.0,0.0,182.402
11290,0.0,0.0,182.402
11291,0.0,0.0,182.402
11292,0.0,0.0,182.402
11293,87.5,5.469,182.402
11294,100.0,6.25,182.402
11295,100.0,6.25,182.402
11296,100.0,6.25,182.402
11297,28.4,1.775,182.402
11298,0.0,0.0,182.402
11299,0.0,0.0,182.402
11300,12.5,0.781,182.402
11301,0.0,0.0,182.402
11302,14.3,0.894,182.402
11303,0.0,0.0,182.402
11304,62.5,3.906,182.402
11305,100.0,6.25,182.402
11306,87.5,5.469,182.402
11307,100.0,6.25,182.402
11308,100.0,6.25,182.402
11309,42.6,2.663,182.402
11310,0.0,0.0,182.402
11311,0.0,0.0,182.402
11312,0.0,0.0,182.402
11313,0.0,0.0,182.402
11314,0.0,0.0,182.402
11315,0.0,0.0,182.402
11316,0.0,0.0,182.402
11317,0.0,0.0,182.402
11318,0.0,0.0,182.402
11319,0.0,0.0,182.402
11320,0.0,0.0,182.402
11321,14.3,0.894,182.402
11322,0.0,0.0,182.402
11323,0.0,0.0,182.402
11324,0.0,0.0,182.402
11325,0.0,0.0,182.402
11326,0.0,0.0,182.402
11327,0.0,0.0,182.402
11328,0.0,0.0,182.402
11329,0.0,0.0,182.402
11330,0.0,0.0,182.402
11331,0.0,0.0,182.402
11332,0.0,0.0,182.402
11333,0.0,0.0,182.402
11334,0.0,0.0,182.402
11335,71.0,4.438,182.438
11336,14.3,0.894,182.438
11337,0.0,0.0,182.438
11338,0.0,0.0,182.438
11339,0.0,0.0,182.438
11340,14.2,0.887,182.438
11341,0.0,0.0,182.438
11342,0.0,0.0,182.438
11343,0.0,0.0,182.438
11344,0.0,0.0,182.438
11345,0.0,0.0,182.438
11346,0.0,0.0,182.438
11347,0.0,0.0,182.438
11348,12.5,0.781,182.438
11349,87.5,5.469,182.438
11350,100.0,6.25,182.438
11351,100.0,6.25,182.438
11352,100.0,6.25,182.438
11353,14.3,0.894,182.438
11354,0.0,0.0,182.438
11355,12.5,0.781,182.438
11356,0.0,0.0,182.438
11357,0.0,0.0,182.438
11358,0.0,0.0,182.438
11359,0.0,0.0,182.438
11360,0.0,0.0,182.438
11361,0.0,0.0,182.438
11362,0.0,0.0,182.438
11363,28.7,1.794,182.441
11364,14.2,0.887,182.441
11365,43.0,2.688,182.449
11366,0.0,0.0,182.449
11367,56.8,3.55,182.449
11368,75.0,4.688,182.449
11369,100.0,6.25,182.449
11370,100.0,6.25,182.449
11371,100.0,6.25,182.449
11372,100.0,6.25,182.449
11373,14.3,0.894,182.449
11374,0.0,0.0,182.449
11375,0.0,0.0,182.449
11376,14.3,0.894,182.449
11377,0.0,0.0,182.449
11378,0.0,0.0,182.449
11379,0.0,0.0,182.449
11380,0.0,0.0,182.449
11381,0.0,0.0,182.449
11382,0.0,0.0,182.449
11383,0.0,0.0,182.449
11384,0.0,0.0,182.449
11385,0.0,0.0,182.449
11386,0.0,0.0,182.449
11387,0.0,0.0,182.449
11388,0.0,0.0,182.449
11389,0.0,0.0,182.449
11390,0.0,0.0,182.449
11391,0.0,0.0,182.449
11392,0.0,0.0,182.449
11393,12.5,0.781,182.449
11394,0.0,0.0,182.449
11395,0.0,0.0,182.449
11396,0.0,0.0,182.449
11397,0.0,0.0,182.449
11398,0.0,0.0,182.449
11399,0.0,0.0,182.449
11400,0.0,0.0,182.449
11401,0.0,0.0,182.449
11402,0.0,0.0,182.449
11403,0.0,0.0,182.449
11404,0.0,0.0,182.449
11405,0.0,0.0,182.449
11406,0.0,0.0,182.453
11407,0.0,0.0,182.453
11408,0.0,0.0,182.453
11409,0.0,0.0,182.453
11410,0.0,0.0,182.453
11411,0.0,0.0,182.453
11412,0.0,0.0,182.453
11413,0.0,0.0,182.441
11414,0.0,0.0,182.441
11415,63.6,3.975,188.309
11416,99.4,6.213,188.398
11417,100.0,6.25,188.398
11418,89.3,5.581,188.402
11419,100.0,6.25,188.402
11420,100.0,6.25,188.402
11421,100.0,6.25,188.402
11422,112.5,7.031,188.406
11423,99.4,6.213,186.508
11424,14.3,0.894,182.715
11425,0.0,0.0,182.715
11426,0.0,0.0,182.715
11427,0.0,0.0,182.715
11428,0.0,0.0,182.715
11429,0.0,0.0,182.715
11430,0.0,0.0,182.715
11431,0.0,0.0,182.715
11432,0.0,0.0,182.715
11433,0.0,0.0,182.715
11434,0.0,0.0,182.715
11435,42.6,2.663,182.715
11436,0.0,0.0,182.715
11437,0.0,0.0,182.715
11438,0.0,0.0,182.715
11439,0.0,0.0,182.715
11440,0.0,0.0,182.715
11441,0.0,0.0,182.715
11442,0.0,0.0,182.715
11443,0.0,0.0,182.715
11444,0.0,0.0,182.715
11445,0.0,0.0,182.715
11446,0.0,0.0,182.715
11447,0.0,0.0,182.715
11448,0.0,0.0,182.715
11449,0.0,0.0,182.715
11450,0.0,0.0,182.715
11451,0.0,0.0,182.715
11452,0.0,0.0,182.715
11453,14.3,0.894,182.715
11454,0.0,0.0,182.715
11455,0.0,0.0,182.715
11456,50.0,3.125,188.418
11457,100.0,6.25,188.418
11458,100.0,6.25,188.418
11459,100.0,6.25,188.418
11460,100.0,6.25,188.418
11461,100.0,6.25,188.418
11462,100.0,6.25,188.418
11463,100.0,6.25,188.418
11464,88.7,5.544,179.895
11465,100.0,6.25,180.395
11466,87.5,5.469,180.578
11467,0.0,0.0,180.578
11468,14.3,0.894,180.578
11469,0.0,0.0,180.578
11470,0.0,0.0,180.578
11471,0.0,0.0,180.578
11472,0.0,0.0,180.578
11473,0.0,0.0,180.578
11474,0.0,0.0,180.578
11475,0.0,0.0,180.578
11476,14.3,0.894,180.578
11477,14.2,0.887,180.641
11478,0.0,0.0,180.648
11479,0.0,0.0,180.648
11480,0.0,0.0,180.648
11481,0.0,0.0,180.648
11482,0.0,0.0,180.648
11483,0.0,0.0,180.648
11484,16.8,1.05,180.652
11485,0.0,0.0,180.652
11486,0.0,0.0,180.652
11487,0.0,0.0,180.652
11488,0.0,0.0,180.664
11489,0.0,0.0,180.664
11490,0.0,0.0,180.664
11491,0.0,0.0,180.664
11492,0.0,0.0,180.664
11493,0.0,0.0,180.664
11494,14.2,0.887,180.668
11495,0.0,0.0,180.668
11496,0.0,0.0,180.668
11497,0.0,0.0,180.668
11498,0.0,0.0,180.668
11499,0.0,0.0,180.668
11500,0.0,0.0,180.668
11501,0.0,0.0,180.668
11502,0.0,0.0,180.668
11503,0.0,0.0,180.668
11504,0.0,0.0,180.668
11505,0.0,0.0,180.668
11506,0.0,0.0,180.668
11507,0.0,0.0,180.668
11508,0.0,0.0,180.668
11509,0.0,0.0,180.668
11510,0.0,0.0,180.668
11511,0.0,0.0,180.668
11512,28.7,1.794,180.734
11513,0.0,0.0,180.734
11514,0.0,0.0,180.734
11515,0.0,0.0,180.734
11516,0.0,0.0,180.734
11517,0.0,0.0,180.734
11518,0.0,0.0,180.734
11519,0.0,0.0,180.734
11520,0.0,0.0,180.734
11521,0.0,0.0,180.734
11522,0.0,0.0,180.734
11523,0.0,0.0,180.734
11524,0.0,0.0,180.734
11525,0.0,0.0,180.734
11526,0.0,0.0,180.734
11527,0.0,0.0,180.734
11528,0.0,0.0,180.734
11529,0.0,0.0,180.734
11530,0.0,0.0,180.734
11531,0.0,0.0,180.734
11532,0.0,0.0,180.734
11533,0.0,0.0,180.734
11534,0.0,0.0,180.734
11535,0.0,0.0,180.734
11536,0.0,0.0,180.734
11537,0.0,0.0,180.734
11538,0.0,0.0,180.734
11539,0.0,0.0,180.738
11540,0.0,0.0,180.738
11541,0.0,0.0,180.758
11542,71.7,4.481,181.363
11543,0.0,0.0,181.363
11544,14.2,0.887,181.375
11545,0.0,0.0,181.375
11546,0.0,0.0,181.375
11547,0.0,0.0,181.375
11548,0.0,0.0,181.375
11549,0.0,0.0,181.375
11550,0.0,0.0,181.375
11551,0.0,0.0,181.375
11552,0.0,0.0,181.375
11553,0.0,0.0,181.375
11554,0.0,0.0,181.375
11555,0.0,0.0,181.375
11556,0.0,0.0,181.375
11557,0.0,0.0,181.375
11558,0.0,0.0,181.375
11559,0.0,0.0,181.375
11560,12.5,0.781,181.383
11561,28.4,1.775,181.383
11562,0.0,0.0,181.383
11563,0.0,0.0,181.383
11564,0.0,0.0,181.383
11565,0.0,0.0,181.383
11566,0.0,0.0,181.383
11567,0.0,0.0,181.383
11568,0.0,0.0,181.383
11569,0.0,0.0,181.387
11570,0.0,0.0,181.387
11571,0.0,0.0,181.387
11572,0.0,0.0,181.395
11573,0.0,0.0,181.395
11574,0.0,0.0,181.395
11575,0.0,0.0,181.395
11576,0.0,0.0,181.395
11577,0.0,0.0,181.395
11578,0.0,0.0,181.395
11579,0.0,0.0,181.395
11580,0.0,0.0,181.395
11581,0.0,0.0,181.395
11582,0.0,0.0,181.395
11583,0.0,0.0,181.395
11584,0.0,0.0,181.395
11585,0.0,0.0,181.395
11586,0.0,0.0,181.395
11587,0.0,0.0,181.395
11588,0.0,0.0,181.395
11589,0.0,0.0,181.395
11590,0.0,0.0,181.395
11591,62.5,3.906,181.426
11592,100.0,6.25,181.426
11593,100.0,6.25,181.426
11594,100.0,6.25,181.426
11595,57.3,3.581,181.426
11596,14.2,0.887,181.426
11597,28.7,1.794,181.438
11598,75.0,4.688,181.438
11599,100.0,6.25,181.438
11600,100.0,6.25,181.438
11601,88.7,5.544,181.438
11602,100.0,6.25,181.438
11603,14.3,0.894,181.438
11604,43.0,2.688,181.52
11605,28.4,1.775,181.605
11606,14.3,0.894,181.605
11607,62.5,3.906,181.605
11608,100.0,6.25,182.105
11609,100.0,6.25,182.141
11610,100.0,6.25,182.141
11611,100.0,6.25,182.141
11612,0.0,0.0,182.141
11613,0.0,0.0,182.141
11614,0.0,0.0,182.141
11615,0.0,0.0,182.141
11616,14.3,0.894,182.141
11617,0.0,0.0,182.145
11618,0.0,0.0,182.145
11619,14.2,0.887,182.145
11620,28.7,1.794,182.145
11621,0.0,0.0,182.145
11622,100.0,6.25,182.145
11623,85.2,5.325,182.145
11624,0.0,0.0,182.145
11625,0.0,0.0,182.145
11626,62.5,3.906,182.145
11627,100.0,6.25,182.145
11628,87.5,5.469,182.145
11629,100.0,6.25,182.145
11630,37.5,2.344,182.145
11631,28.7,1.794,182.145
11632,0.0,0.0,182.145
11633,0.0,0.0,182.145
11634,14.3,0.894,182.145
11635,28.7,1.794,182.145
11636,0.0,0.0,182.145
11637,0.0,0.0,182.148
11638,0.0,0.0,182.148
11639,0.0,0.0,182.285
11640,0.0,0.0,182.285
11641,50.0,3.125,182.887
11642,71.0,4.438,183.008
11643,14.3,0.894,183.008
11644,0.0,0.0,183.008
11645,0.0,0.0,183.008
11646,0.0,0.0,183.008
11647,0.0,0.0,183.008
11648,0.0,0.0,183.008
11649,0.0,0.0,183.008
11650,0.0,0.0,183.008
11651,0.0,0.0,183.008
11652,0.0,0.0,183.035
11653,22.2,1.387,183.191
11654,100.0,6.25,183.316
11655,100.0,6.25,183.316
11656,100.0,6.25,183.316
11657,87.5,5.469,183.316
11658,100.0,6.25,183.316
11659,14.3,0.894,183.316
11660,14.3,0.894,183.316
11661,0.0,0.0,183.316
11662,37.5,2.344,185.742
11663,100.0,6.25,185.742
11664,100.0,6.25,185.742
11665,43.0,2.688,183.539
11666,12.5,0.781,183.543
11667,0.0,0.0,183.543
11668,0.0,0.0,183.543
11669,14.3,0.894,183.543
11670,0.0,0.0,183.543
11671,0.0,0.0,183.543
11672,0.0,0.0,183.543
11673,0.0,0.0,183.543
11674,0.0,0.0,183.543
11675,14.3,0.894,183.543
11676,50.0,3.125,185.746
11677,100.0,6.25,185.746
11678,100.0,6.25,185.746
11679,100.0,6.25,183.586
11680,87.5,5.469,183.586
11681,100.0,6.25,183.586
11682,88.7,5.544,183.586
11683,49.9,3.119,183.586
11684,0.0,0.0,183.586
11685,0.0,0.0,183.586
11686,28.4,1.775,183.59
11687,0.0,0.0,183.59
11688,0.0,0.0,183.59
11689,0.0,0.0,183.59
11690,0.0,0.0,183.59
11691,0.0,0.0,183.59
11692,0.0,0.0,183.59
11693,0.0,0.0,183.59
11694,0.0,0.0,183.59
11695,0.0,0.0,183.59
11696,0.0,0.0,183.59
11697,0.0,0.0,183.59
11698,0.0,0.0,183.59
11699,0.0,0.0,183.59
11700,0.0,0.0,183.59
11701,42.6,2.663,183.59
11702,14.3,0.894,183.59
11703,0.0,0.0,183.59
11704,0.0,0.0,183.59
11705,0.0,0.0,183.59
11706,0.0,0.0,183.59
11707,0.0,0.0,183.59
11708,0.0,0.0,183.59
11709,0.0,0.0,183.59
11710,0.0,0.0,183.59
11711,0.0,0.0,183.59
11712,0.0,0.0,183.59
11713,0.0,0.0,183.59
11714,0.0,0.0,183.59
11715,87.5,5.469,183.59
11716,100.0,6.25,183.59
11717,100.0,6.25,183.59
11718,87.5,5.469,183.59
11719,100.0,6.25,183.59
11720,28.4,1.775,183.59
11721,0.0,0.0,183.59
11722,0.0,0.0,183.59
11723,0.0,0.0,183.59
11724,0.0,0.0,183.59
11725,0.0,0.0,183.59
11726,0.0,0.0,183.59
11727,14.3,0.894,183.59
11728,0.0,0.0,183.59
11729,14.3,0.894,183.59
11730,0.0,0.0,183.59
11731,0.0,0.0,183.59
11732,0.0,0.0,183.59
11733,0.0,0.0,183.59
11734,0.0,0.0,183.59
11735,14.3,0.894,183.59
11736,14.2,0.887,183.59
11737,0.0,0.0,183.59
11738,0.0,0.0,183.59
11739,0.0,0.0,183.59
11740,0.0,0.0,183.59
11741,0.0,0.0,183.59
11742,37.5,2.344,183.59
11743,87.5,5.469,183.59
11744,62.5,3.906,183.59
11745,100.0,6.25,183.59
11746,100.0,6.25,183.59
11747,71.7,4.481,183.59
11748,0.0,0.0,183.59
11749,0.0,0.0,183.59
11750,0.0,0.0,183.59
11751,0.0,0.0,183.59
11752,0.0,0.0,183.59
11753,0.0,0.0,183.59
11754,12.5,0.781,183.59
11755,0.0,0.0,183.59
11756,0.0,0.0,183.59
11757,0.0,0.0,183.59
11758,0.0,0.0,183.59
11759,0.0,0.0,183.59
11760,0.0,0.0,183.59
11761,0.0,0.0,183.59
11762,25.0,1.562,183.66
11763,86.0,5.375,183.695
11764,0.0,0.0,183.695
11765,0.0,0.0,183.695
11766,0.0,0.0,183.695
11767,0.0,0.0,183.695
11768,0.0,0.0,183.695
11769,0.0,0.0,183.695
11770,0.0,0.0,183.695
11771,25.0,1.562,183.695
11772,100.0,6.25,183.695
11773,100.0,6.25,183.695
11774,88.7,5.544,183.695
11775,100.0,6.25,183.695
11776,100.0,6.25,183.695
11777,14.3,0.894,183.695
11778,0.0,0.0,183.695
11779,14.3,0.894,183.699
11780,0.0,0.0,183.699
11781,0.0,0.0,183.699
11782,0.0,0.0,183.699
11783,75.0,4.688,183.699
11784,100.0,6.25,183.699
11785,88.7,5.544,183.699
11786,100.0,6.25,183.699
11787,100.0,6.25,183.699
11788,43.0,2.688,183.699
11789,0.0,0.0,183.699
11790,0.0,0.0,183.699
11791,14.3,0.894,183.699
11792,28.4,1.775,183.703
11793,0.0,0.0,183.703
11794,0.0,0.0,183.703
11795,0.0,0.0,183.703
11796,0.0,0.0,183.703
11797,0.0,0.0,183.727
11798,14.3,0.894,183.727
11799,0.0,0.0,183.727
11800,0.0,0.0,183.727
11801,0.0,0.0,183.727
11802,28.7,1.794,183.727
11803,0.0,0.0,183.727
11804,25.0,1.562,183.727
11805,100.0,6.25,183.727
11806,100.0,6.25,183.727
11807,77.6,4.85,183.727
11808,87.5,5.469,183.727
11809,43.0,2.688,183.727
11810,0.0,0.0,183.727
11811,0.0,0.0,183.727
11812,0.0,0.0,183.727
11813,28.4,1.775,183.742
11814,0.0,0.0,183.742
11815,0.0,0.0,183.742
11816,0.0,0.0,183.742
11817,14.3,0.894,183.742
11818,0.0,0.0,183.742
11819,0.0,0.0,183.742
11820,0.0,0.0,183.742
11821,0.0,0.0,183.742
11822,50.0,3.125,183.812
11823,28.4,1.775,183.812
11824,0.0,0.0,183.812
11825,0.0,0.0,183.812
11826,0.0,0.0,183.812
11827,0.0,0.0,183.812
11828,14.2,0.887,183.812
11829,0.0,0.0,183.812
11830,0.0,0.0,183.812
11831,0.0,0.0,183.812
11832,66.8,4.175,183.812
11833,75.0,4.688,180.051
11834,100.0,6.25,180.25
11835,100.0,6.25,180.25
11836,112.5,7.031,180.25
11837,14.2,0.887,180.25
11838,0.0,0.0,180.25
11839,0.0,0.0,180.25
11840,0.0,0.0,180.25
11841,0.0,0.0,180.25
11842,0.0,0.0,180.25
11843,12.5,0.781,180.297
11844,0.0,0.0,180.297
11845,0.0,0.0,180.297
11846,0.0,0.0,180.297
11847,0.0,0.0,180.297
11848,0.0,0.0,180.297
11849,0.0,0.0,180.297
11850,0.0,0.0,180.301
11851,0.0,0.0,180.301
11852,0.0,0.0,180.301
11853,0.0,0.0,180.301
11854,0.0,0.0,180.305
11855,0.0,0.0,180.305
11856,0.0,0.0,180.305
11857,57.3,3.581,180.609
11858,14.2,0.887,180.609
11859,0.0,0.0,180.609
11860,0.0,0.0,180.609
11861,0.0,0.0,180.609
11862,0.0,0.0,180.609
11863,0.0,0.0,180.609
11864,0.0,0.0,180.609
11865,0.0,0.0,180.609
11866,0.0,0.0,180.609
11867,0.0,0.0,180.609
11868,0.0,0.0,180.609
11869,0.0,0.0,180.609
11870,0.0,0.0,180.609
11871,62.5,3.906,180.641
11872,100.0,6.25,180.641
11873,100.0,6.25,180.641
11874,88.7,5.544,180.641
11875,87.5,5.469,180.641
11876,87.5,5.469,180.641
11877,28.7,1.794,180.641
11878,0.0,0.0,180.641
11879,0.0,0.0,180.641
11880,14.3,0.894,180.641
11881,14.3,0.894,180.641
11882,0.0,0.0,180.641
11883,0.0,0.0,180.641
11884,0.0,0.0,180.641
11885,62.5,3.906,180.641
11886,100.0,6.25,180.641
11887,14.2,0.887,180.641
11888,0.0,0.0,180.641
11889,0.0,0.0,180.641
11890,0.0,0.0,180.641
11891,0.0,0.0,180.641
11892,0.0,0.0,180.641
11893,0.0,0.0,180.641
11894,0.0,0.0,180.641
11895,0.0,0.0,180.641
11896,0.0,0.0,180.641
11897,0.0,0.0,180.641
11898,14.3,0.894,180.641
11899,0.0,0.0,180.641
11900,0.0,0.0,180.641
11901,0.0,0.0,180.641
11902,0.0,0.0,180.641
11903,0.0,0.0,180.641
11904,0.0,0.0,180.641
11905,0.0,0.0,180.641
11906,14.2,0.887,180.645
11907,0.0,0.0,180.645
11908,0.0,0.0,180.645
11909,0.0,0.0,180.645
11910,0.0,0.0,180.645
11911,0.0,0.0,180.645
11912,0.0,0.0,180.645
11913,33.2,2.075,180.648
11914,100.0,6.25,180.648
11915,100.0,6.25,180.648
11916,100.0,6.25,180.648
11917,71.7,4.481,180.648
11918,0.0,0.0,180.648
11919,0.0,0.0,180.648
11920,0.0,0.0,180.648
11921,0.0,0.0,180.648
11922,0.0,0.0,180.648
11923,0.0,0.0,180.648
11924,28.4,1.775,180.648
11925,0.0,0.0,180.648
11926,0.0,0.0,180.648
11927,0.0,0.0,180.648
11928,0.0,0.0,180.648
11929,0.0,0.0,180.648
11930,0.0,0.0,180.648
11931,0.0,0.0,180.648
11932,14.3,0.894,180.648
11933,0.0,0.0,180.648
11934,0.0,0.0,180.648
11935,0.0,0.0,180.648
11936,12.5,0.781,180.703
11937,14.2,0.887,180.703
11938,0.0,0.0,180.703
11939,0.0,0.0,180.703
11940,0.0,0.0,180.703
11941,0.0,0.0,180.703
11942,0.0,0.0,180.703
11943,0.0,0.0,180.703
11944,0.0,0.0,180.703
11945,0.0,0.0,180.703
11946,0.0,0.0,180.703
11947,0.0,0.0,180.703
11948,0.0,0.0,180.703
11949,0.0,0.0,180.703
11950,33.2,2.075,180.703
11951,100.0,6.25,180.703
11952,112.5,7.031,180.703
11953,87.5,5.469,180.703
11954,43.0,2.688,180.703
11955,0.0,0.0,180.703
11956,0.0,0.0,180.703
11957,0.0,0.0,180.703
11958,0.0,0.0,180.703
11959,0.0,0.0,180.703
11960,0.0,0.0,180.703
11961,0.0,0.0,180.703
11962,0.0,0.0,180.703
11963,0.0,0.0,180.703
11964,14.3,0.894,180.703
11965,0.0,0.0,180.703
11966,0.0,0.0,180.703
11967,0.0,0.0,180.703
11968,0.0,0.0,180.703
11969,0.0,0.0,180.703
11970,0.0,0.0,180.703
11971,0.0,0.0,180.703
11972,0.0,0.0,180.703
11973,0.0,0.0,180.703
11974,0.0,0.0,180.703
11975,0.0,0.0,180.703
11976,0.0,0.0,180.703
11977,0.0,0.0,180.703
11978,0.0,0.0,180.707
11979,0.0,0.0,180.707
11980,0.0,0.0,180.707
11981,0.0,0.0,180.707
11982,0.0,0.0,180.707
11983,0.0,0.0,180.707
11984,0.0,0.0,180.707
11985,0.0,0.0,180.707
11986,14.2,0.887,180.738
11987,14.3,0.894,180.738
11988,0.0,0.0,180.738
11989,0.0,0.0,180.738
11990,0.0,0.0,180.762
11991,22.2,1.387,184.695
11992,87.5,5.469,184.695
11993,100.3,6.269,181.781
11994,14.2,0.887,181.781
11995,14.3,0.894,181.781
11996,0.0,0.0,181.781
11997,14.2,0.887,181.781
11998,0.0,0.0,181.781
11999,0.0,0.0,181.781
12000,44.6,2.788,185.176
12001,100.0,6.25,185.297
12002,100.0,6.25,182.359
12003,112.5,7.031,182.605
12004,100.0,6.25,182.605
12005,100.0,6.25,182.605
12006,100.0,6.25,182.605
12007,71.0,4.438,182.605
12008,0.0,0.0,182.605
12009,0.0,0.0,182.605
12010,0.0,0.0,182.605
12011,0.0,0.0,182.605
12012,0.0,0.0,182.605
12013,0.0,0.0,182.605
12014,14.2,0.887,182.605
12015,0.0,0.0,182.605
12016,0.0,0.0,182.605
12017,0.0,0.0,182.605
12018,0.0,0.0,182.605
12019,0.0,0.0,182.605
12020,0.0,0.0,182.605
12021,0.0,0.0,182.605
12022,0.0,0.0,182.605
12023,0.0,0.0,182.605
12024,0.0,0.0,182.605
12025,0.0,0.0,182.605
12026,0.0,0.0,182.605
12027,0.0,0.0,182.605
12028,0.0,0.0,182.605
12029,0.0,0.0,182.605
12030,0.0,0.0,182.605
12031,0.0,0.0,182.605
12032,0.0,0.0,182.605
12033,0.0,0.0,182.605
12034,0.0,0.0,182.605
12035,0.0,0.0,182.605
12036,0.0,0.0,182.605
12037,14.2,0.887,182.609
12038,0.0,0.0,182.609
12039,28.7,1.794,182.609
12040,0.0,0.0,182.609
12041,25.0,1.562,182.613
12042,87.5,5.469,182.613
12043,42.6,2.663,182.625
12044,0.0,0.0,182.625
12045,0.0,0.0,182.625
12046,0.0,0.0,182.625
12047,0.0,0.0,182.625
12048,0.0,0.0,182.625
12049,14.3,0.894,182.625
12050,0.0,0.0,182.625
12051,0.0,0.0,182.625
12052,0.0,0.0,182.625
12053,0.0,0.0,182.625
12054,0.0,0.0,182.625
12055,0.0,0.0,182.625
12056,0.0,0.0,182.625
12057,0.0,0.0,182.625
12058,0.0,0.0,182.625
12059,14.3,0.894,182.754
12060,0.0,0.0,182.754
12061,0.0,0.0,182.754
12062,0.0,0.0,182.754
12063,0.0,0.0,182.754
12064,0.0,0.0,182.754
12065,0.0,0.0,182.754
12066,0.0,0.0,182.754
12067,0.0,0.0,182.754
12068,0.0,0.0,182.754
12069,0.0,0.0,182.754
12070,25.0,1.562,182.785
12071,87.5,5.469,183.176
12072,14.3,0.894,183.176
12073,0.0,0.0,183.176
12074,0.0,0.0,183.176
12075,0.0,0.0,183.176
12076,0.0,0.0,183.176
12077,0.0,0.0,183.176
12078,14.3,0.894,183.176
12079,0.0,0.0,183.176
12080,0.0,0.0,183.176
12081,0.0,0.0,183.176
12082,0.0,0.0,183.176
12083,0.0,0.0,183.176
12084,0.0,0.0,183.176
12085,0.0,0.0,183.176
12086,0.0,0.0,183.176
12087,0.0,0.0,183.176
12088,50.0,3.125,183.176
12089,100.0,6.25,183.188
12090,87.5,5.469,183.188
12091,100.0,6.25,183.188
12092,100.0,6.25,183.188
12093,85.2,5.325,183.188
12094,0.0,0.0,183.188
12095,0.0,0.0,183.188
12096,0.0,0.0,183.188
12097,0.0,0.0,183.188
12098,0.0,0.0,183.188
12099,0.0,0.0,183.188
12100,0.0,0.0,183.188
12101,0.0,0.0,183.188
12102,14.2,0.887,183.188
12103,14.3,0.894,183.188
12104,0.0,0.0,183.188
12105,0.0,0.0,183.188
12106,0.0,0.0,183.188
12107,0.0,0.0,183.188
12108,0.0,0.0,183.188
12109,0.0,0.0,183.188
12110,0.0,0.0,183.188
12111,0.0,0.0,183.188
12112,0.0,0.0,183.188
12113,0.0,0.0,183.188
12114,0.0,0.0,183.188
12115,0.0,0.0,183.188
12116,0.0,0.0,183.188
12117,42.6,2.663,183.188
12118,43.0,2.688,183.281
12119,28.7,1.794,183.281
12120,28.4,1.775,183.281
12121,50.0,3.125,183.281
12122,100.0,6.25,183.281
12123,100.0,6.25,183.41
12124,100.0,6.25,183.41
12125,0.0,0.0,183.41
12126,28.7,1.794,183.41
12127,0.0,0.0,183.41
12128,0.0,0.0,183.41
12129,0.0,0.0,183.41
12130,0.0,0.0,183.41
12131,28.7,1.794,183.41
12132,0.0,0.0,183.41
12133,0.0,0.0,183.41
12134,0.0,0.0,183.41
12135,37.5,2.344,183.41
12136,100.0,6.25,183.41
12137,43.0,2.688,183.41
12138,0.0,0.0,183.41
12139,0.0,0.0,183.41
12140,0.0,0.0,183.41
12141,0.0,0.0,183.41
12142,0.0,0.0,183.41
12143,0.0,0.0,183.41
12144,0.0,0.0,183.41
12145,28.4,1.775,183.41
12146,0.0,0.0,183.41
12147,0.0,0.0,183.41
12148,0.0,0.0,183.41
12149,0.0,0.0,183.41
12150,0.0,0.0,183.41
12151,14.3,0.894,183.41
12152,14.3,0.894,183.406
12153,14.2,0.887,183.406
12154,12.5,0.781,183.406
12155,0.0,0.0,183.406
12156,0.0,0.0,183.406
12157,0.0,0.0,183.406
12158,14.3,0.894,183.406
12159,14.2,0.887,183.406
12160,22.3,1.394,183.406
12161,100.0,6.25,183.406
12162,100.0,6.25,183.555
12163,100.0,6.25,183.555
12164,62.5,3.906,183.555
12165,0.0,0.0,183.555
12166,0.0,0.0,183.555
12167,0.0,0.0,183.555
12168,0.0,0.0,183.555
12169,14.3,0.894,183.555
12170,0.0,0.0,183.555
12171,0.0,0.0,183.555
12172,0.0,0.0,183.555
12173,0.0,0.0,183.555
12174,0.0,0.0,183.555
12175,0.0,0.0,183.555
12176,0.0,0.0,183.555
12177,0.0,0.0,183.555
12178,0.0,0.0,183.555
12179,0.0,0.0,183.555
12180,0.0,0.0,183.555
12181,0.0,0.0,183.555
12182,0.0,0.0,183.555
12183,0.0,0.0,183.555
12184,0.0,0.0,183.555
12185,0.0,0.0,183.555
12186,0.0,0.0,183.555
12187,0.0,0.0,183.555
12188,0.0,0.0,183.555
12189,0.0,0.0,183.555
12190,0.0,0.0,183.555
12191,0.0,0.0,183.555
12192,43.0,2.688,183.555
12193,0.0,0.0,183.555
12194,0.0,0.0,183.555
12195,0.0,0.0,183.555
12196,0.0,0.0,183.555
12197,0.0,0.0,183.555
12198,0.0,0.0,183.555
12199,0.0,0.0,183.555
12200,0.0,0.0,183.555
12201,0.0,0.0,183.555
12202,14.3,0.894,183.555
12203,28.4,1.775,183.555
12204,0.0,0.0,183.555
12205,0.0,0.0,183.555
12206,0.0,0.0,183.555
12207,0.0,0.0,183.555
12208,14.2,0.887,183.555
12209,0.0,0.0,183.555
12210,0.0,0.0,183.555
12211,14.2,0.887,183.555
12212,0.0,0.0,183.555
12213,0.0,0.0,183.555
12214,0.0,0.0,183.555
12215,0.0,0.0,183.555
12216,14.2,0.887,183.555
12217,14.3,0.894,183.555
12218,0.0,0.0,183.555
12219,0.0,0.0,183.555
12220,0.0,0.0,183.555
12221,14.3,0.894,183.555
12222,0.0,0.0,183.555
12223,0.0,0.0,183.555
12224,0.0,0.0,183.555
12225,0.0,0.0,183.555
12226,14.3,0.894,183.555
12227,75.0,4.688,183.555
12228,88.7,5.544,183.555
12229,100.0,6.25,183.555
12230,112.5,7.031,183.555
12231,14.3,0.894,183.555
12232,0.0,0.0,183.555
12233,0.0,0.0,183.555
12234,0.0,0.0,183.555
12235,0.0,0.0,183.555
12236,0.0,0.0,183.555
12237,0.0,0.0,183.555
12238,0.0,0.0,183.555
12239,14.2,0.887,183.555
12240,0.0,0.0,183.555
12241,0.0,0.0,183.555
12242,0.0,0.0,183.555
12243,0.0,0.0,183.555
12244,0.0,0.0,183.555
12245,0.0,0.0,183.555
12246,0.0,0.0,183.555
12247,0.0,0.0,183.555
12248,0.0,0.0,183.555
12249,0.0,0.0,183.555
12250,0.0,0.0,183.555
12251,0.0,0.0,183.555
12252,0.0,0.0,183.555
12253,0.0,0.0,183.555
12254,0.0,0.0,183.555
12255,12.5,0.781,183.555
12256,0.0,0.0,183.555
12257,0.0,0.0,183.555
12258,0.0,0.0,183.555
12259,0.0,0.0,183.555
12260,0.0,0.0,183.555
12261,0.0,0.0,183.555
12262,0.0,0.0,183.555
12263,0.0,0.0,183.555
12264,0.0,0.0,183.555
12265,0.0,0.0,183.555
12266,0.0,0.0,183.555
12267,0.0,0.0,183.555
12268,0.0,0.0,183.555
12269,0.0,0.0,183.555
12270,0.0,0.0,183.555
12271,0.0,0.0,183.555
12272,0.0,0.0,183.555
12273,0.0,0.0,183.555
12274,0.0,0.0,183.555
12275,0.0,0.0,183.555
12276,0.0,0.0,183.555
12277,0.0,0.0,183.555
12278,0.0,0.0,183.555
12279,0.0,0.0,183.555
12280,0.0,0.0,183.555
12281,0.0,0.0,183.555
12282,0.0,0.0,183.555
12283,0.0,0.0,183.555
12284,0.0,0.0,183.555
12285,0.0,0.0,183.555
12286,0.0,0.0,183.555
12287,0.0,0.0,183.555
12288,0.0,0.0,183.555
12289,0.0,0.0,183.555
12290,0.0,0.0,183.555
12291,0.0,0.0,183.555
12292,0.0,0.0,183.555
12293,0.0,0.0,183.555
12294,0.0,0.0,183.555
12295,0.0,0.0,183.555
12296,0.0,0.0,183.555
12297,0.0,0.0,183.555
12298,0.0,0.0,183.555
12299,0.0,0.0,183.555
12300,0.0,0.0,183.555
12301,0.0,0.0,183.555
12302,0.0,0.0,183.555
12303,12.5,0.781,183.559
12304,0.0,0.0,183.559
12305,0.0,0.0,183.559
12306,0.0,0.0,183.559
12307,0.0,0.0,183.559
12308,0.0,0.0,183.559
12309,0.0,0.0,183.559
12310,0.0,0.0,183.559
12311,0.0,0.0,183.559
12312,0.0,0.0,183.559
12313,0.0,0.0,183.559
12314,0.0,0.0,183.559
12315,0.0,0.0,183.559
12316,0.0,0.0,183.559
12317,0.0,0.0,183.559
12318,0.0,0.0,183.559
12319,0.0,0.0,183.559
12320,0.0,0.0,183.559
12321,0.0,0.0,183.559
12322,0.0,0.0,183.559
12323,0.0,0.0,183.559
12324,0.0,0.0,183.559
12325,0.0,0.0,183.559
12326,0.0,0.0,183.559
12327,0.0,0.0,183.559
12328,0.0,0.0,183.559
12329,0.0,0.0,183.559
12330,0.0,0.0,183.559
12331,0.0,0.0,183.559
12332,0.0,0.0,183.559
12333,0.0,0.0,183.559
12334,0.0,0.0,183.559
12335,0.0,0.0,183.559
12336,0.0,0.0,183.559
12337,0.0,0.0,183.559
12338,0.0,0.0,183.559
12339,0.0,0.0,183.559
12340,0.0,0.0,183.559
12341,0.0,0.0,183.559
12342,0.0,0.0,183.559
12343,0.0,0.0,183.559
12344,0.0,0.0,183.559
12345,14.2,0.887,183.559
12346,0.0,0.0,183.559
12347,0.0,0.0,183.559
12348,0.0,0.0,183.559
12349,0.0,0.0,183.559
12350,0.0,0.0,183.559
12351,0.0,0.0,183.559
12352,0.0,0.0,183.559
12353,0.0,0.0,183.559
12354,0.0,0.0,183.559
12355,0.0,0.0,183.559
12356,0.0,0.0,183.559
12357,0.0,0.0,183.559
12358,0.0,0.0,183.559
12359,0.0,0.0,183.559
12360,0.0,0.0,183.559
12361,0.0,0.0,183.559
12362,0.0,0.0,183.559
12363,0.0,0.0,183.559
12364,0.0,0.0,183.559
12365,0.0,0.0,183.559
12366,0.0,0.0,183.559
12367,0.0,0.0,183.559
12368,0.0,0.0,183.559
12369,77.6,4.85,183.559
12370,100.0,6.25,183.559
12371,100.0,6.25,183.559
12372,71.7,4.481,183.559
12373,0.0,0.0,183.559
12374,0.0,0.0,183.559
12375,0.0,0.0,183.559
12376,0.0,0.0,183.559
12377,0.0,0.0,183.559
12378,0.0,0.0,183.559
12379,0.0,0.0,183.559
12380,0.0,0.0,183.559
12381,0.0,0.0,183.559
12382,0.0,0.0,183.559
12383,0.0,0.0,183.559
12384,0.0,0.0,183.559
12385,0.0,0.0,183.559
12386,0.0,0.0,183.559
12387,0.0,0.0,183.559
12388,0.0,0.0,183.559
12389,0.0,0.0,183.559
12390,14.3,0.894,183.559
12391,0.0,0.0,183.559
12392,0.0,0.0,183.559
12393,25.0,1.562,183.586
12394,0.0,0.0,183.586
12395,0.0,0.0,183.586
12396,0.0,0.0,183.586
12397,0.0,0.0,183.586
12398,0.0,0.0,183.586
12399,0.0,0.0,183.586
12400,0.0,0.0,183.586
12401,0.0,0.0,183.586
12402,0.0,0.0,183.586
12403,0.0,0.0,183.586
12404,0.0,0.0,183.586
12405,0.0,0.0,183.586
12406,0.0,0.0,183.586
12407,0.0,0.0,183.586
12408,0.0,0.0,183.586
12409,14.2,0.887,183.738
12410,0.0,0.0,183.738
12411,0.0,0.0,183.738
12412,0.0,0.0,183.738
12413,0.0,0.0,183.738
12414,0.0,0.0,183.738
12415,62.5,3.906,183.738
12416,100.0,6.25,183.738
12417,100.0,6.25,183.738
12418,100.0,6.25,183.738
12419,28.4,1.775,183.738
12420,14.3,0.894,183.82
12421,12.5,0.781,183.82
12422,12.5,0.781,183.82
12423,37.5,2.344,183.824
12424,88.7,5.544,183.824
12425,75.0,4.688,183.828
12426,100.0,6.25,183.828
12427,100.0,6.25,183.828
12428,57.3,3.581,183.828
12429,0.0,0.0,183.828
12430,0.0,0.0,183.828
12431,0.0,0.0,183.828
12432,0.0,0.0,183.828
12433,0.0,0.0,183.828
12434,28.4,1.775,183.828
12435,12.5,0.781,183.828
12436,0.0,0.0,183.828
12437,0.0,0.0,183.828
12438,0.0,0.0,183.828
12439,14.3,0.894,183.828
12440,42.6,2.663,183.828
12441,0.0,0.0,183.828
12442,0.0,0.0,183.828
12443,62.5,3.906,183.828
12444,100.0,6.25,183.828
12445,100.0,6.25,183.828
12446,100.0,6.25,183.828
12447,100.0,6.25,183.828
12448,12.5,0.781,183.828
12449,28.7,1.794,183.828
12450,0.0,0.0,183.828
12451,28.7,1.794,183.828
12452,87.5,5.469,183.828
12453,85.2,5.325,183.828
12454,0.0,0.0,183.828
12455,0.0,0.0,183.828
12456,0.0,0.0,183.828
12457,0.0,0.0,183.828
12458,0.0,0.0,183.828
12459,0.0,0.0,183.828
12460,0.0,0.0,183.828
12461,0.0,0.0,183.828
12462,0.0,0.0,183.828
12463,0.0,0.0,183.828
12464,0.0,0.0,183.828
12465,0.0,0.0,183.828
12466,0.0,0.0,183.828
12467,0.0,0.0,183.828
12468,0.0,0.0,183.828
12469,0.0,0.0,183.828
12470,0.0,0.0,183.828
12471,0.0,0.0,183.828
12472,0.0,0.0,183.828
12473,0.0,0.0,183.828
12474,0.0,0.0,183.828
12475,0.0,0.0,183.828
12476,14.2,0.887,183.828
12477,14.3,0.894,183.828
12478,0.0,0.0,183.828
12479,0.0,0.0,183.828
12480,0.0,0.0,183.828
12481,0.0,0.0,183.828
12482,14.2,0.887,183.828
12483,0.0,0.0,183.828
12484,0.0,0.0,183.828
12485,0.0,0.0,183.828
12486,62.5,3.906,183.828
12487,87.5,5.469,183.828
12488,100.0,6.25,183.828
12489,100.0,6.25,183.828
12490,14.2,0.887,183.828
12491,0.0,0.0,183.828
12492,0.0,0.0,183.828
12493,0.0,0.0,183.828
12494,12.5,0.781,183.82
12495,14.3,0.894,183.82
12496,0.0,0.0,183.82
12497,0.0,0.0,183.82
12498,0.0,0.0,183.82
12499,0.0,0.0,183.82
12500,0.0,0.0,183.82
12501,0.0,0.0,183.82
12502,0.0,0.0,183.82
12503,0.0,0.0,183.82
12504,0.0,0.0,183.82
12505,0.0,0.0,183.82
12506,0.0,0.0,183.82
12507,0.0,0.0,183.82
12508,0.0,0.0,183.82
12509,72.7,4.544,183.828
12510,71.7,4.481,180.859
12511,28.7,1.794,180.934
12512,0.0,0.0,180.934
12513,0.0,0.0,180.934
12514,0.0,0.0,180.934
12515,0.0,0.0,180.934
12516,0.0,0.0,180.934
12517,0.0,0.0,180.934
12518,0.0,0.0,180.934
12519,0.0,0.0,180.934
12520,0.0,0.0,180.934
12521,0.0,0.0,180.934
12522,0.0,0.0,180.934
12523,0.0,0.0,180.938
12524,0.0,0.0,180.938
12525,75.0,4.688,181.023
12526,100.0,6.25,181.371
12527,100.0,6.25,181.48
12528,100.0,6.25,181.48
12529,71.0,4.438,181.48
12530,28.7,1.794,181.492
12531,0.0,0.0,181.492
12532,0.0,0.0,181.492
12533,14.3,0.894,181.496
12534,0.0,0.0,181.508
12535,0.0,0.0,181.508
12536,0.0,0.0,181.508
12537,50.0,3.125,181.527
12538,71.7,4.481,181.527
12539,0.0,0.0,181.527
12540,0.0,0.0,181.527
12541,0.0,0.0,181.527
12542,0.0,0.0,181.527
12543,33.6,2.1,181.555
12544,0.0,0.0,181.555
12545,0.0,0.0,181.555
12546,0.0,0.0,181.555
12547,0.0,0.0,181.555
12548,0.0,0.0,181.555
12549,14.2,0.887,181.562
12550,0.0,0.0,181.562
12551,0.0,0.0,181.562
12552,0.0,0.0,181.562
12553,0.0,0.0,181.562
12554,0.0,0.0,181.562
12555,0.0,0.0,181.562
12556,0.0,0.0,181.562
12557,28.4,1.775,181.613
12558,0.0,0.0,181.613
12559,0.0,0.0,181.613
12560,0.0,0.0,181.613
12561,0.0,0.0,181.613
12562,0.0,0.0,181.613
12563,0.0,0.0,181.637
12564,0.0,0.0,181.637
12565,0.0,0.0,181.637
12566,0.0,0.0,181.637
12567,0.0,0.0,181.637
12568,0.0,0.0,181.637
12569,84.0,5.25,182.281
12570,14.2,0.887,182.281
12571,0.0,0.0,182.281
12572,0.0,0.0,182.281
12573,0.0,0.0,182.281
12574,0.0,0.0,182.281
12575,0.0,0.0,182.281
12576,0.0,0.0,182.281
12577,0.0,0.0,182.281
12578,14.3,0.894,182.293
12579,0.0,0.0,182.293
12580,0.0,0.0,182.293
12581,0.0,0.0,182.293
12582,0.0,0.0,182.293
12583,16.8,1.05,182.297
12584,0.0,0.0,182.297
12585,14.3,0.894,182.297
12586,0.0,0.0,182.297
12587,12.5,0.781,182.297
12588,57.3,3.581,182.312
12589,100.0,6.25,182.336
12590,100.0,6.25,182.336
12591,86.0,5.375,182.336
12592,0.0,0.0,182.336
12593,0.0,0.0,182.336
12594,0.0,0.0,182.336
12595,0.0,0.0,182.336
12596,0.0,0.0,182.336
12597,0.0,0.0,182.336
12598,0.0,0.0,182.336
12599,0.0,0.0,182.336
12600,0.0,0.0,182.336
12601,14.2,0.887,182.336
12602,0.0,0.0,182.336
12603,0.0,0.0,182.336
12604,0.0,0.0,182.336
12605,0.0,0.0,182.336
12606,0.0,0.0,182.336
12607,0.0,0.0,182.336
12608,0.0,0.0,182.336
12609,0.0,0.0,182.336
12610,0.0,0.0,182.336
12611,0.0,0.0,182.336
12612,0.0,0.0,182.336
12613,0.0,0.0,182.336
12614,12.5,0.781,182.336
12615,0.0,0.0,182.336
12616,14.3,0.894,182.336
12617,0.0,0.0,182.336
12618,0.0,0.0,182.336
12619,0.0,0.0,182.336
12620,0.0,0.0,182.336
12621,0.0,0.0,182.336
12622,0.0,0.0,182.336
12623,0.0,0.0,182.336
12624,0.0,0.0,182.336
12625,0.0,0.0,182.336
12626,0.0,0.0,182.336
12627,75.0,4.688,182.336
12628,88.7,5.544,182.336
12629,100.0,6.25,182.336
12630,14.3,0.894,182.336
12631,0.0,0.0,182.336
12632,0.0,0.0,182.336
12633,14.3,0.894,182.336
12634,0.0,0.0,182.336
12635,0.0,0.0,182.336
12636,0.0,0.0,182.336
12637,0.0,0.0,182.336
12638,0.0,0.0,182.336
12639,0.0,0.0,182.336
12640,0.0,0.0,182.336
12641,12.5,0.781,182.336
12642,0.0,0.0,182.336
12643,0.0,0.0,182.336
12644,62.5,3.906,182.336
12645,87.5,5.469,182.336
12646,99.4,6.213,182.336
12647,0.0,0.0,182.336
12648,0.0,0.0,182.336
12649,0.0,0.0,182.336
12650,14.3,0.894,182.336
12651,0.0,0.0,182.336
12652,14.3,0.894,182.336
12653,0.0,0.0,182.336
12654,0.0,0.0,182.336
12655,0.0,0.0,182.336
12656,0.0,0.0,182.336
12657,0.0,0.0,182.336
12658,0.0,0.0,182.336
12659,16.6,1.038,182.336
12660,0.0,0.0,182.336
12661,0.0,0.0,182.336
12662,14.3,0.894,182.336
12663,0.0,0.0,182.336
12664,0.0,0.0,182.336
12665,37.5,2.344,182.336
12666,100.0,6.25,182.336
12667,100.0,6.25,182.336
12668,0.0,0.0,182.336
12669,0.0,0.0,182.336
12670,0.0,0.0,182.336
12671,14.3,0.894,182.336
12672,0.0,0.0,182.336
12673,0.0,0.0,182.336
12674,43.0,2.688,182.414
12675,50.0,3.125,182.414
12676,99.4,6.213,182.414
12677,0.0,0.0,182.414
12678,0.0,0.0,182.414
12679,14.2,0.887,182.414
12680,0.0,0.0,182.414
12681,0.0,0.0,182.414
12682,0.0,0.0,182.414
12683,0.0,0.0,182.414
12684,11.1,0.694,183.512
12685,71.7,4.481,183.512
12686,0.0,0.0,183.512
12687,0.0,0.0,183.512
12688,0.0,0.0,183.512
12689,0.0,0.0,183.512
12690,37.5,2.344,183.781
12691,86.0,5.375,183.953
12692,100.0,6.25,183.953
12693,88.7,5.544,183.953
12694,57.3,3.581,183.953
12695,0.0,0.0,183.953
12696,0.0,0.0,183.953
12697,14.3,0.894,183.953
12698,0.0,0.0,183.953
12699,43.0,2.688,179.988
12700,44.3,2.769,180.176
12701,100.0,6.25,180.859
12702,100.0,6.25,180.859
12703,37.5,2.344,180.859
12704,0.0,0.0,180.859
12705,0.0,0.0,180.859
12706,0.0,0.0,180.859
12707,0.0,0.0,180.859
12708,0.0,0.0,180.859
12709,0.0,0.0,180.859
12710,0.0,0.0,180.859
12711,0.0,0.0,180.859
12712,0.0,0.0,180.859
12713,0.0,0.0,180.859
12714,0.0,0.0,180.859
12715,0.0,0.0,180.859
12716,0.0,0.0,180.859
12717,0.0,0.0,180.859
12718,0.0,0.0,180.859
12719,0.0,0.0,180.859
12720,0.0,0.0,180.859
12721,0.0,0.0,180.859
12722,0.0,0.0,180.859
12723,0.0,0.0,180.859
12724,0.0,0.0,180.859
12725,0.0,0.0,180.859
12726,0.0,0.0,180.859
12727,0.0,0.0,180.859
12728,0.0,0.0,180.859
12729,0.0,0.0,180.859
12730,0.0,0.0,180.859
12731,0.0,0.0,180.859
12732,0.0,0.0,180.859
12733,0.0,0.0,180.859
12734,0.0,0.0,180.859
12735,0.0,0.0,180.859
12736,0.0,0.0,180.859
12737,0.0,0.0,180.859
12738,0.0,0.0,180.867
12739,0.0,0.0,180.867
12740,0.0,0.0,180.867
12741,0.0,0.0,180.867
12742,0.0,0.0,180.867
12743,0.0,0.0,180.867
12744,0.0,0.0,180.867
12745,0.0,0.0,180.867
12746,0.0,0.0,180.867
12747,0.0,0.0,180.867
12748,0.0,0.0,180.867
12749,0.0,0.0,180.867
12750,0.0,0.0,180.867
12751,0.0,0.0,180.867
12752,0.0,0.0,180.867
12753,0.0,0.0,180.867
12754,0.0,0.0,180.867
12755,0.0,0.0,180.867
12756,0.0,0.0,180.867
12757,0.0,0.0,180.867
12758,0.0,0.0,180.867
12759,0.0,0.0,180.867
12760,0.0,0.0,180.867
12761,0.0,0.0,180.867
12762,0.0,0.0,180.867
12763,0.0,0.0,180.867
12764,0.0,0.0,180.867
12765,0.0,0.0,180.867
12766,0.0,0.0,180.867
12767,0.0,0.0,180.867
12768,0.0,0.0,180.867
12769,0.0,0.0,180.867
12770,0.0,0.0,180.867
12771,0.0,0.0,180.867
12772,0.0,0.0,180.867
12773,0.0,0.0,180.867
12774,0.0,0.0,180.867
12775,0.0,0.0,180.867
12776,0.0,0.0,180.867
12777,0.0,0.0,180.867
12778,0.0,0.0,180.867
12779,0.0,0.0,180.867
12780,0.0,0.0,180.867
12781,14.3,0.894,180.867
12782,0.0,0.0,180.867
12783,0.0,0.0,180.867
12784,0.0,0.0,180.867
12785,0.0,0.0,180.867
12786,0.0,0.0,180.867
12787,0.0,0.0,180.867
12788,0.0,0.0,180.867
12789,0.0,0.0,180.867
12790,0.0,0.0,180.867
12791,0.0,0.0,180.867
12792,0.0,0.0,180.867
12793,0.0,0.0,180.867
12794,0.0,0.0,180.867
12795,0.0,0.0,180.867
12796,0.0,0.0,180.867
12797,0.0,0.0,180.867
12798,0.0,0.0,180.867
12799,0.0,0.0,180.867
12800,0.0,0.0,180.867
12801,0.0,0.0,180.867
12802,0.0,0.0,180.867
12803,28.7,1.794,181.0
12804,0.0,0.0,181.0
12805,0.0,0.0,181.0
12806,0.0,0.0,181.0
12807,0.0,0.0,181.0
12808,0.0,0.0,181.0
12809,0.0,0.0,181.0
12810,0.0,0.0,181.0
12811,0.0,0.0,181.0
12812,0.0,0.0,181.0
12813,0.0,0.0,181.0
12814,0.0,0.0,181.0
12815,0.0,0.0,181.0
12816,0.0,0.0,181.0
12817,0.0,0.0,181.0
12818,0.0,0.0,181.0
12819,0.0,0.0,181.0
12820,0.0,0.0,181.0
12821,0.0,0.0,181.0
12822,0.0,0.0,181.0
12823,0.0,0.0,181.0
12824,0.0,0.0,181.0
12825,0.0,0.0,181.0
12826,0.0,0.0,181.0
12827,0.0,0.0,181.0
12828,0.0,0.0,181.0
12829,0.0,0.0,181.0
12830,0.0,0.0,181.0
12831,0.0,0.0,181.0
12832,0.0,0.0,181.0
12833,0.0,0.0,181.0
12834,0.0,0.0,181.0
12835,0.0,0.0,181.0
12836,0.0,0.0,181.0
12837,0.0,0.0,181.0
12838,0.0,0.0,181.0
12839,0.0,0.0,181.0
12840,0.0,0.0,181.0
12841,0.0,0.0,181.0
12842,0.0,0.0,181.0
12843,0.0,0.0,181.0
12844,0.0,0.0,181.0
12845,0.0,0.0,181.0
12846,0.0,0.0,181.0
12847,0.0,0.0,181.0
12848,0.0,0.0,181.0
12849,0.0,0.0,181.0
12850,0.0,0.0,181.0
12851,0.0,0.0,181.0
12852,0.0,0.0,181.0
12853,0.0,0.0,181.0
12854,0.0,0.0,181.0
12855,0.0,0.0,181.0
12856,0.0,0.0,181.0
12857,0.0,0.0,181.0
12858,0.0,0.0,181.0
12859,0.0,0.0,181.0
12860,0.0,0.0,181.0
12861,0.0,0.0,181.0
12862,0.0,0.0,181.0
12863,0.0,0.0,181.0
12864,0.0,0.0,181.0
12865,0.0,0.0,181.0
12866,0.0,0.0,181.0
12867,29.9,1.869,181.0
12868,112.5,7.031,181.0
12869,86.0,5.375,181.0
12870,28.7,1.794,181.0
12871,0.0,0.0,181.0
12872,0.0,0.0,181.0
12873,0.0,0.0,181.035
12874,14.3,0.894,181.035
12875,0.0,0.0,181.039
12876,0.0,0.0,181.039
12877,0.0,0.0,181.039
12878,37.5,2.344,181.195
12879,75.0,4.688,181.195
12880,0.0,0.0,181.195
12881,0.0,0.0,181.195
12882,0.0,0.0,181.195
12883,0.0,0.0,181.195
12884,0.0,0.0,181.195
12885,0.0,0.0,181.195
12886,0.0,0.0,181.195
12887,0.0,0.0,181.195
12888,0.0,0.0,181.195
12889,0.0,0.0,181.195
12890,0.0,0.0,181.195
12891,14.2,0.887,181.199
12892,0.0,0.0,181.199
12893,0.0,0.0,181.199
12894,0.0,0.0,181.199
12895,0.0,0.0,181.199
12896,0.0,0.0,181.199
12897,0.0,0.0,181.199
12898,0.0,0.0,181.199
12899,14.3,0.894,181.199
12900,0.0,0.0,181.199
12901,0.0,0.0,181.199
12902,0.0,0.0,181.199
12903,0.0,0.0,181.199
12904,0.0,0.0,181.199
12905,0.0,0.0,181.199
12906,0.0,0.0,181.199
12907,0.0,0.0,181.199
12908,0.0,0.0,181.199
12909,0.0,0.0,181.199
12910,0.0,0.0,181.199
12911,28.7,1.794,181.316
12912,0.0,0.0,181.316
12913,0.0,0.0,181.316
12914,0.0,0.0,181.316
12915,0.0,0.0,181.316
12916,0.0,0.0,181.316
12917,0.0,0.0,181.316
12918,0.0,0.0,181.316
12919,0.0,0.0,181.316
12920,0.0,0.0,181.316
12921,0.0,0.0,181.316
12922,0.0,0.0,181.316
12923,0.0,0.0,181.316
12924,0.0,0.0,181.316
12925,0.0,0.0,181.316
12926,0.0,0.0,181.316
12927,0.0,0.0,181.316
12928,0.0,0.0,181.316
12929,0.0,0.0,181.316
12930,0.0,0.0,181.316
12931,55.8,3.487,181.324
12932,100.0,6.25,181.324
12933,83.1,5.194,181.324
12934,0.0,0.0,181.324
12935,0.0,0.0,181.324
12936,14.2,0.887,181.324
12937,0.0,0.0,181.324
12938,0.0,0.0,181.324
12939,0.0,0.0,181.324
12940,0.0,0.0,181.324
12941,0.0,0.0,181.324
12942,14.3,0.894,181.324
12943,14.3,0.894,181.324
12944,0.0,0.0,181.324
12945,0.0,0.0,181.324
12946,12.5,0.781,181.324
12947,0.0,0.0,181.324
12948,25.0,1.562,181.324
12949,112.5,7.031,181.324
12950,86.0,5.375,181.324
12951,0.0,0.0,181.324
12952,0.0,0.0,181.324
12953,0.0,0.0,181.324
12954,0.0,0.0,181.324
12955,0.0,0.0,181.324
12956,14.3,0.894,181.324
12957,0.0,0.0,181.324
12958,0.0,0.0,181.324
12959,0.0,0.0,181.324
12960,0.0,0.0,181.324
12961,0.0,0.0,181.324
12962,0.0,0.0,181.324
12963,0.0,0.0,181.324
12964,0.0,0.0,181.324
12965,0.0,0.0,181.324
12966,0.0,0.0,181.324
12967,0.0,0.0,181.324
12968,0.0,0.0,181.324
12969,14.2,0.887,181.441
12970,12.5,0.781,181.441
12971,0.0,0.0,181.441
12972,0.0,0.0,181.441
12973,0.0,0.0,181.441
12974,0.0,0.0,181.441
12975,14.2,0.887,181.441
12976,0.0,0.0,181.441
12977,0.0,0.0,181.441
12978,0.0,0.0,181.441
12979,0.0,0.0,181.441
12980,0.0,0.0,181.441
12981,0.0,0.0,181.441
12982,62.5,3.906,181.441
12983,75.0,4.688,181.441
12984,100.0,6.25,181.441
12985,57.3,3.581,181.441
12986,16.6,1.038,181.441
12987,0.0,0.0,181.441
12988,0.0,0.0,181.441
12989,0.0,0.0,181.441
12990,0.0,0.0,181.441
12991,0.0,0.0,181.441
12992,0.0,0.0,181.441
12993,14.3,0.894,181.441
12994,100.3,6.269,181.441
12995,100.0,6.25,181.441
12996,71.0,4.438,181.441
12997,0.0,0.0,181.441
12998,0.0,0.0,181.441
12999,0.0,0.0,181.441
13000,0.0,0.0,181.441
13001,0.0,0.0,181.441
13002,0.0,0.0,181.441
13003,0.0,0.0,181.441
13004,0.0,0.0,181.441
13005,0.0,0.0,181.441
13006,14.2,0.887,181.441
13007,0.0,0.0,181.441
13008,0.0,0.0,181.441
13009,0.0,0.0,181.441
13010,0.0,0.0,181.445
13011,0.0,0.0,181.445
13012,0.0,0.0,181.445
13013,0.0,0.0,181.445
13014,0.0,0.0,181.445
13015,0.0,0.0,181.445
13016,0.0,0.0,181.445
13017,0.0,0.0,181.445
13018,0.0,0.0,181.445
13019,56.8,3.55,181.578
13020,16.6,1.038,181.578
13021,0.0,0.0,181.578
13022,0.0,0.0,181.578
13023,0.0,0.0,181.578
13024,14.3,0.894,181.578
13025,0.0,0.0,181.578
13026,0.0,0.0,181.578
13027,0.0,0.0,181.578
13028,0.0,0.0,181.578
13029,0.0,0.0,181.578
13030,0.0,0.0,181.578
13031,57.3,3.581,181.582
13032,100.0,6.25,181.582
13033,100.0,6.25,181.582
13034,71.0,4.438,181.582
13035,0.0,0.0,181.582
13036,0.0,0.0,181.582
13037,14.2,0.887,181.582
13038,0.0,0.0,181.582
13039,0.0,0.0,181.582
13040,0.0,0.0,181.582
13041,0.0,0.0,181.582
13042,0.0,0.0,181.582
13043,0.0,0.0,181.582
13044,0.0,0.0,181.582
13045,0.0,0.0,181.582
13046,0.0,0.0,181.582
13047,0.0,0.0,181.582
13048,0.0,0.0,181.582
13049,12.5,0.781,181.586
13050,0.0,0.0,181.586
13051,0.0,0.0,181.586
13052,0.0,0.0,181.586
13053,0.0,0.0,181.586
13054,0.0,0.0,181.586
13055,0.0,0.0,181.586
13056,0.0,0.0,181.586
13057,0.0,0.0,181.586
13058,0.0,0.0,181.586
13059,0.0,0.0,181.586
13060,0.0,0.0,181.586
13061,0.0,0.0,181.586
13062,0.0,0.0,181.586
13063,0.0,0.0,181.586
13064,0.0,0.0,181.586
13065,0.0,0.0,181.586
13066,0.0,0.0,181.586
13067,0.0,0.0,181.586
13068,0.0,0.0,181.586
13069,14.3,0.894,181.594
13070,87.5,5.469,183.09
13071,50.0,3.125,179.895
13072,0.0,0.0,179.914
13073,0.0,0.0,179.914
13074,0.0,0.0,179.914
13075,0.0,0.0,179.914
13076,0.0,0.0,179.914
13077,0.0,0.0,179.918
13078,0.0,0.0,179.918
13079,0.0,0.0,179.918
13080,28.7,1.794,180.062
13081,0.0,0.0,180.062
13082,0.0,0.0,180.062
13083,0.0,0.0,180.062
13084,0.0,0.0,180.062
13085,0.0,0.0,180.062
13086,0.0,0.0,180.062
13087,0.0,0.0,180.062
13088,0.0,0.0,180.062
13089,0.0,0.0,180.062
13090,0.0,0.0,180.062
13091,0.0,0.0,180.062
13092,0.0,0.0,180.062
13093,0.0,0.0,180.062
13094,0.0,0.0,180.062
13095,0.0,0.0,180.062
13096,0.0,0.0,180.062
13097,0.0,0.0,180.062
13098,0.0,0.0,180.062
13099,25.0,1.562,181.793
13100,75.0,4.688,182.199
13101,87.5,5.469,182.387
13102,100.3,6.269,182.387
13103,71.0,4.438,182.387
13104,14.3,0.894,182.391
13105,0.0,0.0,182.391
13106,0.0,0.0,182.391
13107,0.0,0.0,182.391
13108,16.6,1.038,182.391
13109,14.3,0.894,182.398
13110,0.0,0.0,182.398
13111,0.0,0.0,182.398
13112,37.5,2.344,182.406
13113,83.1,5.194,182.434
13114,14.2,0.887,182.438
13115,0.0,0.0,182.438
13116,0.0,0.0,182.438
13117,0.0,0.0,182.438
13118,0.0,0.0,182.438
13119,0.0,0.0,182.438
13120,0.0,0.0,182.438
13121,0.0,0.0,182.438
13122,0.0,0.0,182.438
13123,0.0,0.0,183.309
13124,28.7,1.794,183.309
13125,0.0,0.0,183.309
13126,0.0,0.0,183.309
13127,50.0,3.125,183.578
13128,71.7,4.481,183.578
13129,0.0,0.0,183.578
13130,0.0,0.0,183.578
13131,0.0,0.0,183.578
13132,0.0,0.0,183.578
13133,0.0,0.0,183.578
13134,0.0,0.0,183.578
13135,14.3,0.894,183.578
13136,0.0,0.0,183.578
13137,0.0,0.0,183.578
13138,0.0,0.0,183.578
13139,0.0,0.0,183.578
13140,0.0,0.0,183.578
13141,0.0,0.0,183.578
13142,0.0,0.0,183.578
13143,0.0,0.0,183.578
13144,0.0,0.0,183.578
13145,0.0,0.0,183.578
13146,0.0,0.0,183.578
13147,0.0,0.0,183.578
13148,0.0,0.0,183.578
13149,0.0,0.0,183.578
13150,0.0,0.0,183.578
13151,33.5,2.094,183.586
13152,55.4,3.462,183.586
13153,25.0,1.562,183.586
13154,50.0,3.125,183.586
13155,43.0,2.688,179.594
13156,28.4,1.775,179.68
13157,0.0,0.0,179.68
13158,0.0,0.0,179.68
13159,14.2,0.887,179.68
13160,0.0,0.0,179.68
13161,0.0,0.0,179.68
13162,0.0,0.0,179.68
13163,0.0,0.0,179.68
13164,0.0,0.0,179.68
13165,14.3,0.894,179.781
13166,0.0,0.0,179.793
13167,0.0,0.0,179.844
13168,0.0,0.0,179.867
13169,37.5,2.344,180.527
13170,44.3,2.769,180.527
13171,37.5,2.344,180.684
13172,62.5,3.906,180.809
13173,75.0,4.688,181.02
13174,50.0,3.125,181.02
13175,55.4,3.462,181.02
13176,57.3,3.581,181.195
13177,66.5,4.156,181.195
13178,100.3,6.269,181.195
13179,75.0,4.688,181.195
13180,87.5,5.469,181.195
13181,75.0,4.688,181.195
13182,14.3,0.894,181.195
13183,0.0,0.0,181.195
13184,0.0,0.0,181.195
13185,0.0,0.0,181.195
13186,43.0,2.688,181.203
13187,0.0,0.0,181.203
13188,0.0,0.0,181.203
13189,0.0,0.0,181.203
13190,0.0,0.0,181.203
13191,0.0,0.0,181.203
13192,14.3,0.894,181.203
13193,0.0,0.0,181.203
13194,0.0,0.0,181.203
13195,0.0,0.0,181.203
13196,0.0,0.0,181.203
13197,0.0,0.0,181.203
13198,0.0,0.0,181.203
13199,0.0,0.0,181.203
13200,0.0,0.0,181.203
13201,0.0,0.0,181.203
13202,0.0,0.0,181.34
13203,0.0,0.0,181.34
13204,0.0,0.0,181.34
13205,0.0,0.0,181.34
13206,0.0,0.0,181.348
13207,0.0,0.0,181.348
13208,0.0,0.0,181.359
13209,25.0,1.562,181.48
13210,71.0,4.438,181.508
13211,14.3,0.894,181.508
13212,0.0,0.0,181.508
13213,0.0,0.0,181.508
13214,14.3,0.894,181.508
13215,0.0,0.0,181.508
13216,0.0,0.0,181.508
13217,14.3,0.894,181.508
13218,0.0,0.0,181.508
13219,0.0,0.0,181.508
13220,0.0,0.0,181.508
13221,0.0,0.0,181.508
13222,0.0,0.0,181.508
13223,14.3,0.894,181.508
13224,0.0,0.0,181.508
13225,0.0,0.0,181.523
13226,86.0,5.375,181.551
13227,100.0,6.25,181.551
13228,100.0,6.25,181.551
13229,75.0,4.688,181.551
13230,100.0,6.25,181.551
13231,100.0,6.25,181.551
13232,87.5,5.469,181.551
13233,75.0,4.688,181.551
13234,100.0,6.25,181.551
13235,100.0,6.25,181.551
13236,66.5,4.156,181.551
13237,86.0,5.375,181.551
13238,0.0,0.0,181.551
13239,14.2,0.887,181.551
13240,0.0,0.0,181.551
13241,28.7,1.794,181.551
13242,0.0,0.0,181.551
13243,0.0,0.0,181.551
13244,14.2,0.887,181.551
13245,0.0,0.0,181.551
13246,0.0,0.0,181.551
13247,14.3,0.894,181.551
13248,37.5,2.344,181.551
13249,87.5,5.469,181.551
13250,100.0,6.25,181.551
13251,100.0,6.25,181.551
13252,100.0,6.25,181.551
13253,28.4,1.775,181.551
13254,28.7,1.794,181.551
13255,0.0,0.0,181.551
13256,0.0,0.0,181.551
13257,12.5,0.781,181.551
13258,14.3,0.894,181.551
13259,0.0,0.0,181.551
13260,0.0,0.0,181.551
13261,50.0,3.125,181.551
13262,100.0,6.25,181.551
13263,57.3,3.581,181.551
13264,0.0,0.0,181.551
13265,0.0,0.0,181.551
13266,0.0,0.0,181.551
13267,0.0,0.0,181.551
13268,0.0,0.0,181.551
13269,0.0,0.0,181.551
13270,0.0,0.0,181.551
13271,0.0,0.0,181.551
13272,0.0,0.0,181.551
13273,0.0,0.0,181.551
13274,0.0,0.0,181.551
13275,0.0,0.0,181.551
13276,0.0,0.0,181.551
13277,0.0,0.0,181.551
13278,0.0,0.0,181.551
13279,0.0,0.0,181.551
13280,0.0,0.0,181.551
13281,14.3,0.894,181.551
13282,0.0,0.0,181.551
13283,0.0,0.0,181.551
13284,0.0,0.0,181.551
13285,0.0,0.0,181.551
13286,14.2,0.887,181.551
13287,0.0,0.0,181.551
13288,0.0,0.0,181.551
13289,14.3,0.894,181.551
13290,0.0,0.0,181.551
13291,0.0,0.0,181.551
13292,0.0,0.0,181.551
13293,0.0,0.0,181.551
13294,0.0,0.0,181.551
13295,0.0,0.0,181.551
13296,0.0,0.0,181.551
13297,0.0,0.0,181.551
13298,0.0,0.0,181.551
13299,0.0,0.0,181.551
13300,0.0,0.0,181.551
13301,0.0,0.0,181.551
13302,0.0,0.0,181.551
13303,0.0,0.0,181.551
13304,0.0,0.0,181.551
13305,0.0,0.0,181.551
13306,0.0,0.0,181.551
13307,14.3,0.894,181.551
13308,0.0,0.0,181.551
13309,0.0,0.0,181.551
13310,0.0,0.0,181.551
13311,0.0,0.0,181.551
13312,0.0,0.0,181.551
13313,0.0,0.0,181.551
13314,0.0,0.0,181.551
13315,0.0,0.0,181.551
13316,0.0,0.0,181.551
13317,14.3,0.894,181.562
13318,0.0,0.0,181.562
13319,0.0,0.0,181.562
13320,0.0,0.0,181.562
13321,0.0,0.0,181.633
13322,100.0,6.25,182.445
13323,99.4,6.213,182.461
13324,14.3,0.894,182.465
13325,0.0,0.0,182.465
13326,0.0,0.0,182.465
13327,0.0,0.0,182.465
13328,0.0,0.0,182.465
13329,0.0,0.0,182.465
13330,14.3,0.894,182.465
13331,0.0,0.0,182.465
13332,0.0,0.0,182.465
13333,28.7,1.794,182.473
13334,14.2,0.887,182.473
13335,25.0,1.562,182.492
13336,100.0,6.25,182.492
13337,100.0,6.25,182.492
13338,89.3,5.581,182.516
13339,100.0,6.25,182.516
13340,87.5,5.469,182.516
13341,112.5,7.031,182.516
13342,87.5,5.469,182.516
13343,87.5,5.469,182.516
13344,87.5,5.469,182.516
13345,75.0,4.688,182.516
13346,75.0,4.688,182.516
13347,37.5,2.344,182.516
13348,33.2,2.075,182.516
13349,37.5,2.344,182.516
13350,62.5,3.906,182.516
13351,0.0,0.0,182.516
13352,28.4,1.775,182.516
13353,50.0,3.125,182.516
13354,100.0,6.25,182.516
13355,100.0,6.25,182.516
13356,100.0,6.25,182.516
13357,100.0,6.25,182.516
13358,75.0,4.688,182.516
13359,0.0,0.0,182.516
13360,0.0,0.0,182.516
13361,0.0,0.0,182.516
13362,28.7,1.794,182.574
13363,0.0,0.0,182.574
13364,42.6,2.663,183.059
13365,0.0,0.0,183.059
13366,0.0,0.0,183.059
13367,0.0,0.0,183.059
13368,0.0,0.0,183.059
13369,0.0,0.0,183.059
13370,0.0,0.0,183.059
13371,64.5,4.031,183.156
13372,71.0,4.438,180.117
13373,14.3,0.894,180.121
13374,14.2,0.887,180.262
13375,0.0,0.0,180.262
13376,0.0,0.0,180.262
13377,0.0,0.0,180.262
13378,0.0,0.0,180.262
13379,0.0,0.0,180.262
13380,0.0,0.0,180.262
13381,25.0,1.562,180.398
13382,100.0,6.25,180.715
13383,100.0,6.25,181.176
13384,100.0,6.25,181.176
13385,100.0,6.25,181.176
13386,88.7,5.544,181.176
13387,71.7,4.481,181.176
13388,0.0,0.0,181.176
13389,0.0,0.0,181.176
13390,14.2,0.887,181.176
13391,28.7,1.794,181.18
13392,0.0,0.0,181.18
13393,0.0,0.0,181.18
13394,0.0,0.0,181.18
13395,12.5,0.781,181.18
13396,0.0,0.0,181.18
13397,0.0,0.0,181.18
13398,14.3,0.894,181.211
13399,0.0,0.0,181.211
13400,14.3,0.894,181.215
13401,0.0,0.0,181.215
13402,0.0,0.0,181.215
13403,0.0,0.0,181.215
13404,0.0,0.0,181.215
13405,0.0,0.0,181.215
13406,0.0,0.0,181.215
13407,14.3,0.894,181.238
13408,14.2,0.887,181.238
13409,37.5,2.344,181.469
13410,43.0,2.688,181.594
13411,28.7,1.794,181.605
13412,0.0,0.0,181.605
13413,0.0,0.0,181.605
13414,0.0,0.0,181.605
13415,14.3,0.894,181.605
13416,14.2,0.887,181.605
13417,0.0,0.0,181.605
13418,0.0,0.0,181.605
13419,0.0,0.0,181.605
13420,0.0,0.0,181.605
13421,14.3,0.894,181.605
13422,56.8,3.55,181.609
13423,100.0,6.25,181.609
13424,100.0,6.25,181.609
13425,12.5,0.781,181.609
13426,0.0,0.0,181.609
13427,0.0,0.0,181.609
13428,14.2,0.887,181.609
13429,0.0,0.0,181.609
13430,0.0,0.0,181.609
13431,33.6,2.1,181.621
13432,14.2,0.887,181.621
13433,0.0,0.0,181.621
13434,0.0,0.0,181.621
13435,0.0,0.0,181.621
13436,0.0,0.0,181.621
13437,0.0,0.0,181.621
13438,0.0,0.0,181.621
13439,0.0,0.0,181.621
13440,0.0,0.0,181.621
13441,0.0,0.0,181.621
13442,0.0,0.0,181.621
13443,14.3,0.894,181.621
13444,100.0,6.25,181.621
13445,75.0,4.688,181.621
13446,100.0,6.25,181.621
13447,88.7,5.544,181.621
13448,112.5,7.031,181.621
13449,0.0,0.0,181.621
13450,0.0,0.0,181.621
13451,0.0,0.0,181.621
13452,14.2,0.887,181.621
13453,0.0,0.0,181.621
13454,0.0,0.0,181.621
13455,0.0,0.0,181.621
13456,0.0,0.0,181.621
13457,0.0,0.0,181.621
13458,12.5,0.781,181.625
13459,0.0,0.0,181.625
13460,0.0,0.0,181.625
13461,0.0,0.0,181.625
13462,0.0,0.0,181.625
13463,0.0,0.0,181.625
13464,0.0,0.0,181.625
13465,0.0,0.0,181.629
13466,14.2,0.887,181.629
13467,0.0,0.0,181.629
13468,0.0,0.0,181.629
13469,0.0,0.0,181.629
13470,0.0,0.0,181.629
13471,14.2,0.887,181.645
13472,0.0,0.0,181.645
13473,0.0,0.0,181.645
13474,57.3,3.581,181.688
13475,75.0,4.688,181.688
13476,100.3,6.269,181.688
13477,85.2,5.325,181.688
13478,0.0,0.0,181.688
13479,0.0,0.0,181.688
13480,0.0,0.0,181.688
13481,0.0,0.0,181.688
13482,14.3,0.894,181.688
13483,86.0,5.375,181.688
13484,77.6,4.85,181.688
13485,100.0,6.25,181.688
13486,14.3,0.894,181.688
13487,0.0,0.0,181.688
13488,0.0,0.0,181.688
13489,0.0,0.0,181.688
13490,14.2,0.887,181.691
13491,0.0,0.0,181.691
13492,0.0,0.0,181.691
13493,0.0,0.0,181.691
13494,0.0,0.0,181.691
13495,0.0,0.0,181.691
13496,0.0,0.0,181.691
13497,0.0,0.0,181.691
13498,14.2,0.887,181.691
13499,0.0,0.0,181.691
13500,0.0,0.0,181.691
13501,0.0,0.0,181.691
13502,0.0,0.0,181.691
13503,0.0,0.0,181.691
13504,0.0,0.0,181.859
13505,14.3,0.894,182.105
13506,14.2,0.887,182.105
13507,71.7,4.481,186.43
13508,100.0,6.25,186.465
13509,14.3,0.894,183.035
13510,0.0,0.0,183.035
13511,0.0,0.0,183.035
13512,0.0,0.0,183.035
13513,0.0,0.0,183.035
13514,0.0,0.0,183.035
13515,0.0,0.0,183.035
13516,0.0,0.0,183.035
13517,0.0,0.0,183.035
13518,0.0,0.0,183.035
13519,0.0,0.0,183.035
13520,0.0,0.0,183.035
13521,0.0,0.0,183.035
13522,0.0,0.0,183.035
13523,0.0,0.0,183.035
13524,0.0,0.0,183.035
13525,0.0,0.0,183.035
13526,0.0,0.0,183.035
13527,0.0,0.0,183.035
13528,0.0,0.0,183.035
13529,0.0,0.0,183.035
13530,0.0,0.0,183.035
13531,0.0,0.0,183.035
13532,0.0,0.0,183.035
13533,0.0,0.0,183.039
13534,14.3,0.894,183.039
13535,0.0,0.0,183.039
13536,0.0,0.0,183.039
13537,0.0,0.0,183.039
13538,0.0,0.0,183.039
13539,0.0,0.0,183.039
13540,14.3,0.894,183.039
13541,16.6,1.038,183.043
13542,0.0,0.0,187.363
13543,100.3,6.269,187.363
13544,87.5,5.469,184.824
13545,112.5,7.031,185.324
13546,87.5,5.469,185.324
13547,99.4,6.213,185.324
13548,57.3,3.581,185.324
13549,0.0,0.0,185.324
13550,62.5,3.906,185.324
13551,87.5,5.469,185.324
13552,100.3,6.269,185.324
13553,100.3,6.269,185.324
13554,14.2,0.887,185.324
13555,14.3,0.894,185.324
13556,62.5,3.906,185.332
13557,100.0,6.25,185.332
13558,116.4,7.275,185.332
13559,0.0,0.0,185.332
13560,0.0,0.0,185.332
13561,0.0,0.0,185.332
13562,0.0,0.0,185.332
13563,0.0,0.0,185.332
13564,0.0,0.0,185.332
13565,0.0,0.0,185.332
13566,0.0,0.0,185.332
13567,0.0,0.0,185.332
13568,0.0,0.0,185.332
13569,0.0,0.0,185.332
13570,0.0,0.0,185.332
13571,0.0,0.0,185.332
13572,0.0,0.0,185.332
13573,0.0,0.0,185.332
13574,0.0,0.0,185.332
13575,0.0,0.0,185.332
13576,0.0,0.0,185.332
13577,0.0,0.0,185.332
13578,0.0,0.0,185.332
13579,0.0,0.0,185.332
13580,0.0,0.0,185.332
13581,0.0,0.0,185.332
13582,0.0,0.0,185.332
13583,0.0,0.0,185.332
13584,0.0,0.0,185.332
13585,0.0,0.0,185.332
13586,0.0,0.0,185.332
13587,0.0,0.0,185.332
13588,0.0,0.0,185.332
13589,0.0,0.0,185.332
13590,0.0,0.0,185.332
13591,0.0,0.0,185.332
13592,0.0,0.0,185.332
13593,0.0,0.0,185.332
13594,0.0,0.0,185.332
13595,0.0,0.0,185.332
13596,0.0,0.0,185.332
13597,0.0,0.0,185.332
13598,0.0,0.0,185.332
13599,0.0,0.0,185.332
13600,0.0,0.0,185.332
13601,0.0,0.0,185.332
13602,0.0,0.0,185.332
13603,0.0,0.0,185.332
13604,0.0,0.0,185.332
13605,0.0,0.0,185.332
13606,0.0,0.0,185.332
13607,0.0,0.0,185.332
13608,0.0,0.0,185.332
13609,0.0,0.0,185.332
13610,0.0,0.0,185.332
13611,0.0,0.0,185.332
13612,0.0,0.0,185.332
13613,0.0,0.0,185.332
13614,0.0,0.0,185.332
13615,0.0,0.0,185.332
13616,0.0,0.0,185.332
13617,0.0,0.0,185.332
13618,0.0,0.0,185.332
13619,0.0,0.0,185.332
13620,0.0,0.0,185.332
13621,0.0,0.0,185.332
13622,0.0,0.0,185.332
13623,0.0,0.0,185.332
13624,0.0,0.0,185.332
13625,0.0,0.0,185.332
13626,0.0,0.0,185.332
13627,0.0,0.0,185.332
13628,0.0,0.0,185.332
13629,0.0,0.0,185.332
13630,0.0,0.0,185.332
13631,0.0,0.0,185.332
13632,0.0,0.0,185.332
13633,0.0,0.0,185.332
13634,0.0,0.0,185.332
13635,0.0,0.0,185.332
13636,14.3,0.894,185.332
13637,0.0,0.0,185.332
13638,0.0,0.0,185.332
13639,0.0,0.0,185.332
13640,0.0,0.0,185.332
13641,0.0,0.0,185.332
13642,0.0,0.0,185.332
13643,0.0,0.0,185.332
13644,0.0,0.0,185.332
13645,0.0,0.0,185.332
13646,0.0,0.0,185.332
13647,0.0,0.0,185.332
13648,0.0,0.0,185.332
13649,0.0,0.0,185.332
13650,0.0,0.0,185.332
13651,0.0,0.0,185.332
13652,0.0,0.0,185.332
13653,0.0,0.0,185.332
13654,0.0,0.0,185.332
13655,0.0,0.0,185.332
13656,0.0,0.0,185.332
13657,0.0,0.0,185.332
13658,0.0,0.0,185.332
13659,0.0,0.0,185.332
13660,14.3,0.894,185.332
13661,0.0,0.0,185.332
13662,0.0,0.0,185.332
13663,0.0,0.0,185.332
13664,0.0,0.0,185.332
13665,0.0,0.0,185.332
13666,0.0,0.0,185.332
13667,0.0,0.0,185.332
13668,0.0,0.0,185.332
13669,0.0,0.0,185.332
13670,0.0,0.0,185.332
13671,0.0,0.0,185.332
13672,0.0,0.0,185.332
13673,0.0,0.0,185.332
13674,0.0,0.0,185.332
13675,0.0,0.0,185.332
13676,0.0,0.0,185.332
13677,0.0,0.0,185.332
13678,0.0,0.0,185.332
13679,0.0,0.0,185.332
13680,0.0,0.0,185.332
13681,0.0,0.0,185.332
13682,0.0,0.0,185.332
13683,0.0,0.0,185.332
13684,0.0,0.0,185.332
13685,0.0,0.0,185.332
13686,0.0,0.0,185.332
13687,0.0,0.0,185.332
13688,0.0,0.0,185.332
13689,0.0,0.0,185.332
13690,0.0,0.0,185.332
13691,0.0,0.0,185.332
13692,0.0,0.0,185.332
13693,0.0,0.0,185.332
13694,0.0,0.0,185.332
13695,0.0,0.0,185.332
13696,0.0,0.0,185.332
13697,0.0,0.0,185.332
13698,0.0,0.0,185.332
13699,0.0,0.0,185.332
13700,0.0,0.0,185.332
13701,14.2,0.887,185.332
13702,0.0,0.0,185.332
13703,0.0,0.0,185.332
13704,0.0,0.0,185.332
13705,0.0,0.0,185.332
13706,0.0,0.0,185.332
13707,0.0,0.0,185.332
13708,0.0,0.0,185.332
13709,0.0,0.0,185.332
13710,14.2,0.887,185.332
13711,0.0,0.0,185.332
13712,0.0,0.0,185.332
13713,0.0,0.0,185.332
13714,0.0,0.0,185.332
13715,0.0,0.0,185.332
13716,0.0,0.0,185.332
13717,0.0,0.0,185.332
13718,0.0,0.0,185.332
13719,0.0,0.0,185.332
13720,0.0,0.0,185.332
13721,0.0,0.0,185.332
13722,0.0,0.0,185.332
13723,0.0,0.0,185.332
13724,0.0,0.0,185.332
13725,0.0,0.0,185.332
13726,0.0,0.0,185.332
13727,0.0,0.0,185.332
13728,0.0,0.0,185.332
13729,0.0,0.0,185.332
13730,0.0,0.0,185.332
13731,0.0,0.0,185.332
13732,0.0,0.0,185.332
13733,0.0,0.0,185.332
13734,0.0,0.0,185.332
13735,0.0,0.0,185.332
13736,0.0,0.0,185.332
13737,0.0,0.0,185.332
13738,0.0,0.0,185.332
13739,0.0,0.0,185.332
13740,0.0,0.0,185.332
13741,0.0,0.0,185.332
13742,0.0,0.0,185.332
13743,0.0,0.0,185.332
13744,0.0,0.0,185.332
13745,0.0,0.0,185.332
13746,0.0,0.0,185.332
13747,0.0,0.0,185.332
13748,0.0,0.0,185.332
13749,0.0,0.0,185.332
13750,0.0,0.0,185.332
13751,0.0,0.0,185.332
13752,0.0,0.0,185.332
13753,0.0,0.0,185.332
13754,0.0,0.0,185.332
13755,0.0,0.0,185.332
13756,0.0,0.0,185.332
13757,0.0,0.0,185.332
13758,0.0,0.0,185.332
13759,0.0,0.0,185.332
13760,0.0,0.0,185.332
13761,0.0,0.0,185.332
13762,0.0,0.0,185.332
13763,25.0,1.562,185.332
13764,62.5,3.906,185.332
13765,75.0,4.688,185.332
13766,87.5,5.469,185.332
13767,100.0,6.25,185.332
13768,28.7,1.794,185.332
13769,0.0,0.0,185.332
13770,0.0,0.0,185.332
13771,12.5,0.781,185.332
13772,14.3,0.894,185.332
13773,0.0,0.0,185.332
13774,0.0,0.0,185.332
13775,0.0,0.0,185.332
13776,0.0,0.0,185.332
13777,0.0,0.0,185.332
13778,14.3,0.894,185.332
13779,0.0,0.0,185.332
13780,0.0,0.0,185.332
13781,14.3,0.894,185.332
13782,0.0,0.0,185.332
13783,0.0,0.0,185.332
13784,0.0,0.0,185.332
13785,0.0,0.0,185.332
13786,0.0,0.0,185.332
13787,0.0,0.0,185.332
13788,0.0,0.0,185.332
13789,28.7,1.794,185.344
13790,14.3,0.894,185.344
13791,0.0,0.0,185.344
13792,0.0,0.0,185.344
13793,0.0,0.0,185.344
13794,0.0,0.0,185.344
13795,0.0,0.0,185.344
13796,0.0,0.0,185.344
13797,28.4,1.775,185.344
13798,0.0,0.0,185.344
13799,0.0,0.0,185.344
13800,0.0,0.0,185.344
13801,0.0,0.0,185.344
13802,0.0,0.0,185.344
13803,0.0,0.0,185.344
13804,22.3,1.394,185.344
13805,75.0,4.688,185.348
13806,50.0,3.125,185.348
13807,87.5,5.469,185.348
13808,100.0,6.25,185.348
13809,100.0,6.25,185.348
13810,71.0,4.438,185.348
13811,0.0,0.0,185.348
13812,0.0,0.0,185.348
13813,0.0,0.0,185.348
13814,12.5,0.781,185.348
13815,0.0,0.0,185.348
13816,0.0,0.0,185.348
13817,0.0,0.0,185.348
13818,0.0,0.0,185.348
13819,0.0,0.0,185.348
13820,0.0,0.0,185.348
13821,0.0,0.0,185.348
13822,0.0,0.0,185.348
13823,12.5,0.781,185.348
13824,0.0,0.0,185.348
13825,0.0,0.0,185.348
13826,0.0,0.0,185.348
13827,0.0,0.0,185.348
13828,14.2,0.887,185.383
13829,0.0,0.0,185.383
13830,0.0,0.0,185.383
13831,0.0,0.0,185.383
13832,0.0,0.0,185.383
13833,0.0,0.0,185.383
13834,0.0,0.0,185.383
13835,0.0,0.0,185.383
13836,0.0,0.0,185.383
13837,0.0,0.0,185.383
13838,0.0,0.0,185.398
13839,0.0,0.0,185.398
13840,0.0,0.0,185.398
13841,0.0,0.0,185.398
13842,0.0,0.0,185.398
13843,14.3,0.894,185.551
13844,14.3,0.894,185.559
13845,0.0,0.0,185.559
13846,0.0,0.0,185.559
13847,0.0,0.0,185.559
13848,0.0,0.0,185.559
13849,12.5,0.781,185.559
13850,0.0,0.0,185.559
13851,0.0,0.0,185.559
13852,37.5,2.344,185.699
13853,80.1,5.006,183.926
13854,86.0,5.375,181.562
13855,14.2,0.887,181.582
13856,14.3,0.894,181.602
13857,0.0,0.0,181.602
13858,0.0,0.0,181.602
13859,25.0,1.562,182.16
13860,0.0,0.0,182.16
13861,42.6,2.663,182.758
13862,0.0,0.0,182.949
13863,0.0,0.0,182.949
13864,0.0,0.0,182.949
13865,0.0,0.0,182.949
13866,0.0,0.0,182.949
13867,0.0,0.0,182.949
13868,0.0,0.0,182.949
13869,0.0,0.0,182.949
13870,0.0,0.0,182.949
13871,28.7,1.794,183.715
13872,0.0,0.0,183.719
13873,0.0,0.0,183.719
13874,0.0,0.0,183.719
13875,0.0,0.0,183.719
13876,14.2,0.887,183.727
13877,0.0,0.0,183.727
13878,0.0,0.0,183.727
13879,25.0,1.562,184.934
13880,99.4,6.213,185.062
13881,87.5,5.469,185.062
13882,87.5,5.469,185.23
13883,100.0,6.25,185.285
13884,100.0,6.25,185.285
13885,43.0,2.688,185.285
13886,0.0,0.0,185.285
13887,0.0,0.0,185.285
13888,0.0,0.0,185.285
13889,0.0,0.0,185.285
13890,0.0,0.0,185.285
13891,0.0,0.0,185.285
13892,14.3,0.894,185.285
13893,0.0,0.0,185.285
13894,0.0,0.0,185.285
13895,0.0,0.0,185.285
13896,12.5,0.781,185.285
13897,0.0,0.0,185.285
13898,0.0,0.0,185.285
13899,0.0,0.0,185.285
13900,0.0,0.0,185.285
13901,0.0,0.0,185.285
13902,0.0,0.0,185.285
13903,0.0,0.0,185.285
13904,0.0,0.0,185.285
13905,0.0,0.0,185.285
13906,0.0,0.0,185.285
13907,14.3,0.894,185.285
13908,0.0,0.0,185.285
13909,0.0,0.0,185.285
13910,0.0,0.0,185.285
13911,0.0,0.0,185.285
13912,14.3,0.894,185.285
13913,0.0,0.0,185.285
13914,0.0,0.0,185.285
13915,0.0,0.0,185.285
13916,14.3,0.894,185.285
13917,0.0,0.0,185.285
13918,25.0,1.562,185.285
13919,100.0,6.25,185.406
13920,75.0,4.688,185.406
13921,87.5,5.469,185.406
13922,87.5,5.469,185.406
13923,66.5,4.156,185.406
13924,100.0,6.25,185.406
13925,14.3,0.894,185.406
13926,0.0,0.0,185.406
13927,0.0,0.0,185.406
13928,28.4,1.775,185.406
13929,0.0,0.0,185.406
13930,0.0,0.0,185.406
13931,0.0,0.0,185.406
13932,0.0,0.0,185.406
13933,50.0,3.125,185.406
13934,43.0,2.688,185.406
13935,0.0,0.0,185.406
13936,0.0,0.0,185.406
13937,0.0,0.0,185.406
13938,0.0,0.0,185.406
13939,50.0,3.125,185.406
13940,100.0,6.25,185.406
13941,87.5,5.469,185.406
13942,100.0,6.25,185.406
13943,62.5,3.906,185.406
13944,100.0,6.25,185.406
13945,50.0,3.125,185.406
13946,0.0,0.0,185.406
13947,0.0,0.0,185.406
13948,0.0,0.0,185.406
13949,0.0,0.0,185.406
13950,14.3,0.894,185.406
13951,0.0,0.0,185.406
13952,0.0,0.0,185.406
13953,0.0,0.0,185.406
13954,0.0,0.0,185.406
13955,14.3,0.894,185.406
13956,0.0,0.0,185.406
13957,14.2,0.887,185.406
13958,0.0,0.0,185.406
13959,0.0,0.0,185.406
13960,0.0,0.0,185.406
13961,0.0,0.0,185.406
13962,0.0,0.0,185.406
13963,0.0,0.0,185.406
13964,0.0,0.0,185.406
13965,0.0,0.0,185.406
13966,0.0,0.0,185.406
13967,0.0,0.0,185.406
13968,0.0,0.0,185.406
13969,0.0,0.0,185.406
13970,0.0,0.0,185.406
13971,0.0,0.0,185.406
13972,0.0,0.0,185.406
13973,0.0,0.0,185.406
13974,0.0,0.0,185.406
13975,0.0,0.0,185.406
13976,0.0,0.0,185.406
13977,0.0,0.0,185.406
13978,0.0,0.0,185.406
13979,14.3,0.894,185.406
13980,0.0,0.0,185.406
13981,0.0,0.0,185.406
13982,0.0,0.0,185.406
13983,0.0,0.0,185.406
13984,0.0,0.0,185.406
13985,0.0,0.0,185.406
13986,0.0,0.0,185.406
13987,0.0,0.0,185.406
13988,0.0,0.0,185.406
13989,0.0,0.0,185.406
13990,0.0,0.0,185.406
13991,0.0,0.0,185.406
13992,0.0,0.0,185.406
13993,44.6,2.788,185.414
13994,100.0,6.25,185.543
13995,42.6,2.663,185.543
13996,0.0,0.0,185.543
13997,0.0,0.0,185.543
13998,0.0,0.0,185.543
13999,0.0,0.0,185.547
14000,0.0,0.0,185.547
14001,0.0,0.0,185.551
14002,0.0,0.0,185.551
14003,0.0,0.0,185.551
14004,0.0,0.0,185.551
14005,0.0,0.0,185.551
14006,0.0,0.0,185.551
14007,0.0,0.0,185.551
14008,0.0,0.0,185.551
14009,0.0,0.0,185.551
14010,0.0,0.0,185.551
14011,0.0,0.0,185.551
14012,0.0,0.0,185.551
14013,0.0,0.0,185.551
14014,0.0,0.0,185.551
14015,0.0,0.0,185.551
14016,0.0,0.0,185.551
14017,0.0,0.0,185.551
14018,0.0,0.0,185.551
14019,0.0,0.0,185.551
14020,0.0,0.0,185.551
14021,0.0,0.0,185.551
14022,0.0,0.0,185.551
14023,0.0,0.0,185.551
14024,0.0,0.0,185.551
14025,0.0,0.0,185.551
14026,0.0,0.0,185.551
14027,0.0,0.0,185.551
14028,0.0,0.0,185.559
14029,0.0,0.0,185.559
14030,62.5,3.906,185.73
14031,100.0,6.25,185.73
14032,100.0,6.25,185.746
14033,100.0,6.25,185.879
14034,100.0,6.25,185.879
14035,75.0,4.688,185.879
14036,28.7,1.794,185.879
14037,0.0,0.0,185.879
14038,0.0,0.0,185.879
14039,28.7,1.794,185.879
14040,0.0,0.0,185.879
14041,0.0,0.0,185.879
14042,14.3,0.894,185.879
14043,0.0,0.0,185.879
14044,0.0,0.0,185.879
14045,0.0,0.0,185.879
14046,0.0,0.0,185.879
14047,0.0,0.0,185.879
14048,0.0,0.0,185.879
14049,0.0,0.0,185.879
14050,0.0,0.0,185.879
14051,0.0,0.0,185.879
14052,0.0,0.0,185.887
14053,0.0,0.0,185.887
14054,0.0,0.0,185.887
14055,0.0,0.0,185.887
14056,0.0,0.0,185.887
14057,0.0,0.0,185.887
14058,0.0,0.0,185.887
14059,75.0,4.688,186.645
14060,42.6,2.663,186.691
14061,14.3,0.894,186.691
14062,0.0,0.0,186.691
14063,0.0,0.0,186.691
14064,0.0,0.0,186.691
14065,0.0,0.0,186.691
14066,14.2,0.887,186.691
14067,0.0,0.0,186.691
14068,0.0,0.0,186.691
14069,0.0,0.0,186.691
14070,0.0,0.0,186.691
14071,0.0,0.0,186.691
14072,0.0,0.0,186.691
14073,14.3,0.894,186.695
14074,0.0,0.0,186.695
14075,0.0,0.0,186.695
14076,0.0,0.0,186.695
14077,0.0,0.0,186.695
14078,0.0,0.0,186.695
14079,14.3,0.894,186.695
14080,0.0,0.0,186.695
14081,44.6,2.788,187.344
14082,110.8,6.925,187.344
14083,87.5,5.469,181.605
14084,112.5,7.031,182.105
14085,100.0,6.25,182.301
14086,100.0,6.25,182.301
14087,100.0,6.25,182.301
14088,57.3,3.581,182.301
14089,0.0,0.0,182.301
14090,0.0,0.0,182.301
14091,14.3,0.894,182.301
14092,14.3,0.894,182.359
14093,14.2,0.887,182.363
14094,0.0,0.0,182.363
14095,0.0,0.0,182.363
14096,0.0,0.0,182.363
14097,0.0,0.0,182.363
14098,0.0,0.0,182.363
14099,0.0,0.0,182.363
14100,0.0,0.0,182.363
14101,0.0,0.0,182.363
14102,0.0,0.0,182.363
14103,14.3,0.894,182.375
14104,0.0,0.0,182.391
14105,0.0,0.0,182.391
14106,0.0,0.0,182.391
14107,0.0,0.0,182.391
14108,0.0,0.0,182.391
14109,0.0,0.0,182.391
14110,0.0,0.0,182.391
14111,0.0,0.0,182.391
14112,0.0,0.0,182.391
14113,0.0,0.0,182.391
14114,75.0,4.688,182.41
14115,88.7,5.544,182.41
14116,100.0,6.25,182.41
14117,100.0,6.25,182.41
14118,114.7,7.169,182.41
14119,0.0,0.0,182.41
14120,0.0,0.0,182.41
14121,0.0,0.0,182.438
14122,28.4,1.775,182.449
14123,25.0,1.562,182.457
14124,0.0,0.0,182.457
14125,0.0,0.0,182.457
14126,100.0,6.25,182.461
14127,100.0,6.25,182.496
14128,100.0,6.25,182.496
14129,100.0,6.25,182.496
14130,25.0,1.562,182.496
14131,42.6,2.663,182.512
14132,0.0,0.0,182.512
14133,0.0,0.0,182.512
14134,0.0,0.0,182.512
14135,14.3,0.894,182.633
14136,0.0,0.0,182.633
14137,0.0,0.0,182.645
14138,0.0,0.0,182.645
14139,0.0,0.0,183.039
14140,0.0,0.0,183.336
14141,43.0,2.688,185.258
14142,14.3,0.894,185.258
14143,0.0,0.0,185.258
14144,0.0,0.0,185.258
14145,0.0,0.0,185.258
14146,0.0,0.0,185.258
14147,0.0,0.0,185.258
14148,0.0,0.0,185.258
14149,0.0,0.0,185.258
14150,0.0,0.0,185.258
14151,0.0,0.0,185.258
14152,0.0,0.0,185.258
14153,0.0,0.0,185.258
14154,0.0,0.0,185.258
14155,0.0,0.0,185.258
14156,28.4,1.775,185.27
14157,14.3,0.894,185.273
14158,28.7,1.794,185.285
14159,0.0,0.0,185.285
14160,14.3,0.894,185.453
14161,62.5,3.906,185.816
14162,100.0,6.25,185.816
14163,62.5,3.906,185.816
14164,0.0,0.0,185.816
14165,0.0,0.0,185.816
14166,0.0,0.0,185.816
14167,14.2,0.887,185.816
14168,0.0,0.0,185.816
14169,12.5,0.781,185.816
14170,0.0,0.0,185.816
14171,0.0,0.0,185.816
14172,0.0,0.0,185.816
14173,0.0,0.0,185.816
14174,0.0,0.0,185.816
14175,43.0,2.688,186.062
14176,12.5,0.781,186.062
14177,0.0,0.0,186.062
14178,0.0,0.0,186.062
14179,0.0,0.0,186.062
14180,0.0,0.0,186.086
14181,50.0,3.125,186.172
14182,28.7,1.794,186.207
14183,0.0,0.0,186.207
14184,0.0,0.0,186.207
14185,0.0,0.0,186.207
14186,0.0,0.0,186.207
14187,14.2,0.887,186.207
14188,0.0,0.0,186.207
14189,0.0,0.0,186.207
14190,0.0,0.0,186.242
14191,25.0,1.562,186.246
14192,50.0,3.125,186.27
14193,87.5,5.469,186.27
14194,0.0,0.0,186.27
14195,14.3,0.894,186.27
14196,0.0,0.0,186.27
14197,0.0,0.0,186.27
14198,0.0,0.0,186.27
14199,0.0,0.0,186.27
14200,0.0,0.0,186.27
14201,0.0,0.0,186.27
14202,0.0,0.0,186.27
14203,14.3,0.894,186.27
14204,0.0,0.0,186.27
14205,0.0,0.0,186.27
14206,0.0,0.0,186.27
14207,0.0,0.0,186.27
14208,0.0,0.0,186.27
14209,12.5,0.781,186.27
14210,0.0,0.0,186.27
14211,14.3,0.894,186.27
14212,62.5,3.906,186.27
14213,100.0,6.25,186.27
14214,87.5,5.469,186.27
14215,100.0,6.25,186.27
14216,100.0,6.25,186.27
14217,62.5,3.906,186.27
14218,0.0,0.0,186.27
14219,28.7,1.794,186.27
14220,14.3,0.894,186.27
14221,0.0,0.0,186.27
14222,14.3,0.894,186.273
14223,14.2,0.887,186.273
14224,0.0,0.0,186.273
14225,0.0,0.0,186.273
14226,50.0,3.125,186.277
14227,62.5,3.906,186.277
14228,43.0,2.688,186.277
14229,14.2,0.887,186.277
14230,0.0,0.0,186.277
14231,0.0,0.0,186.277
14232,0.0,0.0,186.277
14233,0.0,0.0,186.277
14234,14.3,0.894,186.277
14235,0.0,0.0,186.277
14236,0.0,0.0,186.277
14237,0.0,0.0,186.277
14238,14.3,0.894,186.277
14239,14.2,0.887,186.277
14240,0.0,0.0,186.277
14241,0.0,0.0,186.277
14242,0.0,0.0,186.277
14243,0.0,0.0,186.277
14244,0.0,0.0,186.277
14245,0.0,0.0,186.277
14246,0.0,0.0,186.277
14247,0.0,0.0,186.277
14248,100.0,6.25,186.277
14249,100.0,6.25,186.277
14250,87.5,5.469,186.277
14251,86.0,5.375,186.277
14252,0.0,0.0,186.277
14253,0.0,0.0,186.277
14254,0.0,0.0,186.277
14255,0.0,0.0,186.277
14256,0.0,0.0,186.277
14257,0.0,0.0,186.277
14258,0.0,0.0,186.277
14259,0.0,0.0,186.277
14260,0.0,0.0,186.277
14261,0.0,0.0,186.277
14262,0.0,0.0,186.277
14263,0.0,0.0,186.277
14264,0.0,0.0,186.277
14265,0.0,0.0,186.277
14266,0.0,0.0,186.277
14267,0.0,0.0,186.277
14268,14.2,0.887,186.277
14269,0.0,0.0,186.277
14270,0.0,0.0,186.277
14271,0.0,0.0,186.277
14272,0.0,0.0,186.277
14273,0.0,0.0,186.277
14274,0.0,0.0,186.277
14275,14.2,0.887,186.277
14276,0.0,0.0,186.277
14277,0.0,0.0,186.277
14278,0.0,0.0,186.277
14279,0.0,0.0,186.277
14280,0.0,0.0,186.277
14281,0.0,0.0,186.277
14282,0.0,0.0,186.277
14283,0.0,0.0,186.277
14284,0.0,0.0,186.277
14285,0.0,0.0,186.277
14286,28.4,1.775,186.289
14287,0.0,0.0,186.289
14288,0.0,0.0,186.289
14289,0.0,0.0,186.289
14290,0.0,0.0,186.289
14291,0.0,0.0,186.289
14292,0.0,0.0,186.289
14293,0.0,0.0,186.289
14294,0.0,0.0,186.289
14295,0.0,0.0,186.289
14296,0.0,0.0,186.289
14297,0.0,0.0,186.289
14298,0.0,0.0,186.289
14299,0.0,0.0,186.289
14300,0.0,0.0,186.289
14301,0.0,0.0,186.289
14302,0.0,0.0,186.289
14303,0.0,0.0,186.289
14304,0.0,0.0,186.289
14305,75.0,4.688,186.289
14306,100.0,6.25,186.289
14307,100.0,6.25,186.289
14308,88.7,5.544,186.289
14309,71.7,4.481,186.445
14310,0.0,0.0,186.445
14311,0.0,0.0,186.445
14312,0.0,0.0,186.445
14313,14.2,0.887,186.445
14314,14.3,0.894,186.445
14315,0.0,0.0,186.445
14316,0.0,0.0,186.445
14317,62.5,3.906,186.449
14318,62.5,3.906,186.461
14319,0.0,0.0,186.461
14320,0.0,0.0,186.461
14321,14.2,0.887,186.461
14322,14.3,0.894,186.488
14323,0.0,0.0,186.488
14324,77.6,4.85,186.488
14325,100.0,6.25,186.496
14326,100.0,6.25,186.496
14327,100.0,6.25,186.496
14328,71.7,4.481,186.496
14329,0.0,0.0,186.496
14330,0.0,0.0,186.496
14331,0.0,0.0,186.496
14332,0.0,0.0,186.496
14333,0.0,0.0,186.496
14334,14.3,0.894,186.496
14335,0.0,0.0,186.496
14336,0.0,0.0,186.496
14337,0.0,0.0,186.496
14338,0.0,0.0,186.496
14339,0.0,0.0,186.496
14340,0.0,0.0,186.496
14341,0.0,0.0,186.496
14342,14.2,0.887,186.496
14343,0.0,0.0,186.496
14344,0.0,0.0,186.496
14345,0.0,0.0,186.496
14346,0.0,0.0,186.496
14347,0.0,0.0,186.496
14348,0.0,0.0,186.496
14349,0.0,0.0,186.496
14350,0.0,0.0,186.496
14351,0.0,0.0,186.496
14352,50.0,3.125,186.496
14353,100.0,6.25,186.496
14354,100.0,6.25,186.496
14355,100.0,6.25,186.496
14356,87.5,5.469,186.496
14357,16.6,1.038,186.496
14358,0.0,0.0,186.496
14359,0.0,0.0,186.496
14360,0.0,0.0,186.496
14361,0.0,0.0,186.496
14362,0.0,0.0,186.496
14363,0.0,0.0,186.496
14364,0.0,0.0,186.496
14365,0.0,0.0,186.496
14366,0.0,0.0,186.496
14367,0.0,0.0,186.496
14368,0.0,0.0,186.496
14369,0.0,0.0,186.496
14370,0.0,0.0,186.496
14371,14.2,0.887,186.496
14372,0.0,0.0,186.496
14373,0.0,0.0,186.496
14374,0.0,0.0,186.496
14375,0.0,0.0,186.496
14376,14.3,0.894,186.496
14377,0.0,0.0,186.496
14378,0.0,0.0,186.496
14379,0.0,0.0,186.496
14380,0.0,0.0,186.496
14381,0.0,0.0,186.496
14382,0.0,0.0,186.496
14383,0.0,0.0,186.496
14384,0.0,0.0,186.496
14385,0.0,0.0,186.496
14386,0.0,0.0,186.496
14387,0.0,0.0,186.496
14388,0.0,0.0,186.496
14389,0.0,0.0,186.496
14390,0.0,0.0,186.496
14391,0.0,0.0,186.496
14392,0.0,0.0,186.496
14393,0.0,0.0,186.496
14394,0.0,0.0,186.496
14395,0.0,0.0,186.496
14396,0.0,0.0,186.496
14397,0.0,0.0,186.496
14398,0.0,0.0,186.496
14399,0.0,0.0,186.496
14400,42.6,2.663,186.496
14401,0.0,0.0,186.5
14402,87.5,5.469,187.398
14403,100.0,6.25,187.418
14404,71.7,4.481,186.281
14405,0.0,0.0,186.281
14406,0.0,0.0,186.281
14407,0.0,0.0,186.281
14408,0.0,0.0,186.281
14409,0.0,0.0,186.281
14410,0.0,0.0,186.281
14411,0.0,0.0,186.281
14412,0.0,0.0,186.281
14413,0.0,0.0,186.281
14414,0.0,0.0,186.281
14415,0.0,0.0,186.281
14416,0.0,0.0,186.281
14417,28.4,1.775,186.281
14418,0.0,0.0,186.324
14419,87.5,5.469,187.301
14420,87.5,5.469,186.344
14421,88.7,5.544,186.398
14422,62.5,3.906,186.398
14423,87.5,5.469,186.398
14424,87.5,5.469,186.398
14425,43.0,2.688,186.398
14426,14.3,0.894,186.398
14427,0.0,0.0,186.398
14428,0.0,0.0,186.398
14429,12.5,0.781,186.402
14430,14.3,0.894,186.402
14431,14.2,0.887,186.402
14432,0.0,0.0,186.402
14433,62.5,3.906,186.402
14434,77.6,4.85,186.41
14435,16.6,1.038,186.41
14436,0.0,0.0,186.41
14437,0.0,0.0,186.41
14438,0.0,0.0,186.41
14439,0.0,0.0,186.41
14440,14.3,0.894,186.41
14441,0.0,0.0,186.41
14442,0.0,0.0,186.41
14443,0.0,0.0,186.41
14444,0.0,0.0,186.41
14445,0.0,0.0,186.41
14446,0.0,0.0,186.41
14447,0.0,0.0,186.41
14448,25.0,1.562,186.41
14449,0.0,0.0,186.41
14450,0.0,0.0,186.41
14451,0.0,0.0,186.41
14452,0.0,0.0,186.41
14453,0.0,0.0,186.41
14454,0.0,0.0,186.41
14455,0.0,0.0,186.41
14456,87.5,5.469,186.41
14457,75.0,4.688,186.41
14458,78.1,4.881,186.41
14459,87.5,5.469,186.41
14460,62.5,3.906,186.41
14461,87.5,5.469,186.41
14462,14.2,0.887,186.41
14463,14.3,0.894,186.41
14464,14.3,0.894,186.41
14465,0.0,0.0,186.41
14466,0.0,0.0,186.41
14467,0.0,0.0,186.41
14468,0.0,0.0,186.41
14469,0.0,0.0,186.41
14470,0.0,0.0,186.41
14471,0.0,0.0,186.41
14472,0.0,0.0,186.41
14473,14.3,0.894,186.434
14474,0.0,0.0,186.434
14475,0.0,0.0,186.434
14476,0.0,0.0,186.434
14477,0.0,0.0,186.434
14478,0.0,0.0,186.434
14479,0.0,0.0,186.434
14480,0.0,0.0,186.445
14481,30.0,1.875,186.613
14482,50.0,3.125,186.68
14483,0.0,0.0,186.68
14484,0.0,0.0,186.68
14485,0.0,0.0,186.68
14486,0.0,0.0,186.68
14487,0.0,0.0,186.68
14488,0.0,0.0,186.68
14489,28.7,1.794,186.68
14490,14.2,0.887,186.68
14491,0.0,0.0,186.68
14492,0.0,0.0,186.68
14493,0.0,0.0,186.68
14494,0.0,0.0,186.68
14495,0.0,0.0,186.68
14496,0.0,0.0,186.68
14497,12.5,0.781,186.68
14498,91.4,5.713,186.75
14499,75.0,4.688,182.328
14500,71.0,4.438,182.371
14501,75.0,4.688,182.371
14502,57.3,3.581,182.371
14503,0.0,0.0,182.371
14504,0.0,0.0,182.371
14505,28.7,1.794,182.395
14506,0.0,0.0,182.395
14507,0.0,0.0,182.395
14508,0.0,0.0,182.395
14509,0.0,0.0,182.395
14510,0.0,0.0,182.395
14511,0.0,0.0,182.395
14512,0.0,0.0,182.395
14513,14.3,0.894,182.395
14514,0.0,0.0,182.395
14515,0.0,0.0,182.395
14516,14.3,0.894,182.418
14517,0.0,0.0,182.418
14518,0.0,0.0,182.418
14519,0.0,0.0,182.418
14520,0.0,0.0,182.418
14521,0.0,0.0,182.418
14522,0.0,0.0,182.418
14523,0.0,0.0,182.418
14524,0.0,0.0,182.418
14525,0.0,0.0,182.418
14526,0.0,0.0,182.418
14527,0.0,0.0,182.418
14528,0.0,0.0,182.418
14529,14.2,0.887,182.426
14530,0.0,0.0,182.426
14531,28.7,1.794,183.609
14532,0.0,0.0,183.609
14533,0.0,0.0,183.609
14534,0.0,0.0,183.609
14535,0.0,0.0,183.609
14536,0.0,0.0,183.609
14537,0.0,0.0,183.609
14538,0.0,0.0,183.609
14539,0.0,0.0,183.609
14540,0.0,0.0,183.609
14541,0.0,0.0,183.609
14542,14.2,0.887,183.695
14543,0.0,0.0,183.695
14544,0.0,0.0,183.695
14545,0.0,0.0,183.695
14546,0.0,0.0,183.695
14547,0.0,0.0,183.695
14548,0.0,0.0,183.695
14549,0.0,0.0,183.695
14550,0.0,0.0,183.711
14551,0.0,0.0,183.711
14552,0.0,0.0,183.711
14553,0.0,0.0,183.711
14554,0.0,0.0,183.711
14555,0.0,0.0,183.719
14556,62.5,3.906,184.426
14557,100.0,6.25,184.426
14558,78.1,4.881,184.426
14559,14.2,0.887,184.426
14560,0.0,0.0,184.426
14561,28.7,1.794,184.426
14562,87.5,5.469,184.426
14563,100.0,6.25,184.426
14564,42.6,2.663,184.426
14565,0.0,0.0,184.426
14566,0.0,0.0,184.426
14567,14.2,0.887,184.426
14568,0.0,0.0,184.426
14569,0.0,0.0,184.426
14570,0.0,0.0,184.426
14571,0.0,0.0,184.426
14572,0.0,0.0,184.426
14573,0.0,0.0,184.426
14574,0.0,0.0,184.434
14575,0.0,0.0,184.434
14576,0.0,0.0,184.441
14577,42.6,2.663,184.441
14578,0.0,0.0,184.441
14579,0.0,0.0,184.441
14580,0.0,0.0,184.441
14581,0.0,0.0,184.441
14582,0.0,0.0,184.441
14583,0.0,0.0,184.441
14584,0.0,0.0,184.441
14585,0.0,0.0,184.441
14586,0.0,0.0,184.441
14587,37.5,2.344,184.441
14588,100.0,6.25,184.441
14589,87.5,5.469,184.441
14590,43.0,2.688,184.441
14591,0.0,0.0,184.441
14592,0.0,0.0,184.441
14593,0.0,0.0,184.445
14594,14.3,0.894,184.445
14595,0.0,0.0,184.445
14596,0.0,0.0,184.445
14597,50.0,3.125,184.445
14598,86.0,5.375,184.445
14599,0.0,0.0,184.445
14600,0.0,0.0,184.445
14601,0.0,0.0,184.445
14602,14.2,0.887,184.445
14603,0.0,0.0,184.445
14604,14.3,0.894,184.445
14605,0.0,0.0,184.445
14606,0.0,0.0,184.445
14607,0.0,0.0,184.445
14608,0.0,0.0,184.445
14609,0.0,0.0,184.445
14610,0.0,0.0,184.445
14611,0.0,0.0,184.445
14612,0.0,0.0,184.445
14613,0.0,0.0,184.445
14614,0.0,0.0,184.445
14615,0.0,0.0,184.445
14616,0.0,0.0,184.445
14617,0.0,0.0,184.445
14618,0.0,0.0,184.445
14619,0.0,0.0,184.445
14620,0.0,0.0,184.445
14621,0.0,0.0,184.445
14622,0.0,0.0,184.445
14623,0.0,0.0,184.445
14624,0.0,0.0,184.445
14625,0.0,0.0,184.445
14626,0.0,0.0,184.445
14627,0.0,0.0,184.445
14628,0.0,0.0,184.445
14629,0.0,0.0,184.445
14630,0.0,0.0,184.445
14631,0.0,0.0,184.445
14632,0.0,0.0,184.445
14633,0.0,0.0,184.445
14634,0.0,0.0,184.445
14635,0.0,0.0,184.445
14636,0.0,0.0,184.445
14637,0.0,0.0,184.445
14638,0.0,0.0,184.445
14639,0.0,0.0,184.445
14640,0.0,0.0,184.445
14641,0.0,0.0,184.445
14642,0.0,0.0,184.445
14643,0.0,0.0,184.445
14644,0.0,0.0,184.445
14645,0.0,0.0,184.445
14646,0.0,0.0,184.445
14647,0.0,0.0,184.445
14648,0.0,0.0,184.445
14649,0.0,0.0,184.445
14650,0.0,0.0,184.445
14651,0.0,0.0,184.445
14652,0.0,0.0,184.445
14653,0.0,0.0,184.445
14654,0.0,0.0,184.445
14655,0.0,0.0,184.445
14656,0.0,0.0,184.445
14657,0.0,0.0,184.445
14658,0.0,0.0,184.445
14659,0.0,0.0,184.445
14660,0.0,0.0,184.445
14661,0.0,0.0,184.445
14662,0.0,0.0,184.445
14663,0.0,0.0,184.445
14664,0.0,0.0,184.445
14665,0.0,0.0,184.445
14666,0.0,0.0,184.445
14667,14.2,0.887,184.539
14668,0.0,0.0,184.543
14669,0.0,0.0,184.543
14670,0.0,0.0,184.543
14671,0.0,0.0,184.543
14672,0.0,0.0,184.543
14673,0.0,0.0,184.543
14674,0.0,0.0,184.543
14675,0.0,0.0,184.543
14676,0.0,0.0,184.543
14677,0.0,0.0,184.543
14678,0.0,0.0,184.543
14679,0.0,0.0,184.543
14680,0.0,0.0,184.543
14681,0.0,0.0,184.543
14682,0.0,0.0,184.543
14683,0.0,0.0,184.543
14684,0.0,0.0,184.543
14685,0.0,0.0,184.543
14686,0.0,0.0,184.543
14687,0.0,0.0,184.543
14688,14.3,0.894,184.543
14689,0.0,0.0,184.543
14690,0.0,0.0,184.543
14691,0.0,0.0,184.543
14692,0.0,0.0,184.543
14693,0.0,0.0,184.543
14694,0.0,0.0,184.543
14695,0.0,0.0,184.543
14696,0.0,0.0,184.543
14697,0.0,0.0,184.543
14698,0.0,0.0,184.543
14699,0.0,0.0,184.543
14700,0.0,0.0,184.543
14701,0.0,0.0,184.543
14702,0.0,0.0,184.543
14703,0.0,0.0,184.543
14704,0.0,0.0,184.543
14705,0.0,0.0,184.543
14706,14.3,0.894,184.543
14707,0.0,0.0,184.543
14708,0.0,0.0,184.543
14709,0.0,0.0,184.543
14710,0.0,0.0,184.543
14711,0.0,0.0,184.543
14712,0.0,0.0,184.543
14713,0.0,0.0,184.543
14714,0.0,0.0,184.543
14715,0.0,0.0,184.543
14716,0.0,0.0,184.543
14717,0.0,0.0,184.543
14718,0.0,0.0,184.543
14719,0.0,0.0,184.543
14720,0.0,0.0,184.543
14721,0.0,0.0,184.543
14722,0.0,0.0,184.543
14723,0.0,0.0,184.543
14724,0.0,0.0,184.543
14725,0.0,0.0,184.543
14726,0.0,0.0,184.543
14727,0.0,0.0,184.543
14728,0.0,0.0,184.543
14729,0.0,0.0,184.543
14730,0.0,0.0,184.543
14731,0.0,0.0,184.543
14732,25.0,1.562,184.543
14733,100.0,6.25,184.617
14734,100.0,6.25,184.617
14735,28.7,1.794,184.617
14736,0.0,0.0,184.617
14737,0.0,0.0,184.617
14738,12.5,0.781,184.617
14739,0.0,0.0,184.617
14740,0.0,0.0,184.617
14741,0.0,0.0,184.617
14742,0.0,0.0,184.617
14743,12.5,0.781,184.617
14744,0.0,0.0,184.617
14745,14.3,0.894,184.617
14746,0.0,0.0,184.617
14747,14.3,0.894,184.621
14748,0.0,0.0,184.621
14749,0.0,0.0,184.621
14750,0.0,0.0,184.621
14751,0.0,0.0,184.621
14752,0.0,0.0,184.621
14753,0.0,0.0,184.621
14754,0.0,0.0,184.621
14755,0.0,0.0,184.621
14756,0.0,0.0,184.621
14757,0.0,0.0,184.621
14758,0.0,0.0,184.621
14759,0.0,0.0,184.621
14760,28.7,1.794,180.887
14761,0.0,0.0,180.887
14762,0.0,0.0,180.887
14763,0.0,0.0,180.887
14764,0.0,0.0,180.891
14765,0.0,0.0,180.891
14766,0.0,0.0,180.891
14767,14.3,0.894,180.941
14768,0.0,0.0,180.941
14769,0.0,0.0,180.941
14770,0.0,0.0,180.941
14771,0.0,0.0,180.941
14772,0.0,0.0,180.941
14773,0.0,0.0,180.941
14774,0.0,0.0,180.941
14775,0.0,0.0,180.941
14776,0.0,0.0,180.941
14777,0.0,0.0,180.941
14778,0.0,0.0,180.941
14779,75.0,4.688,181.41
14780,100.0,6.25,181.734
14781,99.4,6.213,181.734
14782,0.0,0.0,181.734
14783,0.0,0.0,181.734
14784,14.3,0.894,181.738
14785,0.0,0.0,181.738
14786,0.0,0.0,181.738
14787,0.0,0.0,181.738
14788,0.0,0.0,181.738
14789,0.0,0.0,181.738
14790,0.0,0.0,181.738
14791,0.0,0.0,181.738
14792,0.0,0.0,181.738
14793,0.0,0.0,181.738
14794,44.3,2.769,182.23
14795,14.3,0.894,182.23
14796,0.0,0.0,182.23
14797,0.0,0.0,182.23
14798,14.3,0.894,182.23
14799,0.0,0.0,182.23
14800,0.0,0.0,182.23
14801,0.0,0.0,182.23
14802,0.0,0.0,182.23
14803,0.0,0.0,182.23
14804,0.0,0.0,182.23
14805,62.5,3.906,182.277
14806,100.0,6.25,182.277
14807,100.0,6.25,182.277
14808,37.5,2.344,182.277
14809,100.0,6.25,182.277
14810,100.0,6.25,182.277
14811,71.7,4.481,182.277
14812,0.0,0.0,182.277
14813,14.2,0.887,182.277
14814,14.3,0.894,182.277
14815,0.0,0.0,182.277
14816,14.2,0.887,182.277
14817,55.8,3.487,182.285
14818,100.0,6.25,182.285
14819,75.0,4.688,182.285
14820,85.2,5.325,182.285
14821,0.0,0.0,182.285
14822,0.0,0.0,182.285
14823,14.3,0.894,182.348
14824,0.0,0.0,182.379
14825,14.2,0.887,182.406
14826,0.0,0.0,182.406
14827,14.3,0.894,182.41
14828,14.3,0.894,182.41
14829,0.0,0.0,182.41
14830,37.5,2.344,189.07
14831,100.0,6.25,189.414
14832,14.3,0.894,183.633
14833,14.2,0.887,183.633
14834,12.5,0.781,183.633
14835,28.7,1.794,183.652
14836,0.0,0.0,183.652
14837,14.2,0.887,183.832
14838,37.5,2.344,190.551
14839,100.0,6.25,184.918
14840,78.1,4.881,185.023
14841,100.0,6.25,185.023
14842,85.2,5.325,185.023
14843,0.0,0.0,185.023
14844,0.0,0.0,185.023
14845,0.0,0.0,185.023
14846,0.0,0.0,185.023
14847,0.0,0.0,185.023
14848,0.0,0.0,185.023
14849,14.3,0.894,185.023
14850,0.0,0.0,185.023
14851,0.0,0.0,185.023
14852,0.0,0.0,185.023
14853,0.0,0.0,185.023
14854,0.0,0.0,185.023
14855,12.5,0.781,185.023
14856,0.0,0.0,185.023
14857,0.0,0.0,185.023
14858,0.0,0.0,185.023
14859,0.0,0.0,185.023
14860,0.0,0.0,185.023
14861,0.0,0.0,185.023
14862,0.0,0.0,185.023
14863,14.3,0.894,185.023
14864,0.0,0.0,185.023
14865,0.0,0.0,185.023
14866,0.0,0.0,185.023
14867,12.5,0.781,185.023
14868,0.0,0.0,185.023
14869,14.3,0.894,185.023
14870,0.0,0.0,185.023
14871,0.0,0.0,185.023
14872,0.0,0.0,185.023
14873,0.0,0.0,185.023
14874,0.0,0.0,185.023
14875,0.0,0.0,185.023
14876,0.0,0.0,185.023
14877,0.0,0.0,185.023
14878,0.0,0.0,185.023
14879,0.0,0.0,185.023
14880,0.0,0.0,185.023
14881,14.3,0.894,185.023
14882,0.0,0.0,185.023
14883,0.0,0.0,185.023
14884,0.0,0.0,185.023
14885,0.0,0.0,185.023
14886,0.0,0.0,185.023
14887,0.0,0.0,185.023
14888,0.0,0.0,185.023
14889,0.0,0.0,185.023
14890,0.0,0.0,185.023
14891,0.0,0.0,185.023
14892,0.0,0.0,185.023
14893,0.0,0.0,185.023
14894,0.0,0.0,185.023
14895,0.0,0.0,185.027
14896,0.0,0.0,185.027
14897,0.0,0.0,185.027
14898,0.0,0.0,185.027
14899,0.0,0.0,185.027
14900,0.0,0.0,185.027
14901,0.0,0.0,185.027
14902,0.0,0.0,185.027
14903,43.0,2.688,185.117
14904,14.2,0.887,185.117
14905,0.0,0.0,185.117
14906,0.0,0.0,185.117
14907,0.0,0.0,185.117
14908,14.2,0.887,185.117
14909,0.0,0.0,185.117
14910,0.0,0.0,185.117
14911,0.0,0.0,185.117
14912,0.0,0.0,185.117
14913,0.0,0.0,185.117
14914,0.0,0.0,185.117
14915,25.0,1.562,185.117
14916,0.0,0.0,185.117
14917,0.0,0.0,185.117
14918,0.0,0.0,185.117
14919,0.0,0.0,185.117
14920,14.3,0.894,185.117
14921,0.0,0.0,185.117
14922,0.0,0.0,185.117
14923,0.0,0.0,185.117
14924,0.0,0.0,185.117
14925,0.0,0.0,185.117
14926,0.0,0.0,185.117
14927,0.0,0.0,185.117
14928,0.0,0.0,185.117
14929,0.0,0.0,185.117
14930,0.0,0.0,185.117
14931,0.0,0.0,185.117
14932,0.0,0.0,185.117
14933,0.0,0.0,185.117
14934,0.0,0.0,185.117
14935,0.0,0.0,185.117
14936,0.0,0.0,185.117
14937,0.0,0.0,185.117
14938,0.0,0.0,185.117
14939,0.0,0.0,185.117
14940,0.0,0.0,185.117
14941,0.0,0.0,185.117
14942,0.0,0.0,185.117
14943,0.0,0.0,185.117
14944,0.0,0.0,185.117
14945,0.0,0.0,185.117
14946,0.0,0.0,185.117
14947,0.0,0.0,185.117
14948,62.5,3.906,185.117
14949,112.5,7.031,185.117
14950,100.0,6.25,185.117
14951,57.3,3.581,185.117
14952,14.2,0.887,185.117
14953,0.0,0.0,185.117
14954,0.0,0.0,185.117
14955,0.0,0.0,185.117
14956,0.0,0.0,185.117
14957,0.0,0.0,185.117
14958,0.0,0.0,185.117
14959,0.0,0.0,185.117
14960,0.0,0.0,185.117
14961,0.0,0.0,185.117
14962,0.0,0.0,185.117
14963,0.0,0.0,185.117
14964,0.0,0.0,185.117
14965,0.0,0.0,185.117
14966,0.0,0.0,185.117
14967,28.7,1.794,185.117
14968,0.0,0.0,185.117
14969,0.0,0.0,185.117
14970,0.0,0.0,185.117
14971,0.0,0.0,185.117
14972,0.0,0.0,185.117
14973,0.0,0.0,185.117
14974,0.0,0.0,185.117
14975,0.0,0.0,185.117
14976,0.0,0.0,185.117
14977,0.0,0.0,185.117
14978,0.0,0.0,185.117
14979,0.0,0.0,185.117
14980,0.0,0.0,185.117
14981,0.0,0.0,185.117
14982,0.0,0.0,185.117
14983,0.0,0.0,185.117
14984,0.0,0.0,185.117
14985,0.0,0.0,185.117
14986,0.0,0.0,185.117
14987,0.0,0.0,185.117
14988,14.2,0.887,185.117
14989,0.0,0.0,185.117
14990,0.0,0.0,185.117
14991,0.0,0.0,185.117
14992,0.0,0.0,185.117
14993,0.0,0.0,185.117
14994,0.0,0.0,185.117
14995,0.0,0.0,185.117
14996,0.0,0.0,185.117
14997,0.0,0.0,185.117
14998,0.0,0.0,185.117
14999,0.0,0.0,185.117
15000,0.0,0.0,185.117
15001,0.0,0.0,185.117
15002,91.9,5.744,183.176
15003,56.8,3.55,181.18
15004,0.0,0.0,181.188
15005,0.0,0.0,181.188
15006,0.0,0.0,181.188
15007,0.0,0.0,181.188
15008,0.0,0.0,181.188
15009,28.4,1.775,181.207
15010,0.0,0.0,181.207
15011,0.0,0.0,181.207
15012,0.0,0.0,181.207
15013,0.0,0.0,181.207
15014,0.0,0.0,181.207
15015,0.0,0.0,181.207
15016,0.0,0.0,181.207
15017,0.0,0.0,181.207
15018,0.0,0.0,181.207
15019,0.0,0.0,181.207
15020,0.0,0.0,181.207
15021,0.0,0.0,181.207
15022,0.0,0.0,181.207
15023,0.0,0.0,181.207
15024,0.0,0.0,181.207
15025,0.0,0.0,181.207
15026,0.0,0.0,181.207
15027,0.0,0.0,181.207
15028,0.0,0.0,181.207
15029,0.0,0.0,181.207
15030,0.0,0.0,181.207
15031,0.0,0.0,181.207
15032,0.0,0.0,181.207
15033,0.0,0.0,181.207
15034,0.0,0.0,181.207
15035,0.0,0.0,181.207
15036,0.0,0.0,181.207
15037,14.2,0.887,181.234
15038,0.0,0.0,181.234
15039,0.0,0.0,181.234
15040,0.0,0.0,181.234
15041,0.0,0.0,181.234
15042,0.0,0.0,181.457
15043,0.0,0.0,181.582
15044,88.7,5.544,182.773
15045,100.0,6.25,183.453
15046,71.7,4.481,183.453
15047,0.0,0.0,183.453
15048,0.0,0.0,183.453
15049,0.0,0.0,183.453
15050,0.0,0.0,183.453
15051,12.5,0.781,183.453
15052,0.0,0.0,183.453
15053,0.0,0.0,183.453
15054,0.0,0.0,183.453
15055,0.0,0.0,183.453
15056,0.0,0.0,183.453
15057,0.0,0.0,183.453
15058,0.0,0.0,183.453
15059,37.5,2.344,183.641
15060,42.6,2.663,183.727
15061,0.0,0.0,183.727
15062,0.0,0.0,183.727
15063,0.0,0.0,183.727
15064,0.0,0.0,183.727
15065,0.0,0.0,183.727
15066,0.0,0.0,183.727
15067,0.0,0.0,183.727
15068,0.0,0.0,183.727
15069,62.5,3.906,183.75
15070,62.5,3.906,183.75
15071,100.0,6.25,183.75
15072,57.3,3.581,183.75
15073,0.0,0.0,183.75
15074,0.0,0.0,183.75
15075,0.0,0.0,183.75
15076,0.0,0.0,183.75
15077,0.0,0.0,183.75
15078,0.0,0.0,183.75
15079,14.3,0.894,183.75
15080,0.0,0.0,183.75
15081,0.0,0.0,183.75
15082,0.0,0.0,183.75
15083,0.0,0.0,183.75
15084,0.0,0.0,183.75
15085,0.0,0.0,183.75
15086,0.0,0.0,183.75
15087,0.0,0.0,183.75
15088,14.3,0.894,183.75
15089,0.0,0.0,183.75
15090,0.0,0.0,183.75
15091,0.0,0.0,183.75
15092,0.0,0.0,183.75
15093,0.0,0.0,183.75
15094,14.3,0.894,183.75
15095,0.0,0.0,183.75
15096,0.0,0.0,183.75
15097,0.0,0.0,183.75
15098,0.0,0.0,183.75
15099,25.0,1.562,183.793
15100,14.2,0.887,183.793
15101,0.0,0.0,183.793
15102,0.0,0.0,183.793
15103,0.0,0.0,183.793
15104,0.0,0.0,183.793
15105,0.0,0.0,183.793
15106,0.0,0.0,183.793
15107,14.3,0.894,183.793
15108,14.3,0.894,183.793
15109,0.0,0.0,183.793
15110,0.0,0.0,183.793
15111,0.0,0.0,183.793
15112,0.0,0.0,183.793
15113,0.0,0.0,183.793
15114,0.0,0.0,183.793
15115,0.0,0.0,183.793
15116,0.0,0.0,183.793
15117,0.0,0.0,183.793
15118,33.2,2.075,183.793
15119,87.5,5.469,183.793
15120,87.5,5.469,183.793
15121,57.3,3.581,183.793
15122,14.2,0.887,183.793
15123,0.0,0.0,183.793
15124,0.0,0.0,183.793
15125,0.0,0.0,183.793
15126,0.0,0.0,183.793
15127,0.0,0.0,183.793
15128,0.0,0.0,183.793
15129,0.0,0.0,183.793
15130,0.0,0.0,183.793
15131,14.2,0.887,183.793
15132,14.3,0.894,183.793
15133,0.0,0.0,183.793
15134,0.0,0.0,183.793
15135,0.0,0.0,183.793
15136,0.0,0.0,183.793
15137,0.0,0.0,183.793
15138,0.0,0.0,183.793
15139,0.0,0.0,183.793
15140,0.0,0.0,183.793
15141,55.8,3.487,183.793
15142,71.0,4.438,183.793
15143,0.0,0.0,183.793
15144,0.0,0.0,183.793
15145,0.0,0.0,183.793
15146,14.3,0.894,183.793
15147,14.2,0.887,183.793
15148,0.0,0.0,183.793
15149,14.3,0.894,183.793
15150,14.3,0.894,183.793
15151,0.0,0.0,183.793
15152,0.0,0.0,183.793
15153,25.0,1.562,183.793
15154,0.0,0.0,183.793
15155,0.0,0.0,183.793
15156,0.0,0.0,183.793
15157,0.0,0.0,183.793
15158,0.0,0.0,183.793
15159,66.5,4.156,183.793
15160,100.0,6.25,183.793
15161,75.0,4.688,183.793
15162,57.3,3.581,183.793
15163,14.3,0.894,183.793
15164,0.0,0.0,183.793
15165,0.0,0.0,183.793
15166,0.0,0.0,183.793
15167,0.0,0.0,183.793
15168,0.0,0.0,183.793
15169,0.0,0.0,183.793
15170,0.0,0.0,183.793
15171,0.0,0.0,183.793
15172,0.0,0.0,183.793
15173,0.0,0.0,183.793
15174,0.0,0.0,183.793
15175,0.0,0.0,183.793
15176,0.0,0.0,183.793
15177,0.0,0.0,183.793
15178,0.0,0.0,183.793
15179,0.0,0.0,183.793
15180,14.3,0.894,183.793
15181,0.0,0.0,183.793
15182,0.0,0.0,183.793
15183,0.0,0.0,183.793
15184,0.0,0.0,183.793
15185,14.2,0.887,183.793
15186,0.0,0.0,183.793
15187,37.5,2.344,183.793
15188,87.5,5.469,183.793
15189,100.0,6.25,183.793
15190,14.3,0.894,183.793
15191,28.4,1.775,183.793
15192,0.0,0.0,183.793
15193,0.0,0.0,183.793
15194,14.2,0.887,183.793
15195,0.0,0.0,183.793
15196,0.0,0.0,183.793
15197,0.0,0.0,183.793
15198,0.0,0.0,183.793
15199,14.3,0.894,183.793
15200,14.2,0.887,183.793
15201,14.3,0.894,183.793
15202,0.0,0.0,183.793
15203,0.0,0.0,183.797
15204,28.4,1.775,183.797
15205,62.5,3.906,183.797
15206,100.0,6.25,183.797
15207,100.3,6.269,183.797
15208,0.0,0.0,183.797
15209,0.0,0.0,183.797
15210,14.3,0.894,183.797
15211,0.0,0.0,183.797
15212,0.0,0.0,183.797
15213,0.0,0.0,183.797
15214,0.0,0.0,183.797
15215,0.0,0.0,183.797
15216,14.3,0.894,183.797
15217,14.2,0.887,183.797
15218,0.0,0.0,183.797
15219,0.0,0.0,183.797
15220,0.0,0.0,183.797
15221,0.0,0.0,183.797
15222,0.0,0.0,183.797
15223,75.0,4.688,183.797
15224,88.7,5.544,183.797
15225,87.5,5.469,183.797
15226,57.3,3.581,183.797
15227,0.0,0.0,183.797
15228,0.0,0.0,183.797
15229,0.0,0.0,183.797
15230,0.0,0.0,183.797
15231,12.5,0.781,183.797
15232,0.0,0.0,183.797
15233,0.0,0.0,183.797
15234,0.0,0.0,183.797
15235,0.0,0.0,183.797
15236,0.0,0.0,183.797
15237,0.0,0.0,183.797
15238,0.0,0.0,183.797
15239,0.0,0.0,183.797
15240,0.0,0.0,183.797
15241,0.0,0.0,183.797
15242,0.0,0.0,183.797
15243,0.0,0.0,183.797
15244,0.0,0.0,183.797
15245,0.0,0.0,183.797
15246,0.0,0.0,183.797
15247,0.0,0.0,183.797
15248,0.0,0.0,183.797
15249,0.0,0.0,183.797
15250,0.0,0.0,183.797
15251,0.0,0.0,183.797
15252,0.0,0.0,183.797
15253,0.0,0.0,183.797
15254,0.0,0.0,183.797
15255,0.0,0.0,183.797
15256,0.0,0.0,183.797
15257,0.0,0.0,183.797
15258,0.0,0.0,183.797
15259,0.0,0.0,183.797
15260,0.0,0.0,183.797
15261,0.0,0.0,183.797
15262,0.0,0.0,183.797
15263,0.0,0.0,183.797
15264,0.0,0.0,183.797
15265,0.0,0.0,183.797
15266,0.0,0.0,183.797
15267,0.0,0.0,183.797
15268,0.0,0.0,183.797
15269,0.0,0.0,183.797
15270,0.0,0.0,183.797
15271,0.0,0.0,183.797
15272,0.0,0.0,183.797
15273,0.0,0.0,183.797
15274,0.0,0.0,183.797
15275,0.0,0.0,183.797
15276,0.0,0.0,183.797
15277,0.0,0.0,183.797
15278,0.0,0.0,183.797
15279,14.3,0.894,183.797
15280,0.0,0.0,183.797
15281,0.0,0.0,183.797
15282,0.0,0.0,183.797
15283,14.3,0.894,183.797
15284,0.0,0.0,183.797
15285,14.3,0.894,183.797
15286,0.0,0.0,183.797
15287,0.0,0.0,183.797
15288,0.0,0.0,183.797
15289,0.0,0.0,183.797
15290,0.0,0.0,183.797
15291,75.0,4.688,184.031
15292,14.3,0.894,184.031
15293,0.0,0.0,184.031
15294,0.0,0.0,184.031
15295,0.0,0.0,184.031
15296,0.0,0.0,184.031
15297,0.0,0.0,184.031
15298,0.0,0.0,184.031
15299,14.3,0.894,184.031
15300,0.0,0.0,184.031
15301,0.0,0.0,184.031
15302,0.0,0.0,184.031
15303,0.0,0.0,184.031
15304,0.0,0.0,184.031
15305,0.0,0.0,184.031
15306,0.0,0.0,184.031
15307,62.5,3.906,184.031
15308,78.1,4.881,184.039
15309,100.0,6.25,184.039
15310,71.0,4.438,184.039
15311,0.0,0.0,184.039
15312,0.0,0.0,184.039
15313,0.0,0.0,184.039
15314,0.0,0.0,184.039
15315,0.0,0.0,184.039
15316,0.0,0.0,184.039
15317,0.0,0.0,184.039
15318,0.0,0.0,184.039
15319,14.2,0.887,184.039
15320,0.0,0.0,184.039
15321,0.0,0.0,184.039
15322,0.0,0.0,184.039
15323,0.0,0.0,184.039
15324,0.0,0.0,184.039
15325,0.0,0.0,184.039
15326,14.2,0.887,184.039
15327,0.0,0.0,184.039
15328,0.0,0.0,184.039
15329,0.0,0.0,184.039
15330,14.3,0.894,184.039
15331,0.0,0.0,184.039
15332,14.2,0.887,184.039
15333,0.0,0.0,184.039
15334,0.0,0.0,184.039
15335,0.0,0.0,184.039
15336,0.0,0.0,184.039
15337,0.0,0.0,184.039
15338,62.5,3.906,184.039
15339,87.5,5.469,184.039
15340,100.0,6.25,184.039
15341,99.4,6.213,184.039
15342,0.0,0.0,184.039
15343,14.3,0.894,184.039
15344,0.0,0.0,184.039
15345,14.2,0.887,184.316
15346,0.0,0.0,184.324
15347,14.3,0.894,184.352
15348,12.5,0.781,184.352
15349,25.0,1.562,184.352
15350,100.0,6.25,184.352
15351,100.0,6.25,184.352
15352,71.0,4.438,184.352
15353,0.0,0.0,184.352
15354,14.2,0.887,184.352
15355,0.0,0.0,184.352
15356,0.0,0.0,184.352
15357,0.0,0.0,184.352
15358,0.0,0.0,184.352
15359,0.0,0.0,184.352
15360,0.0,0.0,184.352
15361,0.0,0.0,184.352
15362,0.0,0.0,184.422
15363,0.0,0.0,184.418
15364,37.5,2.344,188.781
15365,71.7,4.481,185.34
15366,0.0,0.0,185.34
15367,0.0,0.0,185.34
15368,75.0,4.688,189.641
15369,100.0,6.25,186.203
15370,100.0,6.25,186.203
15371,50.0,3.125,186.203
15372,0.0,0.0,186.203
15373,14.3,0.894,186.203
15374,0.0,0.0,186.203
15375,0.0,0.0,186.203
15376,0.0,0.0,186.203
15377,0.0,0.0,186.203
15378,0.0,0.0,186.203
15379,0.0,0.0,186.203
15380,0.0,0.0,186.203
15381,0.0,0.0,186.203
15382,0.0,0.0,186.203
15383,0.0,0.0,186.203
15384,0.0,0.0,186.203
15385,0.0,0.0,186.203
15386,0.0,0.0,186.203
15387,0.0,0.0,186.203
15388,0.0,0.0,186.203
15389,0.0,0.0,186.203
15390,0.0,0.0,186.203
15391,0.0,0.0,186.203
15392,0.0,0.0,186.203
15393,0.0,0.0,186.203
15394,0.0,0.0,186.203
15395,0.0,0.0,186.203
15396,0.0,0.0,186.203
15397,0.0,0.0,186.203
15398,0.0,0.0,186.203
15399,0.0,0.0,186.203
15400,0.0,0.0,186.203
15401,0.0,0.0,186.203
15402,0.0,0.0,186.203
15403,0.0,0.0,186.203
15404,0.0,0.0,186.203
15405,0.0,0.0,186.203
15406,0.0,0.0,186.203
15407,0.0,0.0,186.203
15408,0.0,0.0,186.203
15409,0.0,0.0,186.203
15410,0.0,0.0,186.203
15411,0.0,0.0,186.203
15412,0.0,0.0,186.203
15413,0.0,0.0,186.203
15414,0.0,0.0,186.203
15415,0.0,0.0,186.203
15416,0.0,0.0,186.203
15417,0.0,0.0,186.203
15418,0.0,0.0,186.203
15419,0.0,0.0,186.203
15420,0.0,0.0,186.203
15421,0.0,0.0,186.203
15422,0.0,0.0,186.203
15423,0.0,0.0,186.203
15424,0.0,0.0,186.203
15425,14.3,0.894,186.203
15426,0.0,0.0,186.203
15427,0.0,0.0,186.203
15428,0.0,0.0,186.203
15429,0.0,0.0,186.203
15430,0.0,0.0,186.203
15431,0.0,0.0,186.203
15432,0.0,0.0,186.203
15433,0.0,0.0,186.203
15434,0.0,0.0,186.398
15435,0.0,0.0,186.398
15436,64.2,4.013,180.402
15437,28.7,1.794,180.59
15438,14.2,0.887,180.594
15439,0.0,0.0,180.594
15440,0.0,0.0,180.594
15441,0.0,0.0,180.594
15442,0.0,0.0,180.594
15443,0.0,0.0,180.594
15444,14.2,0.887,180.594
15445,0.0,0.0,180.594
15446,0.0,0.0,180.594
15447,0.0,0.0,180.594
15448,0.0,0.0,180.594
15449,0.0,0.0,180.594
15450,0.0,0.0,180.594
15451,0.0,0.0,180.594
15452,0.0,0.0,180.594
15453,0.0,0.0,180.594
15454,0.0,0.0,180.594
15455,50.0,3.125,181.219
15456,100.0,6.25,181.387
15457,100.0,6.25,181.387
15458,71.7,4.481,181.387
15459,0.0,0.0,181.387
15460,0.0,0.0,181.387
15461,0.0,0.0,181.387
15462,28.4,1.775,181.387
15463,0.0,0.0,181.387
15464,28.7,1.794,181.531
15465,0.0,0.0,181.555
15466,37.5,2.344,181.559
15467,100.0,6.25,181.559
15468,100.0,6.25,181.559
15469,0.0,0.0,181.559
15470,0.0,0.0,181.559
15471,14.3,0.894,181.559
15472,14.2,0.887,181.789
15473,0.0,0.0,181.789
15474,0.0,0.0,181.789
15475,0.0,0.0,181.789
15476,0.0,0.0,181.793
15477,0.0,0.0,181.793
15478,0.0,0.0,181.793
15479,0.0,0.0,181.793
15480,0.0,0.0,181.793
15481,0.0,0.0,181.793
15482,12.5,0.781,181.793
15483,0.0,0.0,181.793
15484,0.0,0.0,181.793
15485,0.0,0.0,181.793
15486,0.0,0.0,181.793
15487,0.0,0.0,181.793
15488,0.0,0.0,181.793
15489,0.0,0.0,181.793
15490,0.0,0.0,181.793
15491,0.0,0.0,181.793
15492,0.0,0.0,181.793
15493,0.0,0.0,181.793
15494,0.0,0.0,181.793
15495,0.0,0.0,181.793
15496,14.3,0.894,181.793
15497,0.0,0.0,181.797
15498,0.0,0.0,181.797
15499,0.0,0.0,181.797
15500,0.0,0.0,181.797
15501,14.2,0.887,181.797
15502,0.0,0.0,181.797
15503,0.0,0.0,181.797
15504,0.0,0.0,181.797
15505,0.0,0.0,181.797
15506,0.0,0.0,181.797
15507,0.0,0.0,181.797
15508,0.0,0.0,181.797
15509,0.0,0.0,181.797
15510,0.0,0.0,181.797
15511,0.0,0.0,181.797
15512,0.0,0.0,181.797
15513,14.2,0.887,181.797
15514,0.0,0.0,181.797
15515,0.0,0.0,181.797
15516,0.0,0.0,181.797
15517,0.0,0.0,181.797
15518,0.0,0.0,181.797
15519,0.0,0.0,181.797
15520,0.0,0.0,181.797
15521,0.0,0.0,181.797
15522,0.0,0.0,181.797
15523,0.0,0.0,181.797
15524,0.0,0.0,181.797
15525,0.0,0.0,181.797
15526,0.0,0.0,181.797
15527,0.0,0.0,181.797
15528,0.0,0.0,181.797
15529,0.0,0.0,181.797
15530,0.0,0.0,181.797
15531,0.0,0.0,181.797
15532,0.0,0.0,181.797
15533,0.0,0.0,181.797
15534,0.0,0.0,181.797
15535,0.0,0.0,181.797
15536,0.0,0.0,181.797
15537,0.0,0.0,181.801
15538,0.0,0.0,181.801
15539,0.0,0.0,181.801
15540,0.0,0.0,181.801
15541,0.0,0.0,181.801
15542,0.0,0.0,181.801
15543,0.0,0.0,181.801
15544,0.0,0.0,181.801
15545,0.0,0.0,181.801
15546,0.0,0.0,181.801
15547,0.0,0.0,181.801
15548,0.0,0.0,181.801
15549,0.0,0.0,181.801
15550,0.0,0.0,181.801
15551,0.0,0.0,181.801
15552,0.0,0.0,181.801
15553,0.0,0.0,181.801
15554,0.0,0.0,181.801
15555,0.0,0.0,181.801
15556,0.0,0.0,181.801
15557,0.0,0.0,181.801
15558,0.0,0.0,181.801
15559,0.0,0.0,181.801
15560,14.2,0.887,181.801
15561,0.0,0.0,181.801
15562,0.0,0.0,181.801
15563,0.0,0.0,181.801
15564,0.0,0.0,181.801
15565,0.0,0.0,181.801
15566,0.0,0.0,181.801
15567,0.0,0.0,181.801
15568,0.0,0.0,181.801
15569,0.0,0.0,181.801
15570,0.0,0.0,181.801
15571,0.0,0.0,181.801
15572,0.0,0.0,181.801
15573,0.0,0.0,181.801
15574,14.3,0.894,181.801
15575,0.0,0.0,181.801
15576,0.0,0.0,181.801
15577,0.0,0.0,181.801
15578,0.0,0.0,181.801
15579,0.0,0.0,181.801
15580,0.0,0.0,181.801
15581,0.0,0.0,181.801
15582,0.0,0.0,181.801
15583,0.0,0.0,181.801
15584,0.0,0.0,181.801
15585,0.0,0.0,181.801
15586,0.0,0.0,181.801
15587,0.0,0.0,181.801
15588,0.0,0.0,181.801
15589,0.0,0.0,181.801
15590,0.0,0.0,181.801
15591,0.0,0.0,181.801
15592,0.0,0.0,181.801
15593,0.0,0.0,181.801
15594,0.0,0.0,181.801
15595,0.0,0.0,181.801
15596,0.0,0.0,181.801
15597,0.0,0.0,181.801
15598,0.0,0.0,181.801
15599,0.0,0.0,181.801
15600,0.0,0.0,181.801
15601,0.0,0.0,181.801
15602,0.0,0.0,181.801
15603,0.0,0.0,181.801
15604,0.0,0.0,181.801
15605,0.0,0.0,181.801
15606,0.0,0.0,181.801
15607,0.0,0.0,181.801
15608,0.0,0.0,181.801
15609,0.0,0.0,181.801
15610,0.0,0.0,181.801
15611,0.0,0.0,181.801
15612,0.0,0.0,181.801
15613,0.0,0.0,181.801
15614,0.0,0.0,181.801
15615,0.0,0.0,181.801
15616,0.0,0.0,181.801
15617,0.0,0.0,181.801
15618,0.0,0.0,181.801
15619,0.0,0.0,181.801
15620,0.0,0.0,181.801
15621,0.0,0.0,181.801
15622,0.0,0.0,181.801
15623,0.0,0.0,181.801
15624,0.0,0.0,181.801
15625,0.0,0.0,181.801
15626,0.0,0.0,181.801
15627,0.0,0.0,181.801
15628,0.0,0.0,181.801
15629,0.0,0.0,181.801
15630,0.0,0.0,181.801
15631,0.0,0.0,181.801
15632,0.0,0.0,181.801
15633,0.0,0.0,181.801
15634,0.0,0.0,181.801
15635,0.0,0.0,181.801
15636,0.0,0.0,181.801
15637,0.0,0.0,181.801
15638,0.0,0.0,181.801
15639,0.0,0.0,181.801
15640,0.0,0.0,181.801
15641,0.0,0.0,181.801
15642,0.0,0.0,181.801
15643,0.0,0.0,181.801
15644,0.0,0.0,181.801
15645,0.0,0.0,181.801
15646,0.0,0.0,181.801
15647,0.0,0.0,181.801
15648,0.0,0.0,181.801
15649,0.0,0.0,181.801
15650,0.0,0.0,181.801
15651,0.0,0.0,181.801
15652,0.0,0.0,181.801
15653,0.0,0.0,181.801
15654,0.0,0.0,181.801
15655,0.0,0.0,181.801
15656,0.0,0.0,181.801
15657,0.0,0.0,181.801
15658,0.0,0.0,181.801
15659,0.0,0.0,181.801
15660,0.0,0.0,181.801
15661,0.0,0.0,181.801
15662,0.0,0.0,181.801
15663,0.0,0.0,181.801
15664,0.0,0.0,181.801
15665,0.0,0.0,181.801
15666,0.0,0.0,181.801
15667,0.0,0.0,181.801
15668,0.0,0.0,181.801
15669,0.0,0.0,181.801
15670,0.0,0.0,181.801
15671,0.0,0.0,181.801
15672,0.0,0.0,181.801
15673,0.0,0.0,181.801
15674,0.0,0.0,181.801
15675,0.0,0.0,181.801
15676,0.0,0.0,181.801
15677,0.0,0.0,181.801
15678,0.0,0.0,181.801
15679,0.0,0.0,181.801
15680,0.0,0.0,181.801
15681,0.0,0.0,181.801
15682,14.2,0.887,181.801
15683,0.0,0.0,181.801
15684,0.0,0.0,181.801
15685,0.0,0.0,181.801
15686,0.0,0.0,181.801
15687,0.0,0.0,181.801
15688,0.0,0.0,181.801
15689,0.0,0.0,181.801
15690,0.0,0.0,181.801
15691,0.0,0.0,181.801
15692,0.0,0.0,181.801
15693,0.0,0.0,181.801
15694,0.0,0.0,181.801
15695,0.0,0.0,181.801
15696,0.0,0.0,181.801
15697,0.0,0.0,181.801
15698,0.0,0.0,181.801
15699,0.0,0.0,181.801
15700,0.0,0.0,181.801
15701,0.0,0.0,181.801
15702,0.0,0.0,181.801
15703,0.0,0.0,181.801
15704,0.0,0.0,181.801
15705,0.0,0.0,181.801
15706,0.0,0.0,181.801
15707,0.0,0.0,181.801
15708,0.0,0.0,181.801
15709,0.0,0.0,181.801
15710,0.0,0.0,181.801
15711,0.0,0.0,181.801
15712,0.0,0.0,181.801
15713,0.0,0.0,181.801
15714,0.0,0.0,181.801
15715,0.0,0.0,181.801
15716,0.0,0.0,181.801
15717,0.0,0.0,181.801
15718,0.0,0.0,181.801
15719,0.0,0.0,181.801
15720,0.0,0.0,181.801
15721,0.0,0.0,181.801
15722,0.0,0.0,181.801
15723,0.0,0.0,181.801
15724,0.0,0.0,181.801
15725,0.0,0.0,181.801
15726,0.0,0.0,181.801
15727,0.0,0.0,181.801
15728,0.0,0.0,181.801
15729,0.0,0.0,181.801
15730,0.0,0.0,181.801
15731,0.0,0.0,181.801
15732,0.0,0.0,181.801
15733,0.0,0.0,181.801
15734,0.0,0.0,181.801
15735,0.0,0.0,181.801
15736,0.0,0.0,181.801
15737,0.0,0.0,181.801
15738,14.3,0.894,181.801
15739,0.0,0.0,181.801
15740,0.0,0.0,181.801
15741,0.0,0.0,181.801
15742,0.0,0.0,181.801
15743,0.0,0.0,181.801
15744,0.0,0.0,181.801
15745,0.0,0.0,181.801
15746,0.0,0.0,181.801
15747,0.0,0.0,181.801
15748,0.0,0.0,181.801
15749,0.0,0.0,181.801
15750,0.0,0.0,181.801
15751,0.0,0.0,181.801
15752,0.0,0.0,181.801
15753,0.0,0.0,181.801
15754,0.0,0.0,181.801
15755,0.0,0.0,181.801
15756,0.0,0.0,181.801
15757,0.0,0.0,181.801
15758,0.0,0.0,181.801
15759,0.0,0.0,181.801
15760,0.0,0.0,181.801
15761,0.0,0.0,181.801
15762,0.0,0.0,181.801
15763,0.0,0.0,181.801
15764,0.0,0.0,181.801
15765,0.0,0.0,181.801
15766,0.0,0.0,181.801
15767,0.0,0.0,181.801
15768,0.0,0.0,181.801
15769,0.0,0.0,181.801
15770,0.0,0.0,181.801
15771,0.0,0.0,181.801
15772,0.0,0.0,181.801
15773,0.0,0.0,181.801
15774,0.0,0.0,181.801
15775,0.0,0.0,181.801
15776,0.0,0.0,181.801
15777,0.0,0.0,181.801
15778,0.0,0.0,181.801
15779,0.0,0.0,181.801
15780,0.0,0.0,181.801
15781,0.0,0.0,181.801
15782,0.0,0.0,181.801
15783,0.0,0.0,181.801
15784,0.0,0.0,181.801
15785,0.0,0.0,181.801
15786,0.0,0.0,181.801
15787,0.0,0.0,181.801
15788,0.0,0.0,181.801
15789,0.0,0.0,181.801
15790,0.0,0.0,181.801
15791,0.0,0.0,181.801
15792,0.0,0.0,181.801
15793,0.0,0.0,181.801
15794,0.0,0.0,181.801
15795,0.0,0.0,181.801
15796,0.0,0.0,181.801
15797,0.0,0.0,181.801
15798,0.0,0.0,181.801
15799,0.0,0.0,181.801
15800,0.0,0.0,181.801
15801,0.0,0.0,181.801
15802,0.0,0.0,181.801
15803,0.0,0.0,181.801
15804,0.0,0.0,181.801
15805,0.0,0.0,181.801
15806,0.0,0.0,181.801
15807,0.0,0.0,181.801
15808,0.0,0.0,181.801
15809,0.0,0.0,181.801
15810,0.0,0.0,181.801
15811,0.0,0.0,181.801
15812,0.0,0.0,181.801
15813,0.0,0.0,181.801
15814,0.0,0.0,181.801
15815,0.0,0.0,181.801
15816,0.0,0.0,181.801
15817,0.0,0.0,181.801
15818,0.0,0.0,181.801
15819,0.0,0.0,181.801
15820,0.0,0.0,181.801
15821,0.0,0.0,181.801
15822,0.0,0.0,181.801
15823,0.0,0.0,181.801
15824,0.0,0.0,181.801
15825,0.0,0.0,181.801
15826,0.0,0.0,181.801
15827,0.0,0.0,181.801
15828,0.0,0.0,181.801
15829,0.0,0.0,181.801
15830,0.0,0.0,181.801
15831,0.0,0.0,181.801
15832,0.0,0.0,181.801
15833,0.0,0.0,181.801
15834,0.0,0.0,181.801
15835,0.0,0.0,181.801
15836,0.0,0.0,181.801
15837,0.0,0.0,181.801
15838,0.0,0.0,181.801
15839,0.0,0.0,181.801
15840,0.0,0.0,181.801
15841,0.0,0.0,181.801
15842,0.0,0.0,181.801
15843,0.0,0.0,181.801
15844,0.0,0.0,181.801
15845,0.0,0.0,181.801
15846,0.0,0.0,181.801
15847,0.0,0.0,181.801
15848,0.0,0.0,181.801
15849,0.0,0.0,181.801
15850,0.0,0.0,181.801
15851,0.0,0.0,181.801
15852,14.2,0.887,181.801
15853,0.0,0.0,181.801
15854,0.0,0.0,181.801
15855,0.0,0.0,181.801
15856,0.0,0.0,181.801
15857,0.0,0.0,181.801
15858,0.0,0.0,181.801
15859,0.0,0.0,181.801
15860,0.0,0.0,181.801
15861,0.0,0.0,181.801
15862,0.0,0.0,181.801
15863,0.0,0.0,181.801
15864,0.0,0.0,181.801
15865,0.0,0.0,181.801
15866,0.0,0.0,181.801
15867,0.0,0.0,181.801
15868,0.0,0.0,181.801
15869,0.0,0.0,181.801
15870,0.0,0.0,181.801
15871,0.0,0.0,181.801
15872,0.0,0.0,181.801
15873,0.0,0.0,181.801
15874,0.0,0.0,181.801
15875,0.0,0.0,181.801
15876,0.0,0.0,181.801
15877,0.0,0.0,181.801
15878,0.0,0.0,181.801
15879,0.0,0.0,181.801
15880,0.0,0.0,181.801
15881,0.0,0.0,181.801
15882,0.0,0.0,181.801
15883,0.0,0.0,181.801
15884,0.0,0.0,181.801
15885,0.0,0.0,181.801
15886,0.0,0.0,181.801
15887,0.0,0.0,181.801
15888,0.0,0.0,181.801
15889,0.0,0.0,181.801
15890,0.0,0.0,181.801
15891,0.0,0.0,181.801
15892,0.0,0.0,181.801
15893,0.0,0.0,181.801
15894,0.0,0.0,181.801
15895,0.0,0.0,181.801
15896,0.0,0.0,181.801
15897,0.0,0.0,181.801
15898,0.0,0.0,181.801
15899,0.0,0.0,181.801
15900,0.0,0.0,181.801
15901,0.0,0.0,181.801
15902,0.0,0.0,181.801
15903,0.0,0.0,181.801
15904,0.0,0.0,181.801
15905,0.0,0.0,181.801
15906,0.0,0.0,181.801
15907,0.0,0.0,181.801
15908,0.0,0.0,181.801
15909,0.0,0.0,181.801
15910,0.0,0.0,181.801
15911,0.0,0.0,181.801
15912,0.0,0.0,181.801
15913,0.0,0.0,181.801
15914,0.0,0.0,181.801
15915,0.0,0.0,181.801
15916,0.0,0.0,181.801
15917,0.0,0.0,181.801
15918,0.0,0.0,181.801
15919,0.0,0.0,181.801
15920,0.0,0.0,181.801
15921,0.0,0.0,181.801
15922,0.0,0.0,181.801
15923,0.0,0.0,181.801
15924,0.0,0.0,181.801
15925,0.0,0.0,181.801
15926,0.0,0.0,181.801
15927,0.0,0.0,181.801
15928,0.0,0.0,181.801
15929,0.0,0.0,181.801
15930,0.0,0.0,181.801
15931,0.0,0.0,181.801
15932,0.0,0.0,181.801
15933,0.0,0.0,181.801
15934,0.0,0.0,181.801
15935,0.0,0.0,181.801
15936,0.0,0.0,181.801
15937,0.0,0.0,181.801
15938,0.0,0.0,181.801
15939,0.0,0.0,181.801
15940,0.0,0.0,181.801
15941,0.0,0.0,181.801
15942,14.3,0.894,181.801
15943,0.0,0.0,181.801
15944,0.0,0.0,181.801
15945,0.0,0.0,181.801
15946,0.0,0.0,181.801
15947,0.0,0.0,181.801
15948,0.0,0.0,181.801
15949,0.0,0.0,181.801
15950,0.0,0.0,181.801
15951,0.0,0.0,181.801
15952,0.0,0.0,181.801
15953,0.0,0.0,181.801
15954,0.0,0.0,181.801
15955,0.0,0.0,181.801
15956,0.0,0.0,181.801
15957,0.0,0.0,181.801
15958,0.0,0.0,181.801
15959,0.0,0.0,181.801
15960,0.0,0.0,181.801
15961,0.0,0.0,181.801
15962,0.0,0.0,181.801
15963,0.0,0.0,181.801
15964,43.0,2.688,182.582
15965,14.2,0.887,182.582
15966,0.0,0.0,182.582
15967,0.0,0.0,182.582
15968,0.0,0.0,182.582
15969,0.0,0.0,182.582
15970,14.3,0.894,182.582
15971,0.0,0.0,182.582
15972,0.0,0.0,182.582
15973,0.0,0.0,182.582
15974,0.0,0.0,182.582
15975,0.0,0.0,182.582
15976,0.0,0.0,182.582
15977,0.0,0.0,182.582
15978,0.0,0.0,182.582
15979,12.5,0.781,182.582
15980,0.0,0.0,182.582
15981,0.0,0.0,182.582
15982,0.0,0.0,182.582
15983,0.0,0.0,182.582
15984,0.0,0.0,182.582
15985,0.0,0.0,182.582
15986,0.0,0.0,182.582
15987,0.0,0.0,182.582
15988,0.0,0.0,182.582
15989,0.0,0.0,182.582
15990,0.0,0.0,182.582
15991,0.0,0.0,182.582
15992,0.0,0.0,182.582
15993,0.0,0.0,182.582
15994,0.0,0.0,182.582
15995,0.0,0.0,182.582
15996,0.0,0.0,182.582
15997,0.0,0.0,182.582
15998,0.0,0.0,182.582
15999,0.0,0.0,182.582
16000,0.0,0.0,182.582
16001,0.0,0.0,182.582
16002,0.0,0.0,182.582
16003,0.0,0.0,182.582
16004,0.0,0.0,182.582
16005,0.0,0.0,182.582
16006,0.0,0.0,182.582
16007,0.0,0.0,182.582
16008,0.0,0.0,182.582
16009,0.0,0.0,182.582
16010,0.0,0.0,182.582
16011,0.0,0.0,182.582
16012,0.0,0.0,182.582
16013,0.0,0.0,182.582
16014,0.0,0.0,182.582
16015,0.0,0.0,182.582
16016,0.0,0.0,182.582
16017,0.0,0.0,182.582
16018,0.0,0.0,182.582
16019,0.0,0.0,182.582
16020,0.0,0.0,182.582
16021,0.0,0.0,182.582
16022,0.0,0.0,182.582
16023,0.0,0.0,182.582
16024,0.0,0.0,182.582
16025,0.0,0.0,182.582
16026,0.0,0.0,182.582
16027,0.0,0.0,182.582
16028,0.0,0.0,182.582
16029,0.0,0.0,182.582
16030,0.0,0.0,182.582
16031,0.0,0.0,182.582
16032,0.0,0.0,182.582
16033,0.0,0.0,182.582
16034,0.0,0.0,182.582
16035,0.0,0.0,182.582
16036,0.0,0.0,182.582
16037,0.0,0.0,182.582
16038,0.0,0.0,182.582
16039,0.0,0.0,182.582
16040,0.0,0.0,182.582
16041,14.3,0.894,182.582
16042,0.0,0.0,182.582
16043,0.0,0.0,182.582
16044,0.0,0.0,182.582
16045,0.0,0.0,182.582
16046,0.0,0.0,182.582
16047,0.0,0.0,182.582
16048,0.0,0.0,182.582
16049,0.0,0.0,182.582
16050,0.0,0.0,182.582
16051,0.0,0.0,182.582
16052,0.0,0.0,182.582
16053,0.0,0.0,182.582
16054,0.0,0.0,182.582
16055,0.0,0.0,182.582
16056,0.0,0.0,182.582
16057,0.0,0.0,182.582
16058,0.0,0.0,182.582
16059,0.0,0.0,182.582
16060,14.3,0.894,182.582
16061,0.0,0.0,182.582
16062,75.0,4.688,182.582
16063,100.0,6.25,182.66
16064,89.3,5.581,182.66
16065,56.8,3.55,182.66
16066,0.0,0.0,182.66
16067,0.0,0.0,182.66
16068,14.3,0.894,182.66
16069,0.0,0.0,182.66
16070,0.0,0.0,182.66
16071,0.0,0.0,182.66
16072,0.0,0.0,182.66
16073,0.0,0.0,182.66
16074,0.0,0.0,182.66
16075,0.0,0.0,182.66
16076,0.0,0.0,182.66
16077,14.3,0.894,182.676
16078,0.0,0.0,182.676
16079,0.0,0.0,182.676
16080,0.0,0.0,182.676
16081,0.0,0.0,182.676
16082,0.0,0.0,182.676
16083,0.0,0.0,182.676
16084,0.0,0.0,182.676
16085,0.0,0.0,182.676
16086,42.6,2.663,182.676
16087,14.3,0.894,182.676
16088,0.0,0.0,182.676
16089,0.0,0.0,182.676
16090,0.0,0.0,182.676
16091,0.0,0.0,182.676
16092,0.0,0.0,182.676
16093,14.2,0.887,182.676
16094,0.0,0.0,182.676
16095,0.0,0.0,182.676
16096,0.0,0.0,182.676
16097,0.0,0.0,182.676
16098,0.0,0.0,182.676
16099,0.0,0.0,182.676
16100,0.0,0.0,182.676
16101,0.0,0.0,182.676
16102,0.0,0.0,182.676
16103,25.0,1.562,182.676
16104,86.0,5.375,182.676
16105,14.2,0.887,182.676
16106,0.0,0.0,182.676
16107,0.0,0.0,182.676
16108,0.0,0.0,182.676
16109,28.4,1.775,182.676
16110,14.3,0.894,182.676
16111,0.0,0.0,182.676
16112,37.5,2.344,182.676
16113,87.5,5.469,182.676
16114,0.0,0.0,182.676
16115,0.0,0.0,182.676
16116,0.0,0.0,182.676
16117,0.0,0.0,182.676
16118,0.0,0.0,182.676
16119,14.2,0.887,182.676
16120,0.0,0.0,182.676
16121,0.0,0.0,182.676
16122,0.0,0.0,182.676
16123,0.0,0.0,182.676
16124,0.0,0.0,182.676
16125,0.0,0.0,182.676
16126,0.0,0.0,182.676
16127,0.0,0.0,182.676
16128,0.0,0.0,182.676
16129,0.0,0.0,182.676
16130,0.0,0.0,182.676
16131,0.0,0.0,182.676
16132,0.0,0.0,182.676
16133,0.0,0.0,182.676
16134,0.0,0.0,182.676
16135,0.0,0.0,182.676
16136,0.0,0.0,182.676
16137,0.0,0.0,182.676
16138,0.0,0.0,182.676
16139,0.0,0.0,182.676
16140,0.0,0.0,182.676
16141,0.0,0.0,182.676
16142,0.0,0.0,182.676
16143,0.0,0.0,182.676
16144,0.0,0.0,182.676
16145,0.0,0.0,182.676
16146,0.0,0.0,182.676
16147,0.0,0.0,182.676
16148,0.0,0.0,182.676
16149,0.0,0.0,182.676
16150,0.0,0.0,182.676
16151,0.0,0.0,182.676
16152,0.0,0.0,182.676
16153,0.0,0.0,182.676
16154,0.0,0.0,182.676
16155,0.0,0.0,182.676
16156,0.0,0.0,182.676
16157,14.2,0.887,182.676
16158,0.0,0.0,182.676
16159,0.0,0.0,182.676
16160,0.0,0.0,182.676
16161,0.0,0.0,182.676
16162,0.0,0.0,182.676
16163,0.0,0.0,182.676
16164,0.0,0.0,182.676
16165,0.0,0.0,182.676
16166,0.0,0.0,182.676
16167,0.0,0.0,182.676
16168,0.0,0.0,182.676
16169,0.0,0.0,182.676
16170,0.0,0.0,182.676
16171,0.0,0.0,182.676
16172,0.0,0.0,182.676
16173,0.0,0.0,182.676
16174,0.0,0.0,182.676
16175,0.0,0.0,182.676
16176,0.0,0.0,182.676
16177,0.0,0.0,182.676
16178,0.0,0.0,182.676
16179,0.0,0.0,182.676
16180,0.0,0.0,182.676
16181,0.0,0.0,182.676
16182,0.0,0.0,182.676
16183,0.0,0.0,182.676
16184,0.0,0.0,182.676
16185,0.0,0.0,182.676
16186,0.0,0.0,182.676
16187,0.0,0.0,182.676
16188,0.0,0.0,182.676
16189,0.0,0.0,182.676
16190,0.0,0.0,182.676
16191,0.0,0.0,182.676
16192,0.0,0.0,182.676
16193,0.0,0.0,182.676
16194,14.3,0.894,182.676
16195,0.0,0.0,182.676
16196,0.0,0.0,182.676
16197,0.0,0.0,182.676
16198,0.0,0.0,182.676
16199,0.0,0.0,182.676
16200,0.0,0.0,182.676
16201,0.0,0.0,182.676
16202,28.4,1.775,182.676
16203,62.5,3.906,182.676
16204,100.0,6.25,182.676
16205,100.0,6.25,182.676
16206,0.0,0.0,182.676
16207,0.0,0.0,182.676
16208,0.0,0.0,182.676
16209,0.0,0.0,182.676
16210,0.0,0.0,182.676
16211,0.0,0.0,182.676
16212,0.0,0.0,182.676
16213,0.0,0.0,182.676
16214,0.0,0.0,182.676
16215,0.0,0.0,182.676
16216,0.0,0.0,182.676
16217,0.0,0.0,182.676
16218,0.0,0.0,182.676
16219,0.0,0.0,182.676
16220,0.0,0.0,182.676
16221,0.0,0.0,182.676
16222,12.5,0.781,182.676
16223,0.0,0.0,182.676
16224,0.0,0.0,182.676
16225,28.7,1.794,182.676
16226,0.0,0.0,182.676
16227,0.0,0.0,182.676
16228,0.0,0.0,182.676
16229,0.0,0.0,182.676
16230,0.0,0.0,182.676
16231,0.0,0.0,182.676
16232,0.0,0.0,182.676
16233,0.0,0.0,182.676
16234,0.0,0.0,182.676
16235,0.0,0.0,182.676
16236,66.5,4.156,183.633
16237,12.5,0.781,183.633
16238,14.3,0.894,183.633
16239,14.3,0.894,183.633
16240,0.0,0.0,183.633
16241,0.0,0.0,183.633
16242,0.0,0.0,183.633
16243,0.0,0.0,183.633
16244,0.0,0.0,183.633
16245,0.0,0.0,183.633
16246,0.0,0.0,183.633
16247,0.0,0.0,183.633
16248,12.5,0.781,183.633
16249,14.3,0.894,183.633
16250,0.0,0.0,183.633
16251,0.0,0.0,183.633
16252,0.0,0.0,183.633
16253,0.0,0.0,183.633
16254,0.0,0.0,183.633
16255,0.0,0.0,183.633
16256,0.0,0.0,183.633
16257,0.0,0.0,183.633
16258,0.0,0.0,183.633
16259,87.5,5.469,183.633
16260,100.0,6.25,183.633
16261,100.0,6.25,183.633
16262,14.2,0.887,183.633
16263,28.7,1.794,183.633
16264,0.0,0.0,183.633
16265,0.0,0.0,183.633
16266,0.0,0.0,183.633
16267,0.0,0.0,183.633
16268,0.0,0.0,183.633
16269,0.0,0.0,183.633
16270,0.0,0.0,183.633
16271,0.0,0.0,183.633
16272,0.0,0.0,183.633
16273,66.5,4.156,183.633
16274,100.0,6.25,183.633
16275,75.0,4.688,183.633
16276,57.3,3.581,183.633
16277,0.0,0.0,183.633
16278,0.0,0.0,183.633
16279,14.3,0.894,183.656
16280,0.0,0.0,183.66
16281,0.0,0.0,183.66
16282,14.3,0.894,183.66
16283,0.0,0.0,183.66
16284,0.0,0.0,183.66
16285,0.0,0.0,183.66
16286,0.0,0.0,183.66
16287,14.2,0.887,183.68
16288,43.0,2.688,183.824
16289,28.7,1.794,181.922
16290,14.2,0.887,181.926
16291,0.0,0.0,181.926
16292,0.0,0.0,181.926
16293,0.0,0.0,181.926
16294,0.0,0.0,181.926
16295,0.0,0.0,181.926
16296,0.0,0.0,181.926
16297,0.0,0.0,181.926
16298,0.0,0.0,181.926
16299,14.3,0.894,181.926
16300,0.0,0.0,181.926
16301,0.0,0.0,181.926
16302,0.0,0.0,181.926
16303,0.0,0.0,181.926
16304,0.0,0.0,181.926
16305,0.0,0.0,181.926
16306,0.0,0.0,181.926
16307,0.0,0.0,181.926
16308,0.0,0.0,181.926
16309,0.0,0.0,181.926
16310,0.0,0.0,181.926
16311,0.0,0.0,181.926
16312,0.0,0.0,181.926
16313,0.0,0.0,181.926
16314,0.0,0.0,181.926
16315,0.0,0.0,181.926
16316,0.0,0.0,181.926
16317,0.0,0.0,181.926
16318,0.0,0.0,181.926
16319,0.0,0.0,181.926
16320,0.0,0.0,181.926
16321,0.0,0.0,181.926
16322,0.0,0.0,181.926
16323,0.0,0.0,181.926
16324,0.0,0.0,181.926
16325,0.0,0.0,181.926
16326,0.0,0.0,181.926
16327,0.0,0.0,181.926
16328,0.0,0.0,181.926
16329,0.0,0.0,181.926
16330,0.0,0.0,181.926
16331,0.0,0.0,181.926
16332,0.0,0.0,181.926
16333,0.0,0.0,181.926
16334,14.2,0.887,181.926
16335,0.0,0.0,181.926
16336,0.0,0.0,181.926
16337,0.0,0.0,181.926
16338,0.0,0.0,181.926
16339,0.0,0.0,181.926
16340,0.0,0.0,181.926
16341,0.0,0.0,181.926
16342,0.0,0.0,181.926
16343,0.0,0.0,181.926
16344,0.0,0.0,181.926
16345,0.0,0.0,181.926
16346,14.3,0.894,181.926
16347,0.0,0.0,181.926
16348,0.0,0.0,181.926
16349,0.0,0.0,181.926
16350,0.0,0.0,181.926
16351,0.0,0.0,181.926
16352,0.0,0.0,181.926
16353,0.0,0.0,181.926
16354,0.0,0.0,181.926
16355,0.0,0.0,181.926
16356,0.0,0.0,181.926
16357,0.0,0.0,181.926
16358,0.0,0.0,181.926
16359,0.0,0.0,181.926
16360,0.0,0.0,181.926
16361,0.0,0.0,181.926
16362,87.5,5.469,182.559
16363,100.0,6.25,182.738
16364,62.5,3.906,180.539
16365,0.0,0.0,180.539
16366,0.0,0.0,180.539
16367,0.0,0.0,180.539
16368,50.0,3.125,180.688
16369,100.0,6.25,181.312
16370,100.0,6.25,181.312
16371,50.0,3.125,181.312
16372,0.0,0.0,181.312
16373,0.0,0.0,181.312
16374,14.3,0.894,181.348
16375,0.0,0.0,181.348
16376,0.0,0.0,181.348
16377,0.0,0.0,181.348
16378,0.0,0.0,181.348
16379,14.3,0.894,181.352
16380,0.0,0.0,181.352
16381,14.2,0.887,181.363
16382,14.3,0.894,181.391
16383,0.0,0.0,181.391
16384,0.0,0.0,181.391
16385,0.0,0.0,181.391
16386,0.0,0.0,181.391
16387,14.2,0.887,181.391
16388,0.0,0.0,181.391
16389,0.0,0.0,181.391
16390,62.5,3.906,181.391
16391,100.0,6.25,181.395
16392,100.0,6.25,181.395
16393,0.0,0.0,181.395
16394,0.0,0.0,181.395
16395,0.0,0.0,181.395
16396,0.0,0.0,181.395
16397,0.0,0.0,181.395
16398,0.0,0.0,181.395
16399,0.0,0.0,181.395
16400,0.0,0.0,181.395
16401,14.3,0.894,181.395
16402,0.0,0.0,181.395
16403,0.0,0.0,181.395
16404,0.0,0.0,181.395
16405,12.5,0.781,181.402
16406,0.0,0.0,181.402
16407,0.0,0.0,181.402
16408,14.2,0.887,181.422
16409,0.0,0.0,181.422
16410,0.0,0.0,181.422
16411,0.0,0.0,181.422
16412,0.0,0.0,181.43
16413,25.0,1.562,181.438
16414,100.0,6.25,181.438
16415,100.0,6.25,181.438
16416,28.7,1.794,181.438
16417,14.3,0.894,181.441
16418,0.0,0.0,181.441
16419,14.2,0.887,181.465
16420,100.0,6.25,181.465
16421,28.7,1.794,181.465
16422,14.2,0.887,181.473
16423,0.0,0.0,181.473
16424,0.0,0.0,181.473
16425,25.0,1.562,181.488
16426,0.0,0.0,181.488
16427,0.0,0.0,181.488
16428,37.5,2.344,181.488
16429,86.0,5.375,181.488
16430,0.0,0.0,181.488
16431,0.0,0.0,181.488
16432,0.0,0.0,181.488
16433,0.0,0.0,181.488
16434,0.0,0.0,181.488
16435,28.7,1.794,181.488
16436,0.0,0.0,181.488
16437,0.0,0.0,181.488
16438,0.0,0.0,181.488
16439,0.0,0.0,181.488
16440,0.0,0.0,181.488
16441,0.0,0.0,181.488
16442,14.2,0.887,181.488
16443,0.0,0.0,181.488
16444,0.0,0.0,181.488
16445,0.0,0.0,181.488
16446,0.0,0.0,181.488
16447,0.0,0.0,181.488
16448,0.0,0.0,181.488
16449,62.5,3.906,181.488
16450,100.0,6.25,181.488
16451,75.0,4.688,181.488
16452,0.0,0.0,181.488
16453,0.0,0.0,181.488
16454,0.0,0.0,181.488
16455,25.0,1.562,181.488
16456,0.0,0.0,181.488
16457,0.0,0.0,181.488
16458,0.0,0.0,181.488
16459,0.0,0.0,181.488
16460,0.0,0.0,181.488
16461,0.0,0.0,181.488
16462,0.0,0.0,181.488
16463,0.0,0.0,181.488
16464,0.0,0.0,181.488
16465,28.7,1.794,182.945
16466,0.0,0.0,182.945
16467,0.0,0.0,182.945
16468,37.5,2.344,183.355
16469,100.3,6.269,183.355
16470,14.3,0.894,183.355
16471,0.0,0.0,183.355
16472,0.0,0.0,183.355
16473,0.0,0.0,183.355
16474,0.0,0.0,183.355
16475,14.3,0.894,183.371
16476,14.3,0.894,183.379
16477,0.0,0.0,183.387
16478,28.4,1.775,183.547
16479,12.5,0.781,189.207
16480,43.0,2.688,185.68
16481,0.0,0.0,185.688
16482,0.0,0.0,185.688
16483,0.0,0.0,185.688
16484,0.0,0.0,185.688
16485,28.4,1.775,185.816
16486,0.0,0.0,185.816
16487,0.0,0.0,185.816
16488,14.2,0.887,185.816
16489,14.3,0.894,185.816
16490,62.5,3.906,186.16
16491,62.5,3.906,186.164
16492,14.3,0.894,186.168
16493,0.0,0.0,186.168
16494,0.0,0.0,186.168
16495,0.0,0.0,186.168
16496,14.3,0.894,186.168
16497,25.0,1.562,186.168
16498,66.5,4.156,186.168
16499,114.7,7.169,186.168
16500,87.5,5.469,186.168
16501,14.3,0.894,186.168
16502,0.0,0.0,186.168
16503,0.0,0.0,186.168
16504,0.0,0.0,186.168
16505,14.3,0.894,186.23
16506,0.0,0.0,186.23
16507,0.0,0.0,186.23
16508,0.0,0.0,186.23
16509,0.0,0.0,186.23
16510,14.3,0.894,186.23
16511,0.0,0.0,186.23
16512,0.0,0.0,186.23
16513,0.0,0.0,186.23
16514,0.0,0.0,186.23
16515,12.5,0.781,186.23
16516,14.2,0.887,186.23
16517,0.0,0.0,186.23
16518,0.0,0.0,186.23
16519,0.0,0.0,186.23
16520,0.0,0.0,186.23
16521,0.0,0.0,186.23
16522,37.5,2.344,186.355
16523,87.5,5.469,186.508
16524,100.0,6.25,186.492
16525,28.4,1.775,186.492
16526,14.3,0.894,186.492
16527,0.0,0.0,186.492
16528,0.0,0.0,186.492
16529,0.0,0.0,186.492
16530,0.0,0.0,186.492
16531,0.0,0.0,186.492
16532,0.0,0.0,186.492
16533,0.0,0.0,186.492
16534,0.0,0.0,186.492
16535,0.0,0.0,186.492
16536,0.0,0.0,186.492
16537,0.0,0.0,186.492
16538,0.0,0.0,186.492
16539,0.0,0.0,186.492
16540,0.0,0.0,186.492
16541,0.0,0.0,186.492
16542,0.0,0.0,186.492
16543,0.0,0.0,186.492
16544,0.0,0.0,186.492
16545,0.0,0.0,186.492
16546,14.3,0.894,186.492
16547,0.0,0.0,186.492
16548,0.0,0.0,186.492
16549,0.0,0.0,186.492
16550,0.0,0.0,186.492
16551,0.0,0.0,186.492
16552,0.0,0.0,186.492
16553,0.0,0.0,186.492
16554,0.0,0.0,186.492
16555,0.0,0.0,186.492
16556,14.3,0.894,186.492
16557,0.0,0.0,186.492
16558,0.0,0.0,186.492
16559,14.2,0.887,186.492
16560,0.0,0.0,186.492
16561,0.0,0.0,186.492
16562,0.0,0.0,186.492
16563,0.0,0.0,186.492
16564,0.0,0.0,186.492
16565,0.0,0.0,186.492
16566,0.0,0.0,186.492
16567,0.0,0.0,186.492
16568,0.0,0.0,186.492
16569,0.0,0.0,186.492
16570,0.0,0.0,186.492
16571,0.0,0.0,186.492
16572,0.0,0.0,186.492
16573,0.0,0.0,186.492
16574,25.0,1.562,186.492
16575,0.0,0.0,186.492
16576,0.0,0.0,186.492
16577,0.0,0.0,186.492
16578,0.0,0.0,186.492
16579,14.3,0.894,186.492
16580,0.0,0.0,186.492
16581,0.0,0.0,186.492
16582,0.0,0.0,186.492
16583,0.0,0.0,186.492
16584,14.3,0.894,186.492
16585,0.0,0.0,186.492
16586,0.0,0.0,186.492
16587,0.0,0.0,186.492
16588,0.0,0.0,186.492
16589,0.0,0.0,186.492
16590,0.0,0.0,186.492
16591,0.0,0.0,186.492
16592,87.5,5.469,186.492
16593,100.0,6.25,186.492
16594,12.5,0.781,186.492
16595,0.0,0.0,186.492
16596,0.0,0.0,186.492
16597,0.0,0.0,186.492
16598,0.0,0.0,186.492
16599,14.2,0.887,186.492
16600,0.0,0.0,186.492
16601,0.0,0.0,186.492
16602,0.0,0.0,186.492
16603,14.2,0.887,186.492
16604,0.0,0.0,186.492
16605,0.0,0.0,186.492
16606,0.0,0.0,186.492
16607,55.8,3.487,186.492
16608,75.0,4.688,186.492
16609,56.8,3.55,186.492
16610,14.3,0.894,186.492
16611,12.5,0.781,186.492
16612,100.0,6.25,186.492
16613,100.0,6.25,186.492
16614,75.0,4.688,186.492
16615,0.0,0.0,186.492
16616,0.0,0.0,186.492
16617,0.0,0.0,186.492
16618,14.2,0.887,186.492
16619,0.0,0.0,186.492
16620,0.0,0.0,186.492
16621,0.0,0.0,186.492
16622,0.0,0.0,186.492
16623,0.0,0.0,186.492
16624,14.2,0.887,186.492
16625,0.0,0.0,186.492
16626,0.0,0.0,186.492
16627,0.0,0.0,186.492
16628,0.0,0.0,186.492
16629,100.0,6.25,186.492
16630,100.0,6.25,186.492
16631,43.0,2.688,186.492
16632,0.0,0.0,186.492
16633,0.0,0.0,186.492
16634,28.4,1.775,186.492
16635,0.0,0.0,186.492
16636,0.0,0.0,186.492
16637,0.0,0.0,186.492
16638,0.0,0.0,186.492
16639,0.0,0.0,186.492
16640,0.0,0.0,186.492
16641,0.0,0.0,186.492
16642,0.0,0.0,186.492
16643,14.2,0.887,186.492
16644,0.0,0.0,186.492
16645,0.0,0.0,186.492
16646,0.0,0.0,186.492
16647,0.0,0.0,186.492
16648,0.0,0.0,186.492
16649,0.0,0.0,186.492
16650,0.0,0.0,186.492
16651,0.0,0.0,186.492
16652,0.0,0.0,186.492
16653,75.0,4.688,186.492
16654,50.0,3.125,186.492
16655,0.0,0.0,186.492
16656,14.2,0.887,186.492
16657,12.5,0.781,186.492
16658,14.3,0.894,186.492
16659,0.0,0.0,186.492
16660,0.0,0.0,186.492
16661,0.0,0.0,186.492
16662,0.0,0.0,186.492
16663,0.0,0.0,186.492
16664,0.0,0.0,186.492
16665,0.0,0.0,186.492
16666,0.0,0.0,186.492
16667,0.0,0.0,186.492
16668,0.0,0.0,186.492
16669,28.7,1.794,186.492
16670,37.5,2.344,186.871
16671,14.2,0.887,186.871
16672,14.3,0.894,186.871
16673,14.3,0.894,186.871
16674,14.2,0.887,186.871
16675,62.5,3.906,186.902
16676,87.5,5.469,186.902
16677,89.3,5.581,186.902
16678,28.4,1.775,186.902
16679,14.3,0.894,186.902
16680,0.0,0.0,186.902
16681,0.0,0.0,186.902
16682,0.0,0.0,186.902
16683,0.0,0.0,186.902
16684,0.0,0.0,186.902
16685,0.0,0.0,186.902
16686,0.0,0.0,186.902
16687,0.0,0.0,186.902
16688,0.0,0.0,186.902
16689,0.0,0.0,186.902
16690,0.0,0.0,186.902
16691,14.3,0.894,186.902
16692,0.0,0.0,186.902
16693,0.0,0.0,186.902
16694,43.0,2.688,186.902
16695,0.0,0.0,186.902
16696,0.0,0.0,186.902
16697,0.0,0.0,186.902
16698,0.0,0.0,186.902
16699,0.0,0.0,186.902
16700,0.0,0.0,186.902
16701,0.0,0.0,186.902
16702,0.0,0.0,186.902
16703,0.0,0.0,186.902
16704,0.0,0.0,186.902
16705,0.0,0.0,186.902
16706,0.0,0.0,186.902
16707,0.0,0.0,186.902
16708,0.0,0.0,186.902
16709,0.0,0.0,186.902
16710,87.5,5.469,186.902
16711,77.6,4.85,186.902
16712,100.0,6.25,186.902
16713,14.3,0.894,186.902
16714,0.0,0.0,186.902
16715,0.0,0.0,186.902
16716,0.0,0.0,186.902
16717,14.3,0.894,186.902
16718,0.0,0.0,186.902
16719,0.0,0.0,186.902
16720,0.0,0.0,186.902
16721,14.2,0.887,186.902
16722,0.0,0.0,186.902
16723,0.0,0.0,186.902
16724,0.0,0.0,186.902
16725,0.0,0.0,186.902
16726,0.0,0.0,186.902
16727,0.0,0.0,186.902
16728,0.0,0.0,186.902
16729,14.3,0.894,186.902
16730,0.0,0.0,186.902
16731,0.0,0.0,186.902
16732,0.0,0.0,186.902
16733,0.0,0.0,186.902
16734,0.0,0.0,186.902
16735,0.0,0.0,186.902
16736,0.0,0.0,186.902
16737,0.0,0.0,186.902
16738,0.0,0.0,186.902
16739,86.0,5.375,186.918
16740,28.4,1.775,186.918
16741,0.0,0.0,186.918
16742,0.0,0.0,186.918
16743,0.0,0.0,186.918
16744,0.0,0.0,186.918
16745,0.0,0.0,186.918
16746,0.0,0.0,186.918
16747,0.0,0.0,186.918
16748,14.3,0.894,186.918
16749,0.0,0.0,186.918
16750,0.0,0.0,186.918
16751,0.0,0.0,186.918
16752,14.3,0.894,186.918
16753,0.0,0.0,186.918
16754,0.0,0.0,186.918
16755,0.0,0.0,186.918
16756,0.0,0.0,186.918
16757,62.5,3.906,186.922
16758,100.0,6.25,186.922
16759,89.3,5.581,186.922
16760,85.2,5.325,186.922
16761,0.0,0.0,186.922
16762,14.2,0.887,186.922
16763,14.3,0.894,186.922
16764,0.0,0.0,186.922
16765,14.2,0.887,186.922
16766,0.0,0.0,186.922
16767,28.7,1.794,186.922
16768,57.3,3.581,186.941
16769,14.2,0.887,186.941
16770,14.3,0.894,186.941
16771,14.2,0.887,186.941
16772,11.2,0.7,186.941
16773,100.0,6.25,186.941
16774,100.0,6.25,186.941
16775,42.6,2.663,186.941
16776,0.0,0.0,186.941
16777,0.0,0.0,186.941
16778,0.0,0.0,186.941
16779,0.0,0.0,186.941
16780,0.0,0.0,186.941
16781,0.0,0.0,186.941
16782,0.0,0.0,186.941
16783,0.0,0.0,186.941
16784,0.0,0.0,186.941
16785,0.0,0.0,186.941
16786,0.0,0.0,186.941
16787,0.0,0.0,186.941
16788,14.2,0.887,186.941
16789,0.0,0.0,186.941
16790,0.0,0.0,186.941
16791,77.6,4.85,185.262
16792,86.0,5.375,180.43
16793,14.2,0.887,180.527
16794,0.0,0.0,180.527
16795,0.0,0.0,180.543
16796,75.0,4.688,181.848
16797,100.0,6.25,182.633
16798,100.0,6.25,182.742
16799,100.0,6.25,182.742
16800,37.5,2.344,182.742
16801,0.0,0.0,182.742
16802,0.0,0.0,182.742
16803,0.0,0.0,182.742
16804,0.0,0.0,182.742
16805,25.0,1.562,182.754
16806,0.0,0.0,182.758
16807,0.0,0.0,182.758
16808,14.3,0.894,182.758
16809,0.0,0.0,182.758
16810,0.0,0.0,182.758
16811,0.0,0.0,182.758
16812,14.3,0.894,182.879
16813,0.0,0.0,182.895
16814,62.5,3.906,182.895
16815,89.3,5.581,182.898
16816,113.6,7.1,182.898
16817,43.0,2.688,182.898
16818,0.0,0.0,182.898
16819,0.0,0.0,182.898
16820,0.0,0.0,182.898
16821,12.5,0.781,183.332
16822,0.0,0.0,183.332
16823,0.0,0.0,183.332
16824,0.0,0.0,183.332
16825,0.0,0.0,183.332
16826,0.0,0.0,183.332
16827,14.2,0.887,183.332
16828,0.0,0.0,183.332
16829,0.0,0.0,183.332
16830,0.0,0.0,183.332
16831,0.0,0.0,183.336
16832,0.0,0.0,183.336
16833,100.0,6.25,183.348
16834,100.0,6.25,183.348
16835,71.0,4.438,183.348
16836,0.0,0.0,183.348
16837,0.0,0.0,183.348
16838,0.0,0.0,183.348
16839,37.5,2.344,183.348
16840,87.5,5.469,183.348
16841,112.5,7.031,183.348
16842,42.6,2.663,183.348
16843,14.3,0.894,183.348
16844,14.3,0.894,183.348
16845,0.0,0.0,183.348
16846,0.0,0.0,183.348
16847,0.0,0.0,183.348
16848,0.0,0.0,183.348
16849,0.0,0.0,183.348
16850,0.0,0.0,183.348
16851,0.0,0.0,183.348
16852,0.0,0.0,183.348
16853,0.0,0.0,183.348
16854,0.0,0.0,183.348
16855,0.0,0.0,183.348
16856,0.0,0.0,183.348
16857,0.0,0.0,183.348
16858,0.0,0.0,183.348
16859,0.0,0.0,183.348
16860,0.0,0.0,183.348
16861,0.0,0.0,183.348
16862,0.0,0.0,183.348
16863,0.0,0.0,183.348
16864,0.0,0.0,183.348
16865,0.0,0.0,183.348
16866,0.0,0.0,183.348
16867,0.0,0.0,183.348
16868,0.0,0.0,183.348
16869,0.0,0.0,183.348
16870,0.0,0.0,183.348
16871,0.0,0.0,183.348
16872,0.0,0.0,183.348
16873,0.0,0.0,183.348
16874,0.0,0.0,183.348
16875,0.0,0.0,183.348
16876,0.0,0.0,183.348
16877,0.0,0.0,183.348
16878,0.0,0.0,183.348
16879,0.0,0.0,183.348
16880,0.0,0.0,183.348
16881,0.0,0.0,183.348
16882,0.0,0.0,183.348
16883,0.0,0.0,183.348
16884,0.0,0.0,183.348
16885,0.0,0.0,183.348
16886,0.0,0.0,183.348
16887,0.0,0.0,183.348
16888,0.0,0.0,183.348
16889,0.0,0.0,183.348
16890,0.0,0.0,183.348
16891,0.0,0.0,183.348
16892,0.0,0.0,183.348
16893,0.0,0.0,183.348
16894,0.0,0.0,183.348
16895,0.0,0.0,183.348
16896,0.0,0.0,183.348
16897,0.0,0.0,183.348
16898,0.0,0.0,183.348
16899,0.0,0.0,183.348
16900,0.0,0.0,183.348
16901,14.3,0.894,183.348
16902,0.0,0.0,183.348
16903,0.0,0.0,183.348
16904,0.0,0.0,183.348
16905,0.0,0.0,183.348
16906,0.0,0.0,183.348
16907,0.0,0.0,183.348
16908,0.0,0.0,183.348
16909,14.2,0.887,183.348
16910,0.0,0.0,183.348
16911,0.0,0.0,183.348
16912,0.0,0.0,183.348
16913,0.0,0.0,183.348
16914,0.0,0.0,183.348
16915,12.5,0.781,183.348
16916,100.0,6.25,183.348
16917,100.0,6.25,183.348
16918,99.4,6.213,183.348
16919,0.0,0.0,183.348
16920,28.7,1.794,183.41
16921,0.0,0.0,183.41
16922,0.0,0.0,183.41
16923,0.0,0.0,183.41
16924,0.0,0.0,183.41
16925,0.0,0.0,183.41
16926,0.0,0.0,183.41
16927,0.0,0.0,183.41
16928,0.0,0.0,183.41
16929,0.0,0.0,183.41
16930,0.0,0.0,183.41
16931,0.0,0.0,183.41
16932,0.0,0.0,183.41
16933,0.0,0.0,183.41
16934,0.0,0.0,183.41
16935,0.0,0.0,183.41
16936,0.0,0.0,183.41
16937,0.0,0.0,183.41
16938,0.0,0.0,183.41
16939,0.0,0.0,183.41
16940,0.0,0.0,183.41
16941,0.0,0.0,183.41
16942,0.0,0.0,183.41
16943,0.0,0.0,183.41
16944,0.0,0.0,183.41
16945,0.0,0.0,183.41
16946,0.0,0.0,183.41
16947,0.0,0.0,183.41
16948,0.0,0.0,183.41
16949,0.0,0.0,183.41
16950,0.0,0.0,183.41
16951,0.0,0.0,183.41
16952,0.0,0.0,183.41
16953,0.0,0.0,183.41
16954,0.0,0.0,183.41
16955,0.0,0.0,183.41
16956,0.0,0.0,183.41
16957,0.0,0.0,183.41
16958,0.0,0.0,183.41
16959,0.0,0.0,183.41
16960,0.0,0.0,183.41
16961,0.0,0.0,183.41
16962,0.0,0.0,183.41
16963,0.0,0.0,183.41
16964,0.0,0.0,183.41
16965,0.0,0.0,183.41
16966,0.0,0.0,183.41
16967,0.0,0.0,183.41
16968,0.0,0.0,183.41
16969,0.0,0.0,183.41
16970,0.0,0.0,183.41
16971,0.0,0.0,183.41
16972,14.3,0.894,183.41
16973,0.0,0.0,183.41
16974,0.0,0.0,183.41
16975,0.0,0.0,183.41
16976,0.0,0.0,183.41
16977,0.0,0.0,183.41
16978,0.0,0.0,183.41
16979,0.0,0.0,183.41
16980,0.0,0.0,183.41
16981,0.0,0.0,183.41
16982,0.0,0.0,183.41
16983,0.0,0.0,183.41
16984,0.0,0.0,183.41
16985,0.0,0.0,183.41
16986,0.0,0.0,183.41
16987,0.0,0.0,183.41
16988,0.0,0.0,183.41
16989,0.0,0.0,183.41
16990,0.0,0.0,183.41
16991,0.0,0.0,183.41
16992,14.2,0.887,183.559
16993,87.5,5.469,183.691
16994,100.0,6.25,183.785
16995,87.5,5.469,183.785
16996,0.0,0.0,183.785
16997,0.0,0.0,183.785
16998,0.0,0.0,183.785
16999,14.3,0.894,183.949
17000,0.0,0.0,183.949
17001,0.0,0.0,183.949
17002,0.0,0.0,183.949
17003,0.0,0.0,183.949
17004,0.0,0.0,183.965
17005,0.0,0.0,183.965
17006,14.2,0.887,183.965
17007,14.3,0.894,183.965
17008,0.0,0.0,183.965
17009,0.0,0.0,183.965
17010,0.0,0.0,183.965
17011,0.0,0.0,183.965
17012,0.0,0.0,183.965
17013,0.0,0.0,183.965
17014,0.0,0.0,183.965
17015,0.0,0.0,183.965
17016,0.0,0.0,183.965
17017,0.0,0.0,183.965
17018,0.0,0.0,183.965
17019,0.0,0.0,183.965
17020,0.0,0.0,183.965
17021,0.0,0.0,183.965
17022,0.0,0.0,183.965
17023,0.0,0.0,183.965
17024,0.0,0.0,183.965
17025,0.0,0.0,183.965
17026,0.0,0.0,183.965
17027,0.0,0.0,183.965
17028,0.0,0.0,183.965
17029,0.0,0.0,183.965
17030,0.0,0.0,183.965
17031,0.0,0.0,183.965
17032,0.0,0.0,183.965
17033,0.0,0.0,183.965
17034,0.0,0.0,183.965
17035,0.0,0.0,183.965
17036,0.0,0.0,183.965
17037,0.0,0.0,183.965
17038,0.0,0.0,183.965
17039,0.0,0.0,183.965
17040,0.0,0.0,183.965
17041,0.0,0.0,183.965
17042,0.0,0.0,183.965
17043,0.0,0.0,183.965
17044,0.0,0.0,183.965
17045,0.0,0.0,183.965
17046,0.0,0.0,183.965
17047,0.0,0.0,183.965
17048,0.0,0.0,183.965
17049,0.0,0.0,183.965
17050,0.0,0.0,183.965
17051,0.0,0.0,183.965
17052,0.0,0.0,183.965
17053,0.0,0.0,183.965
17054,0.0,0.0,183.965
17055,0.0,0.0,183.965
17056,0.0,0.0,183.965
17057,0.0,0.0,183.965
17058,0.0,0.0,183.965
17059,0.0,0.0,183.965
17060,0.0,0.0,183.965
17061,0.0,0.0,183.965
17062,0.0,0.0,183.965
17063,0.0,0.0,183.965
17064,0.0,0.0,183.965
17065,0.0,0.0,183.965
17066,0.0,0.0,183.965
17067,0.0,0.0,183.965
17068,0.0,0.0,183.965
17069,0.0,0.0,183.965
17070,0.0,0.0,183.965
17071,0.0,0.0,183.965
17072,0.0,0.0,183.965
17073,0.0,0.0,183.969
17074,0.0,0.0,183.973
17075,0.0,0.0,183.973
17076,0.0,0.0,183.973
17077,0.0,0.0,183.973
17078,0.0,0.0,183.973
17079,0.0,0.0,183.973
17080,0.0,0.0,183.973
17081,0.0,0.0,183.973
17082,37.5,2.344,183.977
17083,78.1,4.881,183.984
17084,85.2,5.325,183.984
17085,0.0,0.0,183.984
17086,0.0,0.0,183.984
17087,14.3,0.894,183.988
17088,0.0,0.0,183.992
17089,0.0,0.0,183.992
17090,0.0,0.0,183.992
17091,0.0,0.0,183.992
17092,0.0,0.0,183.992
17093,0.0,0.0,183.992
17094,0.0,0.0,183.992
17095,0.0,0.0,183.992
17096,0.0,0.0,183.992
17097,0.0,0.0,183.992
17098,0.0,0.0,183.992
17099,0.0,0.0,183.992
17100,0.0,0.0,183.992
17101,0.0,0.0,183.992
17102,0.0,0.0,183.992
17103,0.0,0.0,183.992
17104,0.0,0.0,183.992
17105,0.0,0.0,183.992
17106,0.0,0.0,183.992
17107,0.0,0.0,183.992
17108,0.0,0.0,183.992
17109,0.0,0.0,183.992
17110,0.0,0.0,183.992
17111,37.5,2.344,180.141
17112,14.2,0.887,180.227
17113,14.3,0.894,180.23
17114,0.0,0.0,180.23
17115,0.0,0.0,180.23
17116,0.0,0.0,180.23
17117,0.0,0.0,180.23
17118,0.0,0.0,180.23
17119,0.0,0.0,180.23
17120,0.0,0.0,180.23
17121,0.0,0.0,180.23
17122,0.0,0.0,180.23
17123,0.0,0.0,180.23
17124,0.0,0.0,180.23
17125,0.0,0.0,180.23
17126,0.0,0.0,180.23
17127,0.0,0.0,180.23
17128,0.0,0.0,180.258
17129,0.0,0.0,180.258
17130,37.5,2.344,180.566
17131,88.7,5.544,181.262
17132,100.0,6.25,181.262
17133,57.3,3.581,181.262
17134,0.0,0.0,181.262
17135,0.0,0.0,181.262
17136,0.0,0.0,181.262
17137,14.3,0.894,181.293
17138,37.5,2.344,181.418
17139,88.7,5.544,181.418
17140,100.0,6.25,181.418
17141,57.3,3.581,181.418
17142,0.0,0.0,181.418
17143,0.0,0.0,181.418
17144,0.0,0.0,181.418
17145,0.0,0.0,181.418
17146,0.0,0.0,181.418
17147,12.5,0.781,181.504
17148,0.0,0.0,181.504
17149,0.0,0.0,181.504
17150,0.0,0.0,181.504
17151,0.0,0.0,181.504
17152,0.0,0.0,181.504
17153,14.2,0.887,181.52
17154,14.3,0.894,181.641
17155,0.0,0.0,181.641
17156,0.0,0.0,181.641
17157,0.0,0.0,181.641
17158,0.0,0.0,181.641
17159,44.6,2.788,181.801
17160,100.0,6.25,181.805
17161,100.0,6.25,181.805
17162,28.4,1.775,181.805
17163,0.0,0.0,181.805
17164,0.0,0.0,181.805
17165,14.2,0.887,181.816
17166,12.5,0.781,181.816
17167,0.0,0.0,181.816
17168,0.0,0.0,181.816
17169,28.4,1.775,181.836
17170,0.0,0.0,181.836
17171,12.5,0.781,181.836
17172,62.5,3.906,181.84
17173,100.0,6.25,181.84
17174,75.0,4.688,181.84
17175,62.5,3.906,181.84
17176,100.0,6.25,181.84
17177,87.5,5.469,181.84
17178,28.4,1.775,181.84
17179,0.0,0.0,181.84
17180,16.8,1.05,181.848
17181,0.0,0.0,181.848
17182,0.0,0.0,181.848
17183,0.0,0.0,181.848
17184,0.0,0.0,181.848
17185,0.0,0.0,181.848
17186,0.0,0.0,181.848
17187,0.0,0.0,181.848
17188,0.0,0.0,181.848
17189,0.0,0.0,181.848
17190,0.0,0.0,181.848
17191,0.0,0.0,181.848
17192,0.0,0.0,181.848
17193,14.3,0.894,181.855
17194,0.0,0.0,181.855
17195,0.0,0.0,181.855
17196,0.0,0.0,181.855
17197,0.0,0.0,181.855
17198,0.0,0.0,181.855
17199,0.0,0.0,181.855
17200,0.0,0.0,181.859
17201,56.8,3.55,182.371
17202,28.7,1.794,182.371
17203,0.0,0.0,182.371
17204,14.2,0.887,182.371
17205,0.0,0.0,182.371
17206,0.0,0.0,182.371
17207,0.0,0.0,182.371
17208,14.3,0.894,182.371
17209,14.3,0.894,182.371
17210,0.0,0.0,182.371
17211,0.0,0.0,182.371
17212,0.0,0.0,182.371
17213,0.0,0.0,182.371
17214,0.0,0.0,182.371
17215,0.0,0.0,182.375
17216,75.0,4.688,182.379
17217,100.0,6.25,182.379
17218,71.0,4.438,182.379
17219,0.0,0.0,182.379
17220,16.8,1.05,182.379
17221,0.0,0.0,182.379
17222,0.0,0.0,182.379
17223,0.0,0.0,182.379
17224,0.0,0.0,182.379
17225,14.2,0.887,182.379
17226,0.0,0.0,182.379
17227,0.0,0.0,182.379
17228,0.0,0.0,182.379
17229,50.0,3.125,182.379
17230,89.3,5.581,182.379
17231,28.4,1.775,182.379
17232,0.0,0.0,182.379
17233,14.3,0.894,182.445
17234,0.0,0.0,182.449
17235,0.0,0.0,182.449
17236,0.0,0.0,182.449
17237,14.3,0.894,182.477
17238,0.0,0.0,182.547
17239,0.0,0.0,182.547
17240,0.0,0.0,182.547
17241,0.0,0.0,182.547
17242,0.0,0.0,182.547
17243,0.0,0.0,182.547
17244,0.0,0.0,182.566
17245,14.3,0.894,182.574
17246,0.0,0.0,182.574
17247,0.0,0.0,182.582
17248,86.0,5.375,182.609
17249,12.5,0.781,182.609
17250,14.2,0.887,182.609
17251,28.7,1.794,182.609
17252,0.0,0.0,182.609
17253,0.0,0.0,182.609
17254,0.0,0.0,182.609
17255,0.0,0.0,182.609
17256,0.0,0.0,182.609
17257,0.0,0.0,182.609
17258,0.0,0.0,182.609
17259,0.0,0.0,182.609
17260,0.0,0.0,182.609
17261,0.0,0.0,182.609
17262,0.0,0.0,182.609
17263,0.0,0.0,182.609
17264,0.0,0.0,182.609
17265,0.0,0.0,182.609
17266,0.0,0.0,182.609
17267,62.5,3.906,182.613
17268,100.0,6.25,182.617
17269,87.5,5.469,182.617
17270,87.5,5.469,182.617
17271,0.0,0.0,182.617
17272,42.6,2.663,182.617
17273,0.0,0.0,182.617
17274,0.0,0.0,182.617
17275,0.0,0.0,182.617
17276,55.8,3.487,182.617
17277,87.5,5.469,182.617
17278,112.5,7.031,182.617
17279,71.0,4.438,182.617
17280,14.3,0.894,182.617
17281,14.3,0.894,182.617
17282,0.0,0.0,182.617
17283,0.0,0.0,182.617
17284,12.5,0.781,182.605
17285,0.0,0.0,182.605
17286,0.0,0.0,182.605
17287,14.3,0.894,182.605
17288,0.0,0.0,182.617
17289,0.0,0.0,182.617
17290,25.0,1.562,182.613
17291,0.0,0.0,182.613
17292,0.0,0.0,182.613
17293,25.0,1.562,182.613
17294,100.0,6.25,182.688
17295,57.3,3.581,182.688
17296,0.0,0.0,182.688
17297,0.0,0.0,182.688
17298,14.3,0.894,182.688
17299,0.0,0.0,182.688
17300,0.0,0.0,182.688
17301,0.0,0.0,182.688
17302,0.0,0.0,182.688
17303,0.0,0.0,182.688
17304,0.0,0.0,182.688
17305,0.0,0.0,182.688
17306,0.0,0.0,182.688
17307,0.0,0.0,182.688
17308,0.0,0.0,182.688
17309,0.0,0.0,182.688
17310,0.0,0.0,182.688
17311,0.0,0.0,182.688
17312,14.3,0.894,182.688
17313,0.0,0.0,182.688
17314,0.0,0.0,182.688
17315,0.0,0.0,182.688
17316,0.0,0.0,182.688
17317,0.0,0.0,182.688
17318,0.0,0.0,182.688
17319,0.0,0.0,182.688
17320,0.0,0.0,182.688
17321,0.0,0.0,182.688
17322,0.0,0.0,182.688
17323,0.0,0.0,182.688
17324,0.0,0.0,182.688
17325,0.0,0.0,182.688
17326,0.0,0.0,182.688
17327,0.0,0.0,182.688
17328,0.0,0.0,182.688
17329,0.0,0.0,182.688
17330,0.0,0.0,182.688
17331,0.0,0.0,182.688
17332,0.0,0.0,182.688
17333,0.0,0.0,182.688
17334,0.0,0.0,182.688
17335,0.0,0.0,182.688
17336,0.0,0.0,182.688
17337,0.0,0.0,182.688
17338,0.0,0.0,182.688
17339,0.0,0.0,182.688
17340,0.0,0.0,182.688
17341,0.0,0.0,182.688
17342,14.2,0.887,182.688
17343,0.0,0.0,182.688
17344,0.0,0.0,182.688
17345,0.0,0.0,182.688
17346,0.0,0.0,182.688
17347,0.0,0.0,182.688
17348,0.0,0.0,182.688
17349,0.0,0.0,182.688
17350,0.0,0.0,182.688
17351,0.0,0.0,182.688
17352,28.7,1.794,182.695
17353,0.0,0.0,182.695
17354,0.0,0.0,182.695
17355,0.0,0.0,182.695
17356,0.0,0.0,182.695
17357,28.4,1.775,182.695
17358,0.0,0.0,182.695
17359,0.0,0.0,182.695
17360,0.0,0.0,182.695
17361,0.0,0.0,182.695
17362,0.0,0.0,182.695
17363,0.0,0.0,182.695
17364,0.0,0.0,182.695
17365,0.0,0.0,182.695
17366,0.0,0.0,182.695
17367,0.0,0.0,182.695
17368,87.5,5.469,182.699
17369,100.0,6.25,182.699
17370,57.3,3.581,182.699
17371,12.5,0.781,182.699
17372,0.0,0.0,182.699
17373,14.2,0.887,182.699
17374,14.3,0.894,182.699
17375,0.0,0.0,182.699
17376,0.0,0.0,182.699
17377,75.0,4.688,182.699
17378,100.0,6.25,182.699
17379,37.5,2.344,182.699
17380,43.0,2.688,182.699
17381,14.2,0.887,182.699
17382,0.0,0.0,182.699
17383,0.0,0.0,182.699
17384,0.0,0.0,182.699
17385,0.0,0.0,182.703
17386,0.0,0.0,182.703
17387,14.2,0.887,182.703
17388,14.3,0.894,182.703
17389,14.3,0.894,182.703
17390,0.0,0.0,182.703
17391,0.0,0.0,182.703
17392,0.0,0.0,182.703
17393,0.0,0.0,182.703
17394,0.0,0.0,182.703
17395,0.0,0.0,182.703
17396,0.0,0.0,182.703
17397,0.0,0.0,182.703
17398,0.0,0.0,182.703
17399,81.8,5.112,183.754
17400,57.3,3.581,179.957
17401,0.0,0.0,179.961
17402,0.0,0.0,179.961
17403,0.0,0.0,179.961
17404,0.0,0.0,179.961
17405,0.0,0.0,179.961
17406,0.0,0.0,179.961
17407,0.0,0.0,179.961
17408,14.2,0.887,180.094
17409,0.0,0.0,180.094
17410,0.0,0.0,180.094
17411,0.0,0.0,180.094
17412,0.0,0.0,180.094
17413,0.0,0.0,180.094
17414,0.0,0.0,180.094
17415,0.0,0.0,180.094
17416,0.0,0.0,180.094
17417,0.0,0.0,180.137
17418,25.0,1.562,181.578
17419,100.0,6.25,181.973
17420,100.0,6.25,182.16
17421,71.0,4.438,182.16
17422,0.0,0.0,182.16
17423,0.0,0.0,182.16
17424,14.3,0.894,182.168
17425,12.5,0.781,182.168
17426,0.0,0.0,182.168
17427,0.0,0.0,182.168
17428,0.0,0.0,182.168
17429,0.0,0.0,182.168
17430,0.0,0.0,182.168
17431,0.0,0.0,182.168
17432,0.0,0.0,182.168
17433,0.0,0.0,182.168
17434,0.0,0.0,182.168
17435,0.0,0.0,182.168
17436,0.0,0.0,182.168
17437,0.0,0.0,182.168
17438,0.0,0.0,182.168
17439,71.7,4.481,182.188
17440,14.2,0.887,182.188
17441,0.0,0.0,182.188
17442,0.0,0.0,182.188
17443,0.0,0.0,182.188
17444,0.0,0.0,182.188
17445,0.0,0.0,182.188
17446,0.0,0.0,182.188
17447,0.0,0.0,182.188
17448,0.0,0.0,182.188
17449,0.0,0.0,182.188
17450,0.0,0.0,182.188
17451,0.0,0.0,182.188
17452,0.0,0.0,182.188
17453,0.0,0.0,182.188
17454,0.0,0.0,182.191
17455,75.0,4.688,182.191
17456,87.5,5.469,182.191
17457,100.0,6.25,182.191
17458,14.2,0.887,182.191
17459,0.0,0.0,182.191
17460,0.0,0.0,182.191
17461,0.0,0.0,182.191
17462,0.0,0.0,182.191
17463,14.2,0.887,182.191
17464,0.0,0.0,182.191
17465,0.0,0.0,182.191
17466,0.0,0.0,182.191
17467,0.0,0.0,182.191
17468,0.0,0.0,182.191
17469,12.5,0.781,182.266
17470,0.0,0.0,182.266
17471,0.0,0.0,182.266
17472,0.0,0.0,182.266
17473,0.0,0.0,182.266
17474,0.0,0.0,182.266
17475,0.0,0.0,182.266
17476,0.0,0.0,182.266
17477,0.0,0.0,182.266
17478,57.3,3.581,182.461
17479,0.0,0.0,182.461
17480,25.0,1.562,182.469
17481,25.0,1.562,182.473
17482,112.5,7.031,182.473
17483,100.0,6.25,182.473
17484,71.7,4.481,182.473
17485,0.0,0.0,182.473
17486,0.0,0.0,182.473
17487,0.0,0.0,182.473
17488,12.5,0.781,182.473
17489,0.0,0.0,182.473
17490,0.0,0.0,182.473
17491,14.3,0.894,182.473
17492,0.0,0.0,182.473
17493,0.0,0.0,182.473
17494,12.5,0.781,182.484
17495,0.0,0.0,182.484
17496,0.0,0.0,182.484
17497,25.0,1.562,182.484
17498,100.0,6.25,182.484
17499,100.0,6.25,182.484
17500,28.7,1.794,182.484
17501,0.0,0.0,182.484
17502,14.3,0.894,182.809
17503,28.4,1.775,182.891
17504,28.7,1.794,182.906
17505,75.0,4.688,182.91
17506,43.0,2.688,182.91
17507,0.0,0.0,182.91
17508,0.0,0.0,182.91
17509,14.3,0.894,182.969
17510,14.2,0.887,182.969
17511,14.3,0.894,182.969
17512,14.3,0.894,182.969
17513,14.2,0.887,182.969
17514,0.0,0.0,182.969
17515,0.0,0.0,182.969
17516,55.4,3.462,182.969
17517,100.0,6.25,182.969
17518,86.0,5.375,182.969
17519,0.0,0.0,182.969
17520,0.0,0.0,182.969
17521,0.0,0.0,182.969
17522,14.3,0.894,182.977
17523,12.5,0.781,182.977
17524,0.0,0.0,182.977
17525,0.0,0.0,182.977
17526,0.0,0.0,182.977
17527,0.0,0.0,182.977
17528,0.0,0.0,182.977
17529,37.5,2.344,183.086
17530,25.0,1.562,183.086
17531,0.0,0.0,183.086
17532,0.0,0.0,183.086
17533,0.0,0.0,183.086
17534,0.0,0.0,183.086
17535,0.0,0.0,183.086
17536,0.0,0.0,183.086
17537,100.0,6.25,183.102
17538,100.0,6.25,183.102
17539,100.0,6.25,183.102
17540,43.0,2.688,183.102
17541,0.0,0.0,183.102
17542,0.0,0.0,183.102
17543,0.0,0.0,183.102
17544,0.0,0.0,183.102
17545,42.6,2.663,183.102
17546,0.0,0.0,183.102
17547,0.0,0.0,183.102
17548,0.0,0.0,183.102
17549,0.0,0.0,183.102
17550,0.0,0.0,183.102
17551,62.5,3.906,184.648
17552,71.7,4.481,183.75
17553,28.4,1.775,183.75
17554,0.0,0.0,183.75
17555,0.0,0.0,183.75
17556,0.0,0.0,183.75
17557,0.0,0.0,183.75
17558,0.0,0.0,183.75
17559,0.0,0.0,183.75
17560,0.0,0.0,183.75
17561,0.0,0.0,183.75
17562,0.0,0.0,183.75
17563,0.0,0.0,183.75
17564,14.3,0.894,183.75
17565,14.2,0.887,183.75
17566,0.0,0.0,183.75
17567,0.0,0.0,183.75
17568,0.0,0.0,183.75
17569,0.0,0.0,183.75
17570,0.0,0.0,183.75
17571,0.0,0.0,183.75
17572,0.0,0.0,183.75
17573,0.0,0.0,183.75
17574,0.0,0.0,183.75
17575,0.0,0.0,183.75
17576,0.0,0.0,183.75
17577,0.0,0.0,183.75
17578,0.0,0.0,183.75
17579,0.0,0.0,183.75
17580,0.0,0.0,183.75
17581,0.0,0.0,183.75
17582,0.0,0.0,183.75
17583,0.0,0.0,183.75
17584,0.0,0.0,183.75
17585,0.0,0.0,183.75
17586,0.0,0.0,183.75
17587,0.0,0.0,183.75
17588,0.0,0.0,183.75
17589,0.0,0.0,183.75
17590,0.0,0.0,183.75
17591,0.0,0.0,183.75
17592,0.0,0.0,183.75
17593,0.0,0.0,183.75
17594,0.0,0.0,183.75
17595,0.0,0.0,183.75
17596,0.0,0.0,183.75
17597,0.0,0.0,183.75
17598,0.0,0.0,183.75
17599,0.0,0.0,183.75
17600,0.0,0.0,183.75
17601,0.0,0.0,183.75
17602,0.0,0.0,183.75
17603,0.0,0.0,183.75
17604,0.0,0.0,183.75
17605,0.0,0.0,183.75
17606,0.0,0.0,183.75
17607,0.0,0.0,183.75
17608,0.0,0.0,183.75
17609,0.0,0.0,183.75
17610,0.0,0.0,183.75
17611,0.0,0.0,183.75
17612,0.0,0.0,183.75
17613,0.0,0.0,183.75
17614,0.0,0.0,183.75
17615,0.0,0.0,183.75
17616,0.0,0.0,183.75
17617,0.0,0.0,183.75
17618,0.0,0.0,183.75
17619,0.0,0.0,183.75
17620,0.0,0.0,183.75
17621,0.0,0.0,183.75
17622,0.0,0.0,183.75
17623,0.0,0.0,183.75
17624,0.0,0.0,183.75
17625,25.0,1.562,183.75
17626,70.1,4.381,183.75
17627,69.7,4.356,183.75
17628,114.7,7.169,183.75
17629,0.0,0.0,183.75
17630,0.0,0.0,183.75
17631,0.0,0.0,183.75
17632,0.0,0.0,183.75
17633,14.2,0.887,183.75
17634,0.0,0.0,183.75
17635,0.0,0.0,183.75
17636,0.0,0.0,183.75
17637,0.0,0.0,183.75
17638,0.0,0.0,183.75
17639,12.5,0.781,183.754
17640,28.4,1.775,183.754
17641,0.0,0.0,183.754
17642,0.0,0.0,183.754
17643,0.0,0.0,183.754
17644,0.0,0.0,183.754
17645,0.0,0.0,183.754
17646,75.0,4.688,183.754
17647,100.0,6.25,183.754
17648,100.0,6.25,183.754
17649,28.4,1.775,183.754
17650,14.3,0.894,183.754
17651,14.3,0.894,183.754
17652,12.5,0.781,183.754
17653,50.0,3.125,183.754
17654,112.5,7.031,183.754
17655,100.0,6.25,183.754
17656,0.0,0.0,183.754
17657,0.0,0.0,183.754
17658,14.3,0.894,183.754
17659,0.0,0.0,183.754
17660,0.0,0.0,183.754
17661,0.0,0.0,183.754
17662,14.2,0.887,183.754
17663,14.3,0.894,183.754
17664,25.0,1.562,183.754
17665,86.0,5.375,183.754
17666,0.0,0.0,183.754
17667,0.0,0.0,183.754
17668,0.0,0.0,183.754
17669,0.0,0.0,183.754
17670,14.3,0.894,183.754
17671,0.0,0.0,183.754
17672,0.0,0.0,183.754
17673,0.0,0.0,183.754
17674,87.5,5.469,183.754
17675,43.0,2.688,183.754
17676,0.0,0.0,183.754
17677,0.0,0.0,183.754
17678,0.0,0.0,183.754
17679,14.2,0.887,183.754
17680,0.0,0.0,183.754
17681,0.0,0.0,183.754
17682,0.0,0.0,183.754
17683,0.0,0.0,183.754
17684,0.0,0.0,183.754
17685,0.0,0.0,183.754
17686,0.0,0.0,183.754
17687,0.0,0.0,183.754
17688,0.0,0.0,183.754
17689,0.0,0.0,183.754
17690,0.0,0.0,183.754
17691,0.0,0.0,183.754
17692,0.0,0.0,183.754
17693,0.0,0.0,183.754
17694,0.0,0.0,183.754
17695,0.0,0.0,183.754
17696,0.0,0.0,183.754
17697,0.0,0.0,183.754
17698,0.0,0.0,183.754
17699,0.0,0.0,183.754
17700,0.0,0.0,183.754
17701,0.0,0.0,183.754
17702,0.0,0.0,183.754
17703,0.0,0.0,183.754
17704,0.0,0.0,183.754
17705,0.0,0.0,183.754
17706,0.0,0.0,183.754
17707,0.0,0.0,183.754
17708,0.0,0.0,183.754
17709,0.0,0.0,183.754
17710,0.0,0.0,183.754
17711,0.0,0.0,183.754
17712,0.0,0.0,183.754
17713,0.0,0.0,183.754
17714,0.0,0.0,183.754
17715,0.0,0.0,183.754
17716,0.0,0.0,183.754
17717,0.0,0.0,183.754
17718,0.0,0.0,183.754
17719,0.0,0.0,183.754
17720,0.0,0.0,183.754
17721,0.0,0.0,183.754
17722,0.0,0.0,183.754
17723,0.0,0.0,183.754
17724,0.0,0.0,183.754
17725,0.0,0.0,183.754
17726,0.0,0.0,183.754
17727,0.0,0.0,183.754
17728,0.0,0.0,183.754
17729,0.0,0.0,183.754
17730,0.0,0.0,183.754
17731,0.0,0.0,183.754
17732,0.0,0.0,183.754
17733,0.0,0.0,183.754
17734,0.0,0.0,183.754
17735,0.0,0.0,183.754
17736,0.0,0.0,183.754
17737,0.0,0.0,183.754
17738,0.0,0.0,183.754
17739,0.0,0.0,183.754
17740,0.0,0.0,183.754
17741,0.0,0.0,183.754
17742,0.0,0.0,183.754
17743,0.0,0.0,183.754
17744,14.3,0.894,183.75
17745,0.0,0.0,183.75
17746,0.0,0.0,183.75
17747,0.0,0.0,183.75
17748,0.0,0.0,183.75
17749,0.0,0.0,183.75
17750,0.0,0.0,183.75
17751,0.0,0.0,183.75
17752,0.0,0.0,183.75
17753,0.0,0.0,183.75
17754,0.0,0.0,183.75
17755,0.0,0.0,183.75
17756,0.0,0.0,183.75
17757,0.0,0.0,183.75
17758,0.0,0.0,183.75
17759,0.0,0.0,183.75
17760,0.0,0.0,183.75
17761,0.0,0.0,183.75
17762,0.0,0.0,183.75
17763,0.0,0.0,183.75
17764,0.0,0.0,183.75
17765,0.0,0.0,183.75
17766,0.0,0.0,183.75
17767,0.0,0.0,183.75
17768,0.0,0.0,183.75
17769,0.0,0.0,183.75
17770,0.0,0.0,183.75
17771,0.0,0.0,183.75
17772,0.0,0.0,183.75
17773,0.0,0.0,183.75
17774,0.0,0.0,183.75
17775,0.0,0.0,183.75
17776,0.0,0.0,183.75
17777,0.0,0.0,183.75
17778,0.0,0.0,183.75
17779,0.0,0.0,183.75
17780,0.0,0.0,183.75
17781,0.0,0.0,183.75
17782,0.0,0.0,183.75
17783,0.0,0.0,183.75
17784,0.0,0.0,183.75
17785,0.0,0.0,183.75
17786,0.0,0.0,183.75
17787,0.0,0.0,183.75
17788,0.0,0.0,183.75
17789,0.0,0.0,183.75
17790,14.3,0.894,183.75
17791,0.0,0.0,183.75
17792,0.0,0.0,183.75
17793,0.0,0.0,183.75
17794,0.0,0.0,183.75
17795,0.0,0.0,183.75
17796,0.0,0.0,183.75
17797,0.0,0.0,183.75
17798,0.0,0.0,183.75
17799,0.0,0.0,183.75
17800,0.0,0.0,183.75
17801,0.0,0.0,183.75
17802,0.0,0.0,183.75
17803,0.0,0.0,183.75
17804,0.0,0.0,183.75
17805,0.0,0.0,183.75
17806,0.0,0.0,183.75
17807,0.0,0.0,183.75
17808,0.0,0.0,183.75
17809,0.0,0.0,183.75
17810,0.0,0.0,183.75
17811,0.0,0.0,183.75
17812,33.5,2.094,183.75
17813,100.0,6.25,183.797
17814,87.5,5.469,183.797
17815,0.0,0.0,183.797
17816,0.0,0.0,183.797
17817,14.2,0.887,183.797
17818,0.0,0.0,183.797
17819,0.0,0.0,183.793
17820,0.0,0.0,183.793
17821,0.0,0.0,183.793
17822,14.3,0.894,183.793
17823,0.0,0.0,183.793
17824,0.0,0.0,183.793
17825,0.0,0.0,183.793
17826,14.3,0.894,183.789
17827,0.0,0.0,183.789
17828,14.3,0.894,183.789
17829,0.0,0.0,183.789
17830,0.0,0.0,183.789
17831,100.4,6.275,183.844
17832,42.6,2.663,183.844
17833,0.0,0.0,183.844
17834,0.0,0.0,183.844
17835,0.0,0.0,183.844
17836,0.0,0.0,183.844
17837,14.3,0.894,183.844
17838,0.0,0.0,183.844
17839,0.0,0.0,183.844
17840,0.0,0.0,183.844
17841,0.0,0.0,183.844
17842,37.5,2.344,183.844
17843,100.0,6.25,183.848
17844,85.2,5.325,183.855
17845,0.0,0.0,183.855
17846,0.0,0.0,183.855
17847,0.0,0.0,183.855
17848,0.0,0.0,183.855
17849,0.0,0.0,183.855
17850,0.0,0.0,183.855
17851,0.0,0.0,183.855
17852,0.0,0.0,183.855
17853,0.0,0.0,183.855
17854,14.2,0.887,183.855
17855,0.0,0.0,183.855
17856,0.0,0.0,183.855
17857,0.0,0.0,183.855
17858,0.0,0.0,183.855
17859,0.0,0.0,183.855
17860,28.4,1.775,183.855
17861,0.0,0.0,183.855
17862,0.0,0.0,183.855
17863,0.0,0.0,183.855
17864,0.0,0.0,183.855
17865,0.0,0.0,183.855
17866,0.0,0.0,183.855
17867,25.0,1.562,183.855
17868,87.5,5.469,183.859
17869,62.5,3.906,183.859
17870,100.0,6.25,183.859
17871,100.0,6.25,183.859
17872,87.5,5.469,183.859
17873,16.6,1.038,183.859
17874,0.0,0.0,183.859
17875,0.0,0.0,183.859
17876,0.0,0.0,183.859
17877,0.0,0.0,183.859
17878,0.0,0.0,183.859
17879,0.0,0.0,183.859
17880,0.0,0.0,183.859
17881,12.5,0.781,183.859
17882,0.0,0.0,183.859
17883,0.0,0.0,183.859
17884,14.2,0.887,183.859
17885,0.0,0.0,183.859
17886,14.3,0.894,183.859
17887,0.0,0.0,183.859
17888,0.0,0.0,183.859
17889,0.0,0.0,183.859
17890,0.0,0.0,183.859
17891,0.0,0.0,183.859
17892,0.0,0.0,183.859
17893,0.0,0.0,183.859
17894,0.0,0.0,183.859
17895,0.0,0.0,183.859
17896,0.0,0.0,183.859
17897,0.0,0.0,183.863
17898,0.0,0.0,183.863
17899,100.0,6.25,183.863
17900,112.5,7.031,183.863
17901,75.0,4.688,183.863
17902,75.0,4.688,183.863
17903,86.0,5.375,183.863
17904,14.2,0.887,183.863
17905,0.0,0.0,183.863
17906,0.0,0.0,183.867
17907,0.0,0.0,183.867
17908,14.3,0.894,183.867
17909,28.7,1.794,183.867
17910,0.0,0.0,183.867
17911,0.0,0.0,183.867
17912,0.0,0.0,183.867
17913,0.0,0.0,183.867
17914,0.0,0.0,183.867
17915,0.0,0.0,183.867
17916,0.0,0.0,183.867
17917,0.0,0.0,183.867
17918,0.0,0.0,183.867
17919,0.0,0.0,183.867
17920,0.0,0.0,183.867
17921,0.0,0.0,183.867
17922,0.0,0.0,183.867
17923,0.0,0.0,183.867
17924,0.0,0.0,183.867
17925,0.0,0.0,183.867
17926,0.0,0.0,183.867
17927,0.0,0.0,183.867
17928,0.0,0.0,183.867
17929,0.0,0.0,183.867
17930,0.0,0.0,183.867
17931,0.0,0.0,183.867
17932,0.0,0.0,183.867
17933,0.0,0.0,183.867
17934,14.2,0.887,183.867
17935,0.0,0.0,183.867
17936,0.0,0.0,183.867
17937,0.0,0.0,183.867
17938,0.0,0.0,183.867
17939,0.0,0.0,183.867
17940,0.0,0.0,183.867
17941,0.0,0.0,183.867
17942,0.0,0.0,183.867
17943,0.0,0.0,183.867
17944,0.0,0.0,183.867
17945,0.0,0.0,183.867
17946,0.0,0.0,183.867
17947,0.0,0.0,183.867
17948,0.0,0.0,183.867
17949,0.0,0.0,183.867
17950,0.0,0.0,183.867
17951,0.0,0.0,183.867
17952,0.0,0.0,183.867
17953,0.0,0.0,183.867
17954,14.3,0.894,183.867
17955,0.0,0.0,183.867
17956,0.0,0.0,183.867
17957,0.0,0.0,183.867
17958,0.0,0.0,183.867
17959,0.0,0.0,183.867
17960,0.0,0.0,183.867
17961,0.0,0.0,183.867
17962,0.0,0.0,183.867
17963,0.0,0.0,183.867
17964,0.0,0.0,183.867
17965,0.0,0.0,183.867
17966,0.0,0.0,183.867
17967,0.0,0.0,183.867
17968,0.0,0.0,183.867
17969,0.0,0.0,183.867
17970,0.0,0.0,183.867
17971,0.0,0.0,183.867
17972,0.0,0.0,183.867
17973,0.0,0.0,183.867
17974,0.0,0.0,183.867
17975,0.0,0.0,183.867
17976,0.0,0.0,183.867
17977,0.0,0.0,183.867
17978,0.0,0.0,183.867
17979,0.0,0.0,183.867
17980,0.0,0.0,183.867
17981,25.0,1.562,183.867
17982,87.5,5.469,183.867
17983,57.3,3.581,183.867
17984,0.0,0.0,183.867
17985,0.0,0.0,183.867
17986,0.0,0.0,183.867
17987,0.0,0.0,183.867
17988,0.0,0.0,183.867
17989,14.3,0.894,183.867
17990,0.0,0.0,183.867
17991,0.0,0.0,183.867
17992,0.0,0.0,183.867
17993,0.0,0.0,183.867
17994,0.0,0.0,183.867
17995,0.0,0.0,183.867
17996,0.0,0.0,183.867
17997,0.0,0.0,183.867
17998,14.3,0.894,183.867
17999,0.0,0.0,183.867
18000,0.0,0.0,183.867
18001,14.2,0.887,183.867
18002,0.0,0.0,183.867
18003,11.1,0.694,183.871
18004,100.3,6.269,183.871
18005,43.0,2.688,183.871
18006,0.0,0.0,183.871
18007,0.0,0.0,183.871
18008,0.0,0.0,183.871
18009,0.0,0.0,183.871
18010,0.0,0.0,183.871
18011,14.3,0.894,183.871
18012,0.0,0.0,183.871
18013,0.0,0.0,183.871
18014,0.0,0.0,183.871
18015,0.0,0.0,183.871
18016,0.0,0.0,183.871
18017,0.0,0.0,183.871
18018,0.0,0.0,183.871
18019,0.0,0.0,183.871
18020,62.5,3.906,183.871
18021,100.0,6.25,183.871
18022,100.0,6.25,183.871
18023,87.5,5.469,183.871
18024,89.3,5.581,183.871
18025,56.8,3.55,183.871
18026,0.0,0.0,183.871
18027,14.2,0.887,183.871
18028,0.0,0.0,183.871
18029,0.0,0.0,183.871
18030,0.0,0.0,183.871
18031,0.0,0.0,183.871
18032,0.0,0.0,183.871
18033,14.3,0.894,183.871
18034,14.2,0.887,183.871
18035,0.0,0.0,183.871
18036,0.0,0.0,183.871
18037,0.0,0.0,183.871
18038,14.3,0.894,183.871
18039,0.0,0.0,183.871
18040,50.0,3.125,183.871
18041,100.0,6.25,183.871
18042,42.6,2.663,183.871
18043,25.0,1.562,183.871
18044,0.0,0.0,183.871
18045,0.0,0.0,183.871
18046,0.0,0.0,183.871
18047,14.3,0.894,183.871
18048,28.4,1.775,183.871
18049,14.3,0.894,183.871
18050,0.0,0.0,183.871
18051,0.0,0.0,183.875
18052,14.2,0.887,183.871
18053,43.0,2.688,185.621
18054,14.3,0.894,185.621
18055,0.0,0.0,185.621
18056,0.0,0.0,185.621
18057,0.0,0.0,185.621
18058,28.4,1.775,185.621
18059,0.0,0.0,185.621
18060,0.0,0.0,185.621
18061,0.0,0.0,185.621
18062,14.3,0.894,185.633
18063,44.3,2.769,185.691
18064,100.0,6.25,186.059
18065,57.3,3.581,186.059
18066,0.0,0.0,186.059
18067,0.0,0.0,186.059
18068,14.3,0.894,186.059
18069,0.0,0.0,186.059
18070,0.0,0.0,186.059
18071,0.0,0.0,186.059
18072,0.0,0.0,186.059
18073,0.0,0.0,186.059
18074,0.0,0.0,186.059
18075,0.0,0.0,186.059
18076,0.0,0.0,186.059
18077,0.0,0.0,186.059
18078,0.0,0.0,186.059
18079,0.0,0.0,186.059
18080,0.0,0.0,186.059
18081,0.0,0.0,186.059
18082,0.0,0.0,186.059
18083,28.7,1.794,186.059
18084,12.5,0.781,186.059
18085,0.0,0.0,186.059
18086,0.0,0.0,186.059
18087,0.0,0.0,186.059
18088,0.0,0.0,186.059
18089,0.0,0.0,186.059
18090,0.0,0.0,186.059
18091,0.0,0.0,186.059
18092,0.0,0.0,186.059
18093,0.0,0.0,186.059
18094,0.0,0.0,186.059
18095,0.0,0.0,186.059
18096,25.0,1.562,186.059
18097,100.0,6.25,186.062
18098,100.0,6.25,186.066
18099,100.0,6.25,186.066
18100,100.0,6.25,186.066
18101,56.8,3.55,186.066
18102,0.0,0.0,186.066
18103,0.0,0.0,186.066
18104,0.0,0.0,186.066
18105,0.0,0.0,186.066
18106,14.3,0.894,186.066
18107,0.0,0.0,186.066
18108,0.0,0.0,186.066
18109,0.0,0.0,186.066
18110,0.0,0.0,186.066
18111,0.0,0.0,186.066
18112,0.0,0.0,186.066
18113,0.0,0.0,186.066
18114,0.0,0.0,186.066
18115,0.0,0.0,186.066
18116,0.0,0.0,186.066
18117,0.0,0.0,186.066
18118,0.0,0.0,186.066
18119,0.0,0.0,186.066
18120,0.0,0.0,186.066
18121,0.0,0.0,186.066
18122,0.0,0.0,186.066
18123,0.0,0.0,186.066
18124,0.0,0.0,186.066
18125,0.0,0.0,186.066
18126,0.0,0.0,186.066
18127,0.0,0.0,186.066
18128,0.0,0.0,186.066
18129,0.0,0.0,186.066
18130,0.0,0.0,186.066
18131,0.0,0.0,186.066
18132,0.0,0.0,186.066
18133,0.0,0.0,186.066
18134,0.0,0.0,186.066
18135,0.0,0.0,186.066
18136,0.0,0.0,186.066
18137,0.0,0.0,186.066
18138,0.0,0.0,186.066
18139,0.0,0.0,186.066
18140,0.0,0.0,186.066
18141,0.0,0.0,186.066
18142,0.0,0.0,186.066
18143,0.0,0.0,186.066
18144,0.0,0.0,186.066
18145,0.0,0.0,186.066
18146,0.0,0.0,186.066
18147,0.0,0.0,186.066
18148,0.0,0.0,186.066
18149,0.0,0.0,186.066
18150,0.0,0.0,186.066
18151,0.0,0.0,186.066
18152,0.0,0.0,186.066
18153,0.0,0.0,186.066
18154,0.0,0.0,186.066
18155,0.0,0.0,186.066
18156,0.0,0.0,186.066
18157,0.0,0.0,186.066
18158,0.0,0.0,186.066
18159,0.0,0.0,186.066
18160,0.0,0.0,186.066
18161,0.0,0.0,186.066
18162,0.0,0.0,186.066
18163,0.0,0.0,186.066
18164,0.0,0.0,186.066
18165,0.0,0.0,186.066
18166,0.0,0.0,186.066
18167,16.8,1.05,186.066
18168,0.0,0.0,186.066
18169,0.0,0.0,186.066
18170,0.0,0.0,186.066
18171,16.8,1.05,186.066
18172,0.0,0.0,186.066
18173,0.0,0.0,186.066
18174,0.0,0.0,186.066
18175,0.0,0.0,186.066
18176,0.0,0.0,186.066
18177,0.0,0.0,186.066
18178,0.0,0.0,186.066
18179,0.0,0.0,186.066
18180,0.0,0.0,186.066
18181,0.0,0.0,186.066
18182,0.0,0.0,186.066
18183,0.0,0.0,186.066
18184,0.0,0.0,186.066
18185,0.0,0.0,186.066
18186,0.0,0.0,186.066
18187,0.0,0.0,186.066
18188,0.0,0.0,186.066
18189,0.0,0.0,186.066
18190,0.0,0.0,186.066
18191,0.0,0.0,186.066
18192,0.0,0.0,186.066
18193,0.0,0.0,186.066
18194,0.0,0.0,186.066
18195,0.0,0.0,186.066
18196,0.0,0.0,186.066
18197,0.0,0.0,186.066
18198,0.0,0.0,186.066
18199,0.0,0.0,186.066
18200,0.0,0.0,186.066
18201,0.0,0.0,186.066
18202,0.0,0.0,186.066
18203,0.0,0.0,186.066
18204,0.0,0.0,186.066
18205,0.0,0.0,186.066
18206,0.0,0.0,186.066
18207,0.0,0.0,186.066
18208,0.0,0.0,186.066
18209,0.0,0.0,186.066
18210,0.0,0.0,186.066
18211,0.0,0.0,186.066
18212,0.0,0.0,186.066
18213,0.0,0.0,186.066
18214,0.0,0.0,186.066
18215,0.0,0.0,186.066
18216,0.0,0.0,186.066
18217,0.0,0.0,186.066
18218,0.0,0.0,186.066
18219,0.0,0.0,186.066
18220,0.0,0.0,186.066
18221,0.0,0.0,186.066
18222,0.0,0.0,186.066
18223,0.0,0.0,186.066
18224,0.0,0.0,186.066
18225,0.0,0.0,186.066
18226,0.0,0.0,186.066
18227,0.0,0.0,186.066
18228,0.0,0.0,186.066
18229,0.0,0.0,186.066
18230,0.0,0.0,186.066
18231,0.0,0.0,186.066
18232,0.0,0.0,186.066
18233,0.0,0.0,186.066
18234,0.0,0.0,186.066
18235,0.0,0.0,186.066
18236,0.0,0.0,186.066
18237,50.0,3.125,186.066
18238,100.0,6.25,186.066
18239,100.0,6.25,186.066
18240,100.0,6.25,186.066
18241,75.0,4.688,186.066
18242,0.0,0.0,186.066
18243,0.0,0.0,186.066
18244,0.0,0.0,186.066
18245,0.0,0.0,186.066
18246,0.0,0.0,186.066
18247,0.0,0.0,186.066
18248,0.0,0.0,186.066
18249,0.0,0.0,186.066
18250,0.0,0.0,186.066
18251,0.0,0.0,186.066
18252,0.0,0.0,186.066
18253,0.0,0.0,186.066
18254,28.7,1.794,186.199
18255,0.0,0.0,186.199
18256,0.0,0.0,186.199
18257,0.0,0.0,186.199
18258,0.0,0.0,186.199
18259,0.0,0.0,186.199
18260,0.0,0.0,186.199
18261,0.0,0.0,186.199
18262,0.0,0.0,186.199
18263,0.0,0.0,186.199
18264,0.0,0.0,186.199
18265,0.0,0.0,186.199
18266,0.0,0.0,186.199
18267,0.0,0.0,186.199
18268,0.0,0.0,186.199
18269,0.0,0.0,186.199
18270,0.0,0.0,186.199
18271,14.2,0.887,186.199
18272,0.0,0.0,186.199
18273,0.0,0.0,186.199
18274,0.0,0.0,186.199
18275,0.0,0.0,186.199
18276,0.0,0.0,186.199
18277,0.0,0.0,186.199
18278,0.0,0.0,186.199
18279,0.0,0.0,186.199
18280,0.0,0.0,186.199
18281,0.0,0.0,186.199
18282,0.0,0.0,186.199
18283,0.0,0.0,186.199
18284,0.0,0.0,186.199
18285,0.0,0.0,186.199
18286,0.0,0.0,186.199
18287,0.0,0.0,186.199
18288,0.0,0.0,186.199
18289,0.0,0.0,186.199
18290,0.0,0.0,186.199
18291,0.0,0.0,186.199
18292,0.0,0.0,186.199
18293,0.0,0.0,186.199
18294,0.0,0.0,186.199
18295,0.0,0.0,186.199
18296,0.0,0.0,186.199
18297,0.0,0.0,186.199
18298,0.0,0.0,186.199
18299,0.0,0.0,186.199
18300,0.0,0.0,186.199
18301,0.0,0.0,186.199
18302,0.0,0.0,186.199
18303,0.0,0.0,186.199
18304,0.0,0.0,186.199
18305,0.0,0.0,186.199
18306,0.0,0.0,186.199
18307,0.0,0.0,186.199
18308,0.0,0.0,186.199
18309,0.0,0.0,186.199
18310,0.0,0.0,186.199
18311,0.0,0.0,186.199
18312,0.0,0.0,186.199
18313,0.0,0.0,186.199
18314,0.0,0.0,186.199
18315,0.0,0.0,186.199
18316,0.0,0.0,186.199
18317,14.3,0.894,186.199
18318,0.0,0.0,186.199
18319,0.0,0.0,186.199
18320,0.0,0.0,186.199
18321,14.3,0.894,186.199
18322,0.0,0.0,186.199
18323,0.0,0.0,186.199
18324,0.0,0.0,186.199
18325,0.0,0.0,186.199
18326,0.0,0.0,186.199
18327,0.0,0.0,186.199
18328,0.0,0.0,186.199
18329,0.0,0.0,186.199
18330,0.0,0.0,186.199
18331,0.0,0.0,186.199
18332,0.0,0.0,186.199
18333,0.0,0.0,186.199
18334,0.0,0.0,186.199
18335,0.0,0.0,186.199
18336,0.0,0.0,186.199
18337,0.0,0.0,186.199
18338,0.0,0.0,186.199
18339,0.0,0.0,186.199
18340,0.0,0.0,186.199
18341,0.0,0.0,186.199
18342,0.0,0.0,186.199
18343,0.0,0.0,186.199
18344,0.0,0.0,186.199
18345,0.0,0.0,186.199
18346,0.0,0.0,186.199
18347,0.0,0.0,186.199
18348,0.0,0.0,186.199
18349,0.0,0.0,186.199
18350,0.0,0.0,186.199
18351,0.0,0.0,186.199
18352,0.0,0.0,186.199
18353,0.0,0.0,186.199
18354,0.0,0.0,186.199
18355,0.0,0.0,186.199
18356,0.0,0.0,186.199
18357,0.0,0.0,186.199
18358,0.0,0.0,186.199
18359,0.0,0.0,186.199
18360,0.0,0.0,186.199
18361,0.0,0.0,186.199
18362,0.0,0.0,186.199
18363,0.0,0.0,186.199
18364,0.0,0.0,186.199
18365,0.0,0.0,186.199
18366,0.0,0.0,186.199
18367,0.0,0.0,186.199
18368,0.0,0.0,186.199
18369,0.0,0.0,186.199
18370,0.0,0.0,186.199
18371,0.0,0.0,186.199
18372,0.0,0.0,186.199
18373,0.0,0.0,186.199
18374,0.0,0.0,186.199
18375,0.0,0.0,186.199
18376,0.0,0.0,186.199
18377,0.0,0.0,186.199
18378,0.0,0.0,186.199
18379,0.0,0.0,186.199
18380,0.0,0.0,186.199
18381,0.0,0.0,186.199
18382,0.0,0.0,186.199
18383,0.0,0.0,186.199
18384,0.0,0.0,186.199
18385,0.0,0.0,186.199
18386,0.0,0.0,186.199
18387,0.0,0.0,186.199
18388,0.0,0.0,186.199
18389,75.0,4.688,186.203
18390,62.5,3.906,186.203
18391,100.0,6.25,186.203
18392,99.4,6.213,186.203
18393,0.0,0.0,186.203
18394,0.0,0.0,186.203
18395,0.0,0.0,186.203
18396,0.0,0.0,186.203
18397,0.0,0.0,186.203
18398,14.3,0.894,186.203
18399,0.0,0.0,186.203
18400,0.0,0.0,186.203
18401,0.0,0.0,186.203
18402,0.0,0.0,186.203
18403,0.0,0.0,186.203
18404,0.0,0.0,186.203
18405,0.0,0.0,186.203
18406,0.0,0.0,186.203
18407,0.0,0.0,186.203
18408,0.0,0.0,186.203
18409,0.0,0.0,186.207
18410,0.0,0.0,186.207
18411,0.0,0.0,186.207
18412,14.2,0.887,186.207
18413,0.0,0.0,186.207
18414,0.0,0.0,186.207
18415,0.0,0.0,186.207
18416,0.0,0.0,186.207
18417,0.0,0.0,186.207
18418,0.0,0.0,186.207
18419,14.3,0.894,186.207
18420,14.3,0.894,186.207
18421,0.0,0.0,186.207
18422,0.0,0.0,186.207
18423,0.0,0.0,186.207
18424,0.0,0.0,186.207
18425,14.3,0.894,186.207
18426,75.0,4.688,186.207
18427,100.0,6.25,186.207
18428,100.0,6.25,186.207
18429,100.0,6.25,186.207
18430,42.6,2.663,186.207
18431,0.0,0.0,186.207
18432,0.0,0.0,186.207
18433,0.0,0.0,186.207
18434,0.0,0.0,186.207
18435,0.0,0.0,186.207
18436,0.0,0.0,186.207
18437,0.0,0.0,186.207
18438,0.0,0.0,186.207
18439,0.0,0.0,186.207
18440,12.5,0.781,186.207
18441,0.0,0.0,186.207
18442,0.0,0.0,186.207
18443,0.0,0.0,186.207
18444,0.0,0.0,186.207
18445,0.0,0.0,186.207
18446,0.0,0.0,186.207
18447,0.0,0.0,186.207
18448,0.0,0.0,186.207
18449,0.0,0.0,186.207
18450,0.0,0.0,186.207
18451,0.0,0.0,186.207
18452,0.0,0.0,186.207
18453,0.0,0.0,186.207
18454,0.0,0.0,186.207
18455,0.0,0.0,186.207
18456,0.0,0.0,186.207
18457,0.0,0.0,186.207
18458,0.0,0.0,186.207
18459,0.0,0.0,186.207
18460,0.0,0.0,186.207
18461,0.0,0.0,186.207
18462,0.0,0.0,186.207
18463,0.0,0.0,186.207
18464,0.0,0.0,186.207
18465,14.3,0.894,186.207
18466,0.0,0.0,186.207
18467,0.0,0.0,186.207
18468,0.0,0.0,186.207
18469,0.0,0.0,186.207
18470,0.0,0.0,186.207
18471,0.0,0.0,186.207
18472,0.0,0.0,186.207
18473,0.0,0.0,186.207
18474,0.0,0.0,186.207
18475,0.0,0.0,186.207
18476,0.0,0.0,186.207
18477,0.0,0.0,186.207
18478,0.0,0.0,186.207
18479,0.0,0.0,186.207
18480,0.0,0.0,186.207
18481,0.0,0.0,186.207
18482,0.0,0.0,186.207
18483,0.0,0.0,186.207
18484,0.0,0.0,186.207
18485,0.0,0.0,186.207
18486,0.0,0.0,186.207
18487,0.0,0.0,186.207
18488,0.0,0.0,186.207
18489,0.0,0.0,186.207
18490,0.0,0.0,186.207
18491,0.0,0.0,186.207
18492,0.0,0.0,186.207
18493,0.0,0.0,186.207
18494,0.0,0.0,186.207
18495,0.0,0.0,186.207
18496,0.0,0.0,186.207
18497,0.0,0.0,186.207
18498,0.0,0.0,186.207
18499,0.0,0.0,186.207
18500,0.0,0.0,186.207
18501,0.0,0.0,186.207
18502,0.0,0.0,186.207
18503,0.0,0.0,186.207
18504,0.0,0.0,186.207
18505,0.0,0.0,186.207
18506,14.3,0.894,186.199
18507,0.0,0.0,186.199
18508,0.0,0.0,186.199
18509,0.0,0.0,186.199
18510,0.0,0.0,186.199
18511,0.0,0.0,186.199
18512,0.0,0.0,186.199
18513,0.0,0.0,186.199
18514,0.0,0.0,186.199
18515,0.0,0.0,186.199
18516,0.0,0.0,186.199
18517,0.0,0.0,186.199
18518,0.0,0.0,186.199
18519,0.0,0.0,186.199
18520,0.0,0.0,186.199
18521,0.0,0.0,186.199
18522,0.0,0.0,186.199
18523,0.0,0.0,186.199
18524,0.0,0.0,186.199
18525,0.0,0.0,186.199
18526,0.0,0.0,186.199
18527,0.0,0.0,186.199
18528,0.0,0.0,186.199
18529,0.0,0.0,186.199
18530,0.0,0.0,186.199
18531,0.0,0.0,186.199
18532,0.0,0.0,186.199
18533,0.0,0.0,186.199
18534,0.0,0.0,186.199
18535,0.0,0.0,186.199
18536,0.0,0.0,186.199
18537,0.0,0.0,186.199
18538,0.0,0.0,186.199
18539,0.0,0.0,186.199
18540,0.0,0.0,186.199
18541,0.0,0.0,186.199
18542,0.0,0.0,186.199
18543,0.0,0.0,186.199
18544,0.0,0.0,186.199
18545,0.0,0.0,186.199
18546,0.0,0.0,186.199
18547,0.0,0.0,186.199
18548,0.0,0.0,186.199
18549,0.0,0.0,186.199
18550,0.0,0.0,186.199
18551,0.0,0.0,186.199
18552,0.0,0.0,186.199
18553,14.2,0.887,186.199
18554,0.0,0.0,186.199
18555,0.0,0.0,186.199
18556,0.0,0.0,186.199
18557,0.0,0.0,186.199
18558,0.0,0.0,186.199
18559,0.0,0.0,186.199
18560,0.0,0.0,186.199
18561,0.0,0.0,186.199
18562,0.0,0.0,186.199
18563,0.0,0.0,186.199
18564,0.0,0.0,186.199
18565,0.0,0.0,186.199
18566,0.0,0.0,186.199
18567,0.0,0.0,186.199
18568,0.0,0.0,186.199
18569,0.0,0.0,186.199
18570,0.0,0.0,186.199
18571,0.0,0.0,186.199
18572,0.0,0.0,186.199
18573,0.0,0.0,186.199
18574,0.0,0.0,186.199
18575,0.0,0.0,186.199
18576,62.5,3.906,186.199
18577,75.0,4.688,186.199
18578,75.0,4.688,186.199
18579,75.0,4.688,186.199
18580,42.6,2.663,186.199
18581,0.0,0.0,186.199
18582,0.0,0.0,186.199
18583,0.0,0.0,186.199
18584,0.0,0.0,186.195
18585,14.3,0.894,186.281
18586,0.0,0.0,186.281
18587,0.0,0.0,186.281
18588,0.0,0.0,186.281
18589,14.2,0.887,186.281
18590,0.0,0.0,186.281
18591,0.0,0.0,186.281
18592,0.0,0.0,186.281
18593,0.0,0.0,186.281
18594,0.0,0.0,186.281
18595,0.0,0.0,186.281
18596,0.0,0.0,186.281
18597,0.0,0.0,186.281
18598,0.0,0.0,186.281
18599,0.0,0.0,186.281
18600,0.0,0.0,186.281
18601,14.2,0.887,186.613
18602,0.0,0.0,186.613
18603,0.0,0.0,186.613
18604,0.0,0.0,186.613
18605,0.0,0.0,186.613
18606,0.0,0.0,186.613
18607,0.0,0.0,186.613
18608,25.0,1.562,186.613
18609,28.4,1.775,186.613
18610,0.0,0.0,186.613
18611,0.0,0.0,186.613
18612,0.0,0.0,186.613
18613,0.0,0.0,186.613
18614,0.0,0.0,186.613
18615,28.4,1.775,186.617
18616,0.0,0.0,186.617
18617,0.0,0.0,186.617
18618,0.0,0.0,186.617
18619,0.0,0.0,186.617
18620,0.0,0.0,186.617
18621,0.0,0.0,186.617
18622,37.5,2.344,186.625
18623,112.5,7.031,186.625
18624,87.5,5.469,186.629
18625,75.0,4.688,186.629
18626,87.5,5.469,186.629
18627,78.1,4.881,186.629
18628,14.2,0.887,186.629
18629,0.0,0.0,186.629
18630,0.0,0.0,186.629
18631,0.0,0.0,186.629
18632,0.0,0.0,186.629
18633,0.0,0.0,186.629
18634,0.0,0.0,186.629
18635,0.0,0.0,186.629
18636,0.0,0.0,186.629
18637,0.0,0.0,186.629
18638,0.0,0.0,186.629
18639,0.0,0.0,186.629
18640,28.7,1.794,186.629
18641,0.0,0.0,186.629
18642,0.0,0.0,186.629
18643,0.0,0.0,186.629
18644,0.0,0.0,186.629
18645,14.3,0.894,186.629
18646,0.0,0.0,186.629
18647,0.0,0.0,186.629
18648,0.0,0.0,186.629
18649,75.0,4.688,186.629
18650,100.0,6.25,186.629
18651,100.0,6.25,186.629
18652,100.0,6.25,186.629
18653,14.3,0.894,186.629
18654,25.0,1.562,186.617
18655,0.0,0.0,186.617
18656,0.0,0.0,186.617
18657,0.0,0.0,186.617
18658,0.0,0.0,186.617
18659,25.0,1.562,186.621
18660,0.0,0.0,186.621
18661,0.0,0.0,186.621
18662,0.0,0.0,186.621
18663,0.0,0.0,186.621
18664,22.2,1.387,186.621
18665,87.5,5.469,186.621
18666,112.5,7.031,186.629
18667,87.5,5.469,186.629
18668,57.3,3.581,186.629
18669,14.2,0.887,186.629
18670,0.0,0.0,186.629
18671,0.0,0.0,186.629
18672,0.0,0.0,186.629
18673,33.2,2.075,186.633
18674,0.0,0.0,186.633
18675,0.0,0.0,186.633
18676,0.0,0.0,186.633
18677,87.5,5.469,186.633
18678,86.0,5.375,186.633
18679,14.2,0.887,186.633
18680,0.0,0.0,186.633
18681,0.0,0.0,186.633
18682,14.2,0.887,186.633
18683,14.3,0.894,186.633
18684,14.2,0.887,186.633
18685,0.0,0.0,186.633
18686,37.5,2.344,186.633
18687,100.0,6.25,186.633
18688,28.7,1.794,186.633
18689,0.0,0.0,186.633
18690,0.0,0.0,186.633
18691,0.0,0.0,186.633
18692,28.4,1.775,186.633
18693,14.3,0.894,186.633
18694,14.2,0.887,186.633
18695,75.0,4.688,187.91
18696,71.7,4.481,187.145
18697,14.3,0.894,187.145
18698,0.0,0.0,187.145
18699,0.0,0.0,187.145
18700,25.0,1.562,188.23
18701,100.0,6.25,187.172
18702,87.5,5.469,187.172
18703,100.0,6.25,187.172
18704,100.0,6.25,187.172
18705,87.5,5.469,187.172
18706,100.0,6.25,187.172
18707,28.7,1.794,187.172
18708,0.0,0.0,187.172
18709,0.0,0.0,187.172
18710,0.0,0.0,187.172
18711,0.0,0.0,187.172
18712,0.0,0.0,187.172
18713,0.0,0.0,187.172
18714,0.0,0.0,187.172
18715,14.3,0.894,187.172
18716,14.2,0.887,187.172
18717,0.0,0.0,187.172
18718,0.0,0.0,187.172
18719,0.0,0.0,187.172
18720,37.5,2.344,187.172
18721,100.0,6.25,187.172
18722,57.3,3.581,187.172
18723,0.0,0.0,187.172
18724,0.0,0.0,187.172
18725,0.0,0.0,187.172
18726,0.0,0.0,187.172
18727,0.0,0.0,187.172
18728,0.0,0.0,187.172
18729,0.0,0.0,187.172
18730,0.0,0.0,187.172
18731,0.0,0.0,187.172
18732,0.0,0.0,187.172
18733,0.0,0.0,187.172
18734,0.0,0.0,187.172
18735,0.0,0.0,187.172
18736,0.0,0.0,187.172
18737,0.0,0.0,187.172
18738,0.0,0.0,187.172
18739,0.0,0.0,187.172
18740,0.0,0.0,187.172
18741,0.0,0.0,187.172
18742,0.0,0.0,187.172
18743,0.0,0.0,187.172
18744,0.0,0.0,187.172
18745,0.0,0.0,187.172
18746,0.0,0.0,187.172
18747,0.0,0.0,187.172
18748,0.0,0.0,187.172
18749,0.0,0.0,187.172
18750,0.0,0.0,187.172
18751,0.0,0.0,187.172
18752,0.0,0.0,187.172
18753,0.0,0.0,187.172
18754,0.0,0.0,187.172
18755,0.0,0.0,187.172
18756,0.0,0.0,187.172
18757,0.0,0.0,187.172
18758,0.0,0.0,187.172
18759,0.0,0.0,187.172
18760,0.0,0.0,187.172
18761,0.0,0.0,187.172
18762,0.0,0.0,187.172
18763,0.0,0.0,187.172
18764,0.0,0.0,187.172
18765,0.0,0.0,187.172
18766,0.0,0.0,187.172
18767,0.0,0.0,187.172
18768,0.0,0.0,187.172
18769,0.0,0.0,187.172
18770,0.0,0.0,187.172
18771,0.0,0.0,187.172
18772,0.0,0.0,187.172
18773,0.0,0.0,187.172
18774,0.0,0.0,187.172
18775,0.0,0.0,187.172
18776,0.0,0.0,187.172
18777,0.0,0.0,187.172
18778,0.0,0.0,187.172
18779,0.0,0.0,187.172
18780,0.0,0.0,187.172
18781,0.0,0.0,187.172
18782,0.0,0.0,187.172
18783,0.0,0.0,187.172
18784,0.0,0.0,187.172
18785,0.0,0.0,187.172
18786,0.0,0.0,187.172
18787,0.0,0.0,187.172
18788,0.0,0.0,187.172
18789,0.0,0.0,187.172
18790,0.0,0.0,187.172
18791,0.0,0.0,187.172
18792,0.0,0.0,187.172
18793,0.0,0.0,187.172
18794,0.0,0.0,187.172
18795,0.0,0.0,187.172
18796,0.0,0.0,187.172
18797,0.0,0.0,187.172
18798,0.0,0.0,187.172
18799,0.0,0.0,187.172
18800,0.0,0.0,187.172
18801,0.0,0.0,187.172
18802,0.0,0.0,187.172
18803,0.0,0.0,187.172
18804,0.0,0.0,187.172
18805,0.0,0.0,187.172
18806,0.0,0.0,187.172
18807,0.0,0.0,187.172
18808,0.0,0.0,187.172
18809,0.0,0.0,187.172
18810,0.0,0.0,187.172
18811,0.0,0.0,187.172
18812,0.0,0.0,187.172
18813,14.3,0.894,187.172
18814,14.2,0.887,187.172
18815,0.0,0.0,187.172
18816,0.0,0.0,187.172
18817,0.0,0.0,187.172
18818,0.0,0.0,187.172
18819,0.0,0.0,187.172
18820,0.0,0.0,187.172
18821,0.0,0.0,187.172
18822,0.0,0.0,187.172
18823,0.0,0.0,187.172
18824,0.0,0.0,187.172
18825,0.0,0.0,187.172
18826,0.0,0.0,187.172
18827,0.0,0.0,187.172
18828,0.0,0.0,187.172
18829,0.0,0.0,187.172
18830,0.0,0.0,187.172
18831,0.0,0.0,187.172
18832,0.0,0.0,187.172
18833,0.0,0.0,187.172
18834,0.0,0.0,187.172
18835,0.0,0.0,187.172
18836,0.0,0.0,187.172
18837,0.0,0.0,187.172
18838,0.0,0.0,187.172
18839,0.0,0.0,187.172
18840,0.0,0.0,187.172
18841,0.0,0.0,187.172
18842,0.0,0.0,187.172
18843,0.0,0.0,187.172
18844,0.0,0.0,187.172
18845,0.0,0.0,187.172
18846,0.0,0.0,187.172
18847,0.0,0.0,187.172
18848,0.0,0.0,187.172
18849,0.0,0.0,187.172
18850,0.0,0.0,187.172
18851,0.0,0.0,187.172
18852,0.0,0.0,187.172
18853,0.0,0.0,187.172
18854,0.0,0.0,187.172
18855,0.0,0.0,187.172
18856,0.0,0.0,187.172
18857,0.0,0.0,187.172
18858,0.0,0.0,187.172
18859,0.0,0.0,187.172
18860,0.0,0.0,187.172
18861,0.0,0.0,187.172
18862,0.0,0.0,187.172
18863,0.0,0.0,187.172
18864,0.0,0.0,187.172
18865,0.0,0.0,187.172
18866,0.0,0.0,187.172
18867,0.0,0.0,187.172
18868,0.0,0.0,187.172
18869,0.0,0.0,187.172
18870,0.0,0.0,187.172
18871,0.0,0.0,187.172
18872,0.0,0.0,187.172
18873,0.0,0.0,187.172
18874,0.0,0.0,187.172
18875,0.0,0.0,187.172
18876,0.0,0.0,187.172
18877,0.0,0.0,187.172
18878,0.0,0.0,187.172
18879,0.0,0.0,187.172
18880,0.0,0.0,187.172
18881,0.0,0.0,187.172
18882,0.0,0.0,187.172
18883,0.0,0.0,187.172
18884,0.0,0.0,187.172
18885,0.0,0.0,187.172
18886,0.0,0.0,187.172
18887,0.0,0.0,187.172
18888,0.0,0.0,187.172
18889,0.0,0.0,187.172
18890,0.0,0.0,187.172
18891,0.0,0.0,187.172
18892,0.0,0.0,187.172
18893,0.0,0.0,187.172
18894,0.0,0.0,187.172
18895,0.0,0.0,187.172
18896,0.0,0.0,187.172
18897,0.0,0.0,187.172
18898,0.0,0.0,187.172
18899,0.0,0.0,187.172
18900,0.0,0.0,187.172
18901,0.0,0.0,187.172
18902,0.0,0.0,187.172
18903,0.0,0.0,187.172
18904,0.0,0.0,187.172
18905,0.0,0.0,187.172
18906,0.0,0.0,187.172
18907,0.0,0.0,187.172
18908,0.0,0.0,187.172
18909,0.0,0.0,187.172
18910,0.0,0.0,187.172
18911,0.0,0.0,187.172
18912,0.0,0.0,187.172
18913,0.0,0.0,187.172
18914,0.0,0.0,187.172
18915,0.0,0.0,187.172
18916,0.0,0.0,187.172
18917,0.0,0.0,187.172
18918,0.0,0.0,187.172
18919,0.0,0.0,187.172
18920,0.0,0.0,187.172
18921,0.0,0.0,187.172
18922,0.0,0.0,187.172
18923,0.0,0.0,187.172
18924,0.0,0.0,187.172
18925,0.0,0.0,187.172
18926,0.0,0.0,187.172
18927,0.0,0.0,187.172
18928,0.0,0.0,187.172
18929,0.0,0.0,187.172
18930,40.1,2.506,187.172
18931,75.0,4.688,187.172
18932,100.0,6.25,187.172
18933,100.0,6.25,187.172
18934,100.0,6.25,187.172
18935,56.8,3.55,187.172
18936,0.0,0.0,187.172
18937,0.0,0.0,187.172
18938,0.0,0.0,187.172
18939,0.0,0.0,187.172
18940,0.0,0.0,187.172
18941,0.0,0.0,187.172
18942,14.2,0.887,187.172
18943,14.3,0.894,187.172
18944,0.0,0.0,187.172
18945,0.0,0.0,187.172
18946,0.0,0.0,187.172
18947,0.0,0.0,187.172
18948,0.0,0.0,187.172
18949,0.0,0.0,187.172
18950,0.0,0.0,187.172
18951,0.0,0.0,187.172
18952,0.0,0.0,187.172
18953,0.0,0.0,187.172
18954,50.0,3.125,187.172
18955,100.0,6.25,187.172
18956,100.0,6.25,187.172
18957,100.0,6.25,187.172
18958,88.7,5.544,187.172
18959,87.5,5.469,187.172
18960,28.7,1.794,187.172
18961,0.0,0.0,187.172
18962,0.0,0.0,187.172
18963,0.0,0.0,187.172
18964,0.0,0.0,187.172
18965,0.0,0.0,187.172
18966,14.2,0.887,187.172
18967,0.0,0.0,187.172
18968,0.0,0.0,187.172
18969,0.0,0.0,187.172
18970,0.0,0.0,187.172
18971,0.0,0.0,187.172
18972,0.0,0.0,187.172
18973,0.0,0.0,187.172
18974,0.0,0.0,187.172
18975,0.0,0.0,187.172
18976,0.0,0.0,187.172
18977,0.0,0.0,187.172
18978,0.0,0.0,187.172
18979,0.0,0.0,187.172
18980,0.0,0.0,187.172
18981,0.0,0.0,187.172
18982,0.0,0.0,187.172
18983,0.0,0.0,187.172
18984,0.0,0.0,187.172
18985,14.2,0.887,187.172
18986,0.0,0.0,187.172
18987,0.0,0.0,187.172
18988,0.0,0.0,187.172
18989,0.0,0.0,187.172
18990,0.0,0.0,187.172
18991,0.0,0.0,187.172
18992,0.0,0.0,187.172
18993,0.0,0.0,187.172
18994,0.0,0.0,187.172
18995,0.0,0.0,187.172
18996,0.0,0.0,187.172
18997,0.0,0.0,187.172
18998,0.0,0.0,187.172
18999,0.0,0.0,187.172
19000,0.0,0.0,187.172
19001,0.0,0.0,187.172
19002,0.0,0.0,187.172
19003,0.0,0.0,187.172
19004,0.0,0.0,187.172
19005,0.0,0.0,187.172
19006,0.0,0.0,187.172
19007,0.0,0.0,187.172
19008,0.0,0.0,187.172
19009,0.0,0.0,187.172
19010,0.0,0.0,187.172
19011,0.0,0.0,187.172
19012,0.0,0.0,187.172
19013,0.0,0.0,187.172
19014,0.0,0.0,187.172
19015,0.0,0.0,187.172
19016,0.0,0.0,187.172
19017,0.0,0.0,187.172
19018,0.0,0.0,187.172
19019,0.0,0.0,187.172
19020,0.0,0.0,187.172
19021,0.0,0.0,187.172
19022,0.0,0.0,187.172
19023,0.0,0.0,187.172
19024,0.0,0.0,187.172
19025,0.0,0.0,187.172
19026,0.0,0.0,187.172
19027,0.0,0.0,187.172
19028,0.0,0.0,187.172
19029,0.0,0.0,187.172
19030,0.0,0.0,187.172
19031,0.0,0.0,187.172
19032,0.0,0.0,187.172
19033,0.0,0.0,187.172
19034,0.0,0.0,187.172
19035,0.0,0.0,187.172
19036,0.0,0.0,187.172
19037,0.0,0.0,187.172
19038,0.0,0.0,187.172
19039,0.0,0.0,187.172
19040,0.0,0.0,187.172
19041,0.0,0.0,187.172
19042,0.0,0.0,187.172
19043,0.0,0.0,187.172
19044,0.0,0.0,187.172
19045,0.0,0.0,187.172
19046,0.0,0.0,187.172
19047,0.0,0.0,187.172
19048,0.0,0.0,187.172
19049,0.0,0.0,187.172
19050,0.0,0.0,187.172
19051,0.0,0.0,187.172
19052,0.0,0.0,187.172
19053,0.0,0.0,187.172
19054,0.0,0.0,187.172
19055,0.0,0.0,187.172
19056,0.0,0.0,187.172
19057,0.0,0.0,187.172
19058,0.0,0.0,187.172
19059,0.0,0.0,187.172
19060,0.0,0.0,187.172
19061,25.0,1.562,187.172
19062,89.3,5.581,187.172
19063,100.0,6.25,187.172
19064,100.0,6.25,187.172
19065,100.0,6.25,187.172
19066,99.4,6.213,187.172
19067,0.0,0.0,187.172
19068,0.0,0.0,187.172
19069,0.0,0.0,187.172
19070,0.0,0.0,187.172
19071,0.0,0.0,187.172
19072,28.4,1.775,187.172
19073,0.0,0.0,187.172
19074,0.0,0.0,187.172
19075,0.0,0.0,187.172
19076,0.0,0.0,187.172
19077,0.0,0.0,187.172
19078,0.0,0.0,187.172
19079,0.0,0.0,187.172
19080,0.0,0.0,187.172
19081,0.0,0.0,187.172
19082,0.0,0.0,187.172
19083,0.0,0.0,187.172
19084,14.3,0.894,187.172
19085,0.0,0.0,187.172
19086,0.0,0.0,187.172
19087,0.0,0.0,187.172
19088,0.0,0.0,187.172
19089,0.0,0.0,187.172
19090,0.0,0.0,187.172
19091,0.0,0.0,187.172
19092,0.0,0.0,187.172
19093,0.0,0.0,187.172
19094,0.0,0.0,187.172
19095,0.0,0.0,187.172
19096,0.0,0.0,187.172
19097,0.0,0.0,187.172
19098,0.0,0.0,187.172
19099,0.0,0.0,187.172
19100,0.0,0.0,187.172
19101,0.0,0.0,187.172
19102,0.0,0.0,187.172
19103,0.0,0.0,187.172
19104,0.0,0.0,187.172
19105,0.0,0.0,187.172
19106,0.0,0.0,187.172
19107,14.3,0.894,187.164
19108,0.0,0.0,187.164
19109,0.0,0.0,187.164
19110,0.0,0.0,187.164
19111,0.0,0.0,187.164
19112,0.0,0.0,187.164
19113,0.0,0.0,187.164
19114,0.0,0.0,187.164
19115,0.0,0.0,187.164
19116,0.0,0.0,187.164
19117,0.0,0.0,187.164
19118,0.0,0.0,187.164
19119,0.0,0.0,187.164
19120,0.0,0.0,187.164
19121,0.0,0.0,187.164
19122,0.0,0.0,187.164
19123,0.0,0.0,187.164
19124,0.0,0.0,187.164
19125,0.0,0.0,187.164
19126,0.0,0.0,187.164
19127,0.0,0.0,187.164
19128,0.0,0.0,187.164
19129,0.0,0.0,187.164
19130,0.0,0.0,187.164
19131,0.0,0.0,187.164
19132,0.0,0.0,187.164
19133,0.0,0.0,187.164
19134,0.0,0.0,187.164
19135,0.0,0.0,187.164
19136,0.0,0.0,187.164
19137,0.0,0.0,187.164
19138,0.0,0.0,187.164
19139,0.0,0.0,187.164
19140,0.0,0.0,187.164
19141,0.0,0.0,187.164
19142,0.0,0.0,187.164
19143,14.3,0.894,187.164
19144,0.0,0.0,187.164
19145,0.0,0.0,187.164
19146,0.0,0.0,187.164
19147,0.0,0.0,187.164
19148,0.0,0.0,187.164
19149,0.0,0.0,187.164
19150,0.0,0.0,187.164
19151,0.0,0.0,187.164
19152,0.0,0.0,187.164
19153,0.0,0.0,187.164
19154,0.0,0.0,187.164
19155,0.0,0.0,187.164
19156,0.0,0.0,187.164
19157,0.0,0.0,187.164
19158,0.0,0.0,187.164
19159,0.0,0.0,187.164
19160,0.0,0.0,187.164
19161,0.0,0.0,187.164
19162,0.0,0.0,187.164
19163,16.6,1.038,187.164
19164,0.0,0.0,187.164
19165,0.0,0.0,187.164
19166,0.0,0.0,187.164
19167,0.0,0.0,187.164
19168,0.0,0.0,187.164
19169,0.0,0.0,187.164
19170,0.0,0.0,187.164
19171,0.0,0.0,187.164
19172,0.0,0.0,187.164
19173,0.0,0.0,187.164
19174,0.0,0.0,187.164
19175,0.0,0.0,187.164
19176,0.0,0.0,187.164
19177,0.0,0.0,187.164
19178,0.0,0.0,187.164
19179,0.0,0.0,187.164
19180,0.0,0.0,187.164
19181,0.0,0.0,187.164
19182,0.0,0.0,187.164
19183,0.0,0.0,187.164
19184,0.0,0.0,187.164
19185,0.0,0.0,187.164
19186,0.0,0.0,187.164
19187,0.0,0.0,187.164
19188,0.0,0.0,187.164
19189,0.0,0.0,187.164
19190,0.0,0.0,187.164
19191,0.0,0.0,187.164
19192,0.0,0.0,187.164
19193,0.0,0.0,187.164
19194,0.0,0.0,187.164
19195,0.0,0.0,187.164
19196,0.0,0.0,187.164
19197,0.0,0.0,187.164
19198,0.0,0.0,187.164
19199,0.0,0.0,187.164
19200,0.0,0.0,187.164
19201,0.0,0.0,187.164
19202,0.0,0.0,187.164
19203,0.0,0.0,187.164
19204,14.2,0.887,187.164
19205,0.0,0.0,187.164
19206,0.0,0.0,187.164
19207,0.0,0.0,187.164
19208,0.0,0.0,187.164
19209,0.0,0.0,187.164
19210,0.0,0.0,187.164
19211,0.0,0.0,187.164
19212,0.0,0.0,187.164
19213,0.0,0.0,187.168
19214,0.0,0.0,187.176
19215,0.0,0.0,187.176
19216,0.0,0.0,187.176
19217,0.0,0.0,187.176
19218,0.0,0.0,187.176
19219,0.0,0.0,187.176
19220,0.0,0.0,187.176
19221,0.0,0.0,187.176
19222,0.0,0.0,187.176
19223,0.0,0.0,187.176
19224,14.3,0.894,187.176
19225,0.0,0.0,187.176
19226,0.0,0.0,187.176
19227,0.0,0.0,187.176
19228,0.0,0.0,187.176
19229,0.0,0.0,187.176
19230,0.0,0.0,187.176
19231,0.0,0.0,187.176
19232,0.0,0.0,187.176
19233,0.0,0.0,187.176
19234,0.0,0.0,187.176
19235,0.0,0.0,187.176
19236,0.0,0.0,187.176
19237,0.0,0.0,187.176
19238,0.0,0.0,187.176
19239,0.0,0.0,187.176
19240,0.0,0.0,187.176
19241,0.0,0.0,187.176
19242,0.0,0.0,187.176
19243,14.3,0.894,187.176
19244,0.0,0.0,187.176
19245,0.0,0.0,187.176
19246,0.0,0.0,187.176
19247,0.0,0.0,187.176
19248,0.0,0.0,187.176
19249,0.0,0.0,187.176
19250,33.2,2.075,187.18
19251,16.8,1.05,187.18
19252,0.0,0.0,187.18
19253,0.0,0.0,187.18
19254,0.0,0.0,187.18
19255,0.0,0.0,187.18
19256,0.0,0.0,187.18
19257,0.0,0.0,187.18
19258,0.0,0.0,187.18
19259,0.0,0.0,187.18
19260,0.0,0.0,187.18
19261,0.0,0.0,187.18
19262,0.0,0.0,187.18
19263,0.0,0.0,187.18
19264,0.0,0.0,187.18
19265,0.0,0.0,187.18
19266,0.0,0.0,187.18
19267,14.2,0.887,187.18
19268,14.3,0.894,187.18
19269,0.0,0.0,187.18
19270,0.0,0.0,187.18
19271,0.0,0.0,187.18
19272,43.0,2.688,187.188
19273,0.0,0.0,187.188
19274,0.0,0.0,187.188
19275,0.0,0.0,187.188
19276,0.0,0.0,187.188
19277,0.0,0.0,187.188
19278,0.0,0.0,187.188
19279,0.0,0.0,187.188
19280,0.0,0.0,187.188
19281,0.0,0.0,187.188
19282,0.0,0.0,187.188
19283,0.0,0.0,187.188
19284,0.0,0.0,187.188
19285,0.0,0.0,187.188
19286,0.0,0.0,187.188
19287,0.0,0.0,187.188
19288,0.0,0.0,187.188
19289,0.0,0.0,187.188
19290,0.0,0.0,187.191
19291,0.0,0.0,187.191
19292,0.0,0.0,187.191
19293,0.0,0.0,187.191
19294,0.0,0.0,187.191
19295,0.0,0.0,187.191
19296,0.0,0.0,187.191
19297,0.0,0.0,187.191
19298,0.0,0.0,187.191
19299,0.0,0.0,187.191
19300,0.0,0.0,187.191
19301,0.0,0.0,187.203
19302,0.0,0.0,187.203
19303,0.0,0.0,187.203
19304,0.0,0.0,187.203
19305,0.0,0.0,187.203
19306,0.0,0.0,187.203
19307,0.0,0.0,187.203
19308,0.0,0.0,187.203
19309,0.0,0.0,187.203
19310,0.0,0.0,187.203
19311,0.0,0.0,187.203
19312,0.0,0.0,187.203
19313,0.0,0.0,187.203
19314,0.0,0.0,187.203
19315,0.0,0.0,187.203
19316,0.0,0.0,187.203
19317,0.0,0.0,187.203
19318,0.0,0.0,187.203
19319,0.0,0.0,187.203
19320,0.0,0.0,187.203
19321,0.0,0.0,187.203
19322,0.0,0.0,187.203
19323,0.0,0.0,187.203
19324,0.0,0.0,187.203
19325,0.0,0.0,187.203
19326,0.0,0.0,187.203
19327,0.0,0.0,187.203
19328,0.0,0.0,187.203
19329,0.0,0.0,187.203
19330,0.0,0.0,187.203
19331,0.0,0.0,187.203
19332,0.0,0.0,187.203
19333,0.0,0.0,187.203
19334,0.0,0.0,187.203
19335,0.0,0.0,187.203
19336,0.0,0.0,187.203
19337,0.0,0.0,187.203
19338,0.0,0.0,187.203
19339,0.0,0.0,187.203
19340,0.0,0.0,187.203
19341,0.0,0.0,187.203
19342,0.0,0.0,187.203
19343,0.0,0.0,187.203
19344,0.0,0.0,187.203
19345,0.0,0.0,187.203
19346,0.0,0.0,187.203
19347,0.0,0.0,187.203
19348,0.0,0.0,187.203
19349,0.0,0.0,187.203
19350,0.0,0.0,187.203
19351,0.0,0.0,187.203
19352,0.0,0.0,187.203
19353,0.0,0.0,187.203
19354,0.0,0.0,187.203
19355,0.0,0.0,187.203
19356,0.0,0.0,187.203
19357,0.0,0.0,187.203
19358,0.0,0.0,187.203
19359,0.0,0.0,187.203
19360,0.0,0.0,187.203
19361,0.0,0.0,187.203
19362,0.0,0.0,187.203
19363,0.0,0.0,187.203
19364,0.0,0.0,187.203
19365,0.0,0.0,187.203
19366,0.0,0.0,187.203
19367,0.0,0.0,187.203
19368,0.0,0.0,187.203
19369,0.0,0.0,187.203
19370,0.0,0.0,187.203
19371,0.0,0.0,187.203
19372,0.0,0.0,187.203
19373,0.0,0.0,187.203
19374,0.0,0.0,187.203
19375,0.0,0.0,187.203
19376,0.0,0.0,187.203
19377,0.0,0.0,187.203
19378,0.0,0.0,187.203
19379,0.0,0.0,187.203
19380,0.0,0.0,187.203
19381,0.0,0.0,187.203
19382,0.0,0.0,187.203
19383,0.0,0.0,187.203
19384,0.0,0.0,187.203
19385,0.0,0.0,187.203
19386,14.3,0.894,187.203
19387,0.0,0.0,187.203
19388,0.0,0.0,187.203
19389,0.0,0.0,187.203
19390,0.0,0.0,187.203
19391,0.0,0.0,187.203
19392,0.0,0.0,187.203
19393,0.0,0.0,187.203
19394,0.0,0.0,187.203
19395,0.0,0.0,187.203
19396,0.0,0.0,187.203
19397,0.0,0.0,187.203
19398,0.0,0.0,187.203
19399,0.0,0.0,187.203
19400,0.0,0.0,187.203
19401,0.0,0.0,187.203
19402,0.0,0.0,187.203
19403,0.0,0.0,187.203
19404,0.0,0.0,187.203
19405,0.0,0.0,187.203
19406,0.0,0.0,187.203
19407,0.0,0.0,187.203
19408,0.0,0.0,187.203
19409,0.0,0.0,187.203
19410,0.0,0.0,187.203
19411,0.0,0.0,187.203
19412,0.0,0.0,187.203
19413,0.0,0.0,187.203
19414,0.0,0.0,187.203
19415,0.0,0.0,187.203
19416,0.0,0.0,187.203
19417,0.0,0.0,187.203
19418,0.0,0.0,187.203
19419,0.0,0.0,187.203
19420,0.0,0.0,187.203
19421,0.0,0.0,187.203
19422,0.0,0.0,187.203
19423,0.0,0.0,187.203
19424,0.0,0.0,187.203
19425,0.0,0.0,187.203
19426,0.0,0.0,187.203
19427,0.0,0.0,187.203
19428,0.0,0.0,187.203
19429,0.0,0.0,187.203
19430,0.0,0.0,187.203
19431,0.0,0.0,187.203
19432,0.0,0.0,187.203
19433,0.0,0.0,187.203
19434,0.0,0.0,187.203
19435,0.0,0.0,187.203
19436,0.0,0.0,187.203
19437,0.0,0.0,187.203
19438,0.0,0.0,187.203
19439,0.0,0.0,187.203
19440,0.0,0.0,187.203
19441,0.0,0.0,187.203
19442,0.0,0.0,187.203
19443,0.0,0.0,187.203
19444,0.0,0.0,187.203
19445,0.0,0.0,187.203
19446,0.0,0.0,187.203
19447,0.0,0.0,187.203
19448,0.0,0.0,187.203
19449,0.0,0.0,187.203
19450,0.0,0.0,187.203
19451,0.0,0.0,187.203
19452,0.0,0.0,187.203
19453,0.0,0.0,187.203
19454,0.0,0.0,187.203
19455,0.0,0.0,187.203
19456,0.0,0.0,187.203
19457,0.0,0.0,187.203
19458,0.0,0.0,187.203
19459,0.0,0.0,187.203
19460,25.0,1.562,187.23
19461,100.0,6.25,187.23
19462,100.0,6.25,187.234
19463,75.0,4.688,187.234
19464,88.7,5.544,187.234
19465,14.3,0.894,187.234
19466,0.0,0.0,187.234
19467,0.0,0.0,187.234
19468,14.3,0.894,187.234
19469,0.0,0.0,187.234
19470,0.0,0.0,187.234
19471,14.3,0.894,187.234
19472,0.0,0.0,187.234
19473,0.0,0.0,187.234
19474,0.0,0.0,187.234
19475,14.3,0.894,187.238
19476,14.2,0.887,187.238
19477,0.0,0.0,187.238
19478,0.0,0.0,187.238
19479,14.3,0.894,187.238
19480,50.0,3.125,187.246
19481,100.0,6.25,187.246
19482,100.0,6.25,187.246
19483,100.0,6.25,187.246
19484,71.0,4.438,187.246
19485,14.3,0.894,187.246
19486,14.2,0.887,187.246
19487,0.0,0.0,187.246
19488,0.0,0.0,187.246
19489,0.0,0.0,187.246
19490,0.0,0.0,187.246
19491,14.3,0.894,187.242
19492,0.0,0.0,187.242
19493,14.2,0.887,187.242
19494,12.5,0.781,187.254
19495,58.5,3.656,192.547
19496,56.8,3.55,187.332
19497,28.7,1.794,187.332
19498,0.0,0.0,187.332
19499,0.0,0.0,187.332
19500,14.3,0.894,187.332
19501,0.0,0.0,187.332
19502,14.2,0.887,187.332
19503,14.3,0.894,187.332
19504,14.3,0.894,187.332
19505,50.0,3.125,189.023
19506,100.0,6.25,189.047
19507,71.0,4.438,189.059
19508,33.5,2.094,189.059
19509,112.5,7.031,189.059
19510,87.5,5.469,189.059
19511,100.0,6.25,189.059
19512,42.6,2.663,189.059
19513,0.0,0.0,189.059
19514,0.0,0.0,189.059
19515,12.5,0.781,189.059
19516,0.0,0.0,189.059
19517,14.3,0.894,189.059
19518,0.0,0.0,189.059
19519,0.0,0.0,189.059
19520,0.0,0.0,189.059
19521,0.0,0.0,189.059
19522,0.0,0.0,189.059
19523,14.3,0.894,189.059
19524,14.3,0.894,189.059
19525,0.0,0.0,189.059
19526,100.0,6.25,189.062
19527,100.0,6.25,189.066
19528,89.3,5.581,189.066
19529,100.0,6.25,189.066
19530,85.2,5.325,189.066
19531,14.3,0.894,189.066
19532,28.4,1.775,189.066
19533,28.7,1.794,189.066
19534,14.3,0.894,189.051
19535,14.2,0.887,189.051
19536,22.3,1.394,187.367
19537,99.4,6.213,187.375
19538,25.0,1.562,187.375
19539,0.0,0.0,187.375
19540,28.7,1.794,187.375
19541,14.2,0.887,187.371
19542,86.0,5.375,187.371
19543,100.0,6.25,187.371
19544,100.0,6.25,187.371
19545,100.0,6.25,187.371
19546,100.0,6.25,187.371
19547,12.5,0.781,187.371
19548,0.0,0.0,187.371
19549,28.7,1.794,187.371
19550,0.0,0.0,187.371
19551,0.0,0.0,187.371
19552,0.0,0.0,187.371
19553,0.0,0.0,187.371
19554,0.0,0.0,187.371
19555,0.0,0.0,187.371
19556,28.7,1.794,187.371
19557,0.0,0.0,187.371
19558,0.0,0.0,187.371
19559,0.0,0.0,187.371
19560,0.0,0.0,187.371
19561,0.0,0.0,187.371
19562,0.0,0.0,187.371
19563,14.3,0.894,187.371
19564,0.0,0.0,187.371
19565,0.0,0.0,187.371
19566,12.5,0.781,187.375
19567,71.0,4.438,187.379
19568,0.0,0.0,187.379
19569,0.0,0.0,187.379
19570,0.0,0.0,187.379
19571,0.0,0.0,187.379
19572,0.0,0.0,187.379
19573,0.0,0.0,187.379
19574,0.0,0.0,187.379
19575,0.0,0.0,187.379
19576,0.0,0.0,187.379
19577,0.0,0.0,187.379
19578,0.0,0.0,187.379
19579,0.0,0.0,187.379
19580,0.0,0.0,187.379
19581,0.0,0.0,187.379
19582,0.0,0.0,187.379
19583,0.0,0.0,187.379
19584,14.2,0.887,187.379
19585,0.0,0.0,187.379
19586,0.0,0.0,187.379
19587,0.0,0.0,187.379
19588,0.0,0.0,187.379
19589,0.0,0.0,187.379
19590,0.0,0.0,187.379
19591,0.0,0.0,187.379
19592,0.0,0.0,187.379
19593,0.0,0.0,187.379
19594,0.0,0.0,187.379
19595,0.0,0.0,187.379
19596,0.0,0.0,187.379
19597,0.0,0.0,187.379
19598,0.0,0.0,187.379
19599,0.0,0.0,187.379
19600,0.0,0.0,187.379
19601,0.0,0.0,187.379
19602,0.0,0.0,187.379
19603,0.0,0.0,187.379
19604,14.3,0.894,187.379
19605,0.0,0.0,187.379
19606,0.0,0.0,187.379
19607,0.0,0.0,187.379
19608,0.0,0.0,187.379
19609,0.0,0.0,187.379
19610,0.0,0.0,187.379
19611,0.0,0.0,187.379
19612,0.0,0.0,187.379
19613,0.0,0.0,187.379
19614,0.0,0.0,187.379
19615,0.0,0.0,187.379
19616,0.0,0.0,187.379
19617,0.0,0.0,187.379
19618,0.0,0.0,187.379
19619,0.0,0.0,187.379
19620,0.0,0.0,187.379
19621,0.0,0.0,187.379
19622,0.0,0.0,187.379
19623,0.0,0.0,187.379
19624,0.0,0.0,187.379
19625,0.0,0.0,187.379
19626,0.0,0.0,187.379
19627,0.0,0.0,187.379
19628,0.0,0.0,187.379
19629,0.0,0.0,187.379
19630,0.0,0.0,187.379
19631,0.0,0.0,187.379
19632,0.0,0.0,187.379
19633,0.0,0.0,187.379
19634,0.0,0.0,187.379
19635,0.0,0.0,187.379
19636,0.0,0.0,187.379
19637,0.0,0.0,187.379
19638,0.0,0.0,187.379
19639,0.0,0.0,187.379
19640,0.0,0.0,187.379
19641,0.0,0.0,187.379
19642,50.0,3.125,187.379
19643,88.7,5.544,187.379
19644,100.0,6.25,187.379
19645,112.5,7.031,187.379
19646,43.0,2.688,187.379
19647,0.0,0.0,187.379
19648,28.7,1.794,187.383
19649,0.0,0.0,187.383
19650,0.0,0.0,187.383
19651,0.0,0.0,187.383
19652,43.0,2.688,187.383
19653,0.0,0.0,187.383
19654,0.0,0.0,187.383
19655,0.0,0.0,187.383
19656,0.0,0.0,187.383
19657,0.0,0.0,187.383
19658,0.0,0.0,187.383
19659,0.0,0.0,187.383
19660,0.0,0.0,187.383
19661,0.0,0.0,187.383
19662,0.0,0.0,187.383
19663,0.0,0.0,187.383
19664,0.0,0.0,187.383
19665,0.0,0.0,187.383
19666,0.0,0.0,187.383
19667,0.0,0.0,187.383
19668,0.0,0.0,187.383
19669,0.0,0.0,187.383
19670,0.0,0.0,187.383
19671,0.0,0.0,187.383
19672,0.0,0.0,187.383
19673,0.0,0.0,187.383
19674,0.0,0.0,187.383
19675,0.0,0.0,187.383
19676,0.0,0.0,187.383
19677,0.0,0.0,187.383
19678,0.0,0.0,187.383
19679,0.0,0.0,187.383
19680,0.0,0.0,187.383
19681,0.0,0.0,187.383
19682,0.0,0.0,187.383
19683,0.0,0.0,187.383
19684,0.0,0.0,187.383
19685,0.0,0.0,187.383
19686,0.0,0.0,187.383
19687,0.0,0.0,187.383
19688,0.0,0.0,187.383
19689,0.0,0.0,187.383
19690,0.0,0.0,187.383
19691,0.0,0.0,187.383
19692,0.0,0.0,187.383
19693,0.0,0.0,187.383
19694,0.0,0.0,187.383
19695,0.0,0.0,187.383
19696,0.0,0.0,187.383
19697,0.0,0.0,187.383
19698,0.0,0.0,187.383
19699,0.0,0.0,187.383
19700,0.0,0.0,187.383
19701,0.0,0.0,187.383
19702,0.0,0.0,187.383
19703,0.0,0.0,187.383
19704,14.2,0.887,187.383
19705,0.0,0.0,187.383
19706,0.0,0.0,187.383
19707,0.0,0.0,187.383
19708,0.0,0.0,187.383
19709,0.0,0.0,187.383
19710,0.0,0.0,187.383
19711,0.0,0.0,187.383
19712,0.0,0.0,187.383
19713,0.0,0.0,187.383
19714,0.0,0.0,187.383
19715,0.0,0.0,187.383
19716,0.0,0.0,187.383
19717,0.0,0.0,187.383
19718,87.5,5.469,187.383
19719,100.0,6.25,187.383
19720,12.5,0.781,187.383
19721,14.3,0.894,187.383
19722,0.0,0.0,187.383
19723,0.0,0.0,187.383
19724,28.7,1.794,187.383
19725,0.0,0.0,187.383
19726,0.0,0.0,187.383
19727,0.0,0.0,187.383
19728,50.0,3.125,187.383
19729,112.5,7.031,187.383
19730,0.0,0.0,187.383
19731,0.0,0.0,187.383
19732,0.0,0.0,187.383
19733,0.0,0.0,187.383
19734,0.0,0.0,187.383
19735,0.0,0.0,187.383
19736,0.0,0.0,187.383
19737,0.0,0.0,187.383
19738,0.0,0.0,187.383
19739,14.3,0.894,187.383
19740,0.0,0.0,187.383
19741,0.0,0.0,187.383
19742,0.0,0.0,187.383
19743,0.0,0.0,187.383
19744,0.0,0.0,187.383
19745,0.0,0.0,187.383
19746,0.0,0.0,187.383
19747,0.0,0.0,187.383
19748,0.0,0.0,187.383
19749,0.0,0.0,187.383
19750,0.0,0.0,187.383
19751,0.0,0.0,187.383
19752,0.0,0.0,187.383
19753,0.0,0.0,187.383
19754,0.0,0.0,187.383
19755,0.0,0.0,187.383
19756,0.0,0.0,187.383
19757,0.0,0.0,187.383
19758,0.0,0.0,187.383
19759,0.0,0.0,187.383
19760,0.0,0.0,187.383
19761,0.0,0.0,187.383
19762,0.0,0.0,187.383
19763,0.0,0.0,187.383
19764,0.0,0.0,187.383
19765,0.0,0.0,187.383
19766,0.0,0.0,187.383
19767,0.0,0.0,187.383
19768,0.0,0.0,187.383
19769,0.0,0.0,187.383
19770,0.0,0.0,187.383
19771,0.0,0.0,187.383
19772,0.0,0.0,187.383
19773,0.0,0.0,187.383
19774,0.0,0.0,187.383
19775,0.0,0.0,187.383
19776,0.0,0.0,187.383
19777,0.0,0.0,187.383
19778,0.0,0.0,187.383
19779,0.0,0.0,187.383
19780,0.0,0.0,187.383
19781,0.0,0.0,187.383
19782,0.0,0.0,187.383
19783,0.0,0.0,187.383
19784,0.0,0.0,187.383
19785,0.0,0.0,187.383
19786,0.0,0.0,187.383
19787,0.0,0.0,187.383
19788,0.0,0.0,187.383
19789,0.0,0.0,187.383
19790,0.0,0.0,187.383
19791,14.2,0.887,187.383
19792,0.0,0.0,187.383
19793,0.0,0.0,187.383
19794,0.0,0.0,187.383
19795,0.0,0.0,187.383
19796,0.0,0.0,187.383
19797,14.2,0.887,187.383
19798,0.0,0.0,187.383
19799,0.0,0.0,187.383
19800,0.0,0.0,187.383
19801,0.0,0.0,187.383
19802,0.0,0.0,187.383
19803,0.0,0.0,187.383
19804,0.0,0.0,187.383
19805,14.3,0.894,187.383
19806,0.0,0.0,187.383
19807,0.0,0.0,187.383
19808,0.0,0.0,187.383
19809,0.0,0.0,187.383
19810,0.0,0.0,187.383
19811,0.0,0.0,187.383
19812,0.0,0.0,187.383
19813,0.0,0.0,187.383
19814,0.0,0.0,187.383
19815,0.0,0.0,187.383
19816,0.0,0.0,187.383
19817,0.0,0.0,187.383
19818,0.0,0.0,187.383
19819,0.0,0.0,187.383
19820,0.0,0.0,187.383
19821,0.0,0.0,187.383
19822,0.0,0.0,187.383
19823,0.0,0.0,187.383
19824,0.0,0.0,187.383
19825,0.0,0.0,187.383
19826,0.0,0.0,187.383
19827,0.0,0.0,187.383
19828,0.0,0.0,187.383
19829,0.0,0.0,187.383
19830,0.0,0.0,187.383
19831,0.0,0.0,187.383
19832,0.0,0.0,187.383
19833,0.0,0.0,187.383
19834,0.0,0.0,187.383
19835,0.0,0.0,187.383
19836,0.0,0.0,187.383
19837,0.0,0.0,187.383
19838,0.0,0.0,187.383
19839,0.0,0.0,187.383
19840,0.0,0.0,187.383
19841,0.0,0.0,187.383
19842,0.0,0.0,187.383
19843,0.0,0.0,187.383
19844,0.0,0.0,187.383
19845,0.0,0.0,187.383
19846,0.0,0.0,187.383
19847,0.0,0.0,187.383
19848,0.0,0.0,187.383
19849,0.0,0.0,187.383
19850,0.0,0.0,187.383
19851,0.0,0.0,187.383
19852,0.0,0.0,187.383
19853,0.0,0.0,187.383
19854,0.0,0.0,187.383
19855,0.0,0.0,187.383
19856,0.0,0.0,187.383
19857,0.0,0.0,187.383
19858,0.0,0.0,187.383
19859,0.0,0.0,187.383
19860,0.0,0.0,187.383
19861,0.0,0.0,187.383
19862,0.0,0.0,187.383
19863,0.0,0.0,187.383
19864,0.0,0.0,187.383
19865,0.0,0.0,187.383
19866,0.0,0.0,187.383
19867,0.0,0.0,187.383
19868,0.0,0.0,187.383
19869,0.0,0.0,187.383
19870,0.0,0.0,187.383
19871,37.5,2.344,187.383
19872,87.5,5.469,187.383
19873,100.0,6.25,187.383
19874,87.5,5.469,187.383
19875,57.3,3.581,187.383
19876,0.0,0.0,187.383
19877,0.0,0.0,187.383
19878,28.4,1.775,187.383
19879,14.3,0.894,187.383
19880,0.0,0.0,187.383
19881,14.2,0.887,187.383
19882,12.5,0.781,187.383
19883,62.5,3.906,187.383
19884,100.0,6.25,187.383
19885,100.0,6.25,187.383
19886,87.5,5.469,187.383
19887,100.3,6.269,187.383
19888,14.2,0.887,187.383
19889,12.5,0.781,187.383
19890,0.0,0.0,187.383
19891,0.0,0.0,187.383
19892,14.2,0.887,187.383
19893,14.3,0.894,187.383
19894,0.0,0.0,187.383
19895,0.0,0.0,187.383
19896,0.0,0.0,187.383
19897,87.5,5.469,187.383
19898,100.3,6.269,187.383
19899,14.2,0.887,187.383
19900,14.3,0.894,187.383
19901,0.0,0.0,187.383
19902,0.0,0.0,187.383
19903,14.2,0.887,187.383
19904,0.0,0.0,187.383
19905,0.0,0.0,187.383
19906,0.0,0.0,187.383
19907,25.0,1.562,187.383
19908,100.0,6.25,187.383
19909,71.0,4.438,187.383
19910,0.0,0.0,187.383
19911,0.0,0.0,187.383
19912,0.0,0.0,187.383
19913,0.0,0.0,187.383
19914,71.7,4.481,187.383
19915,14.2,0.887,187.383
19916,0.0,0.0,187.383
19917,0.0,0.0,187.383
19918,37.5,2.344,187.383
19919,87.5,5.469,187.383
19920,88.7,5.544,187.383
19921,100.0,6.25,187.383
19922,112.5,7.031,187.383
19923,43.0,2.688,187.383
19924,0.0,0.0,187.383
19925,0.0,0.0,187.383
19926,25.0,1.562,187.383
19927,100.0,6.25,187.383
19928,87.5,5.469,187.383
19929,75.0,4.688,187.383
19930,28.4,1.775,187.383
19931,0.0,0.0,187.383
19932,0.0,0.0,187.383
19933,0.0,0.0,187.383
19934,43.0,2.688,187.383
19935,0.0,0.0,187.383
19936,0.0,0.0,187.383
19937,0.0,0.0,187.383
19938,0.0,0.0,187.383
19939,0.0,0.0,187.383
19940,50.0,3.125,187.383
19941,100.0,6.25,187.383
19942,37.5,2.344,187.383
19943,14.3,0.894,187.383
19944,14.3,0.894,187.383
19945,0.0,0.0,187.383
19946,0.0,0.0,187.383
19947,14.3,0.894,187.383
19948,0.0,0.0,187.383
19949,0.0,0.0,187.383
19950,25.0,1.562,187.383
19951,75.0,4.688,187.383
19952,57.3,3.581,187.383
19953,14.2,0.887,187.383
19954,0.0,0.0,187.383
19955,0.0,0.0,187.383
19956,0.0,0.0,187.383
19957,0.0,0.0,187.383
19958,0.0,0.0,187.383
19959,0.0,0.0,187.383
19960,0.0,0.0,187.383
19961,0.0,0.0,187.383
19962,0.0,0.0,187.383
19963,14.3,0.894,187.379
19964,62.5,3.906,187.379
19965,100.0,6.25,187.379
19966,100.0,6.25,187.379
19967,71.0,4.438,187.379
19968,28.7,1.794,187.363
19969,0.0,0.0,187.363
19970,0.0,0.0,187.363
19971,14.2,0.887,187.363
19972,14.3,0.894,187.363
19973,0.0,0.0,187.363
19974,0.0,0.0,187.363
19975,0.0,0.0,187.363
19976,62.5,3.906,187.367
19977,87.5,5.469,187.371
19978,43.0,2.688,187.375
19979,0.0,0.0,187.375
19980,0.0,0.0,187.375
19981,0.0,0.0,187.375
19982,0.0,0.0,187.375
19983,14.2,0.887,187.375
19984,28.7,1.794,187.375
19985,0.0,0.0,187.375
19986,0.0,0.0,187.375
19987,0.0,0.0,187.375
19988,0.0,0.0,187.375
19989,0.0,0.0,187.375
19990,0.0,0.0,187.375
19991,0.0,0.0,187.375
19992,0.0,0.0,187.375
19993,0.0,0.0,187.375
19994,0.0,0.0,187.375
19995,0.0,0.0,187.375
19996,0.0,0.0,187.375
19997,0.0,0.0,187.375
19998,14.2,0.887,187.375
19999,0.0,0.0,187.375
20000,0.0,0.0,187.375
20001,0.0,0.0,187.375
20002,0.0,0.0,187.375
20003,0.0,0.0,187.375
20004,0.0,0.0,187.375
20005,0.0,0.0,187.375
20006,0.0,0.0,187.375
20007,0.0,0.0,187.375
20008,0.0,0.0,187.375
20009,0.0,0.0,187.375
20010,0.0,0.0,187.375
20011,0.0,0.0,187.375
20012,0.0,0.0,187.375
20013,0.0,0.0,187.375
20014,0.0,0.0,187.375
20015,0.0,0.0,187.375
20016,0.0,0.0,187.375
20017,0.0,0.0,187.375
20018,0.0,0.0,187.375
20019,0.0,0.0,187.375
20020,0.0,0.0,187.375
20021,0.0,0.0,187.375
20022,0.0,0.0,187.375
20023,14.2,0.887,187.375
20024,0.0,0.0,187.375
20025,0.0,0.0,187.375
20026,0.0,0.0,187.375
20027,0.0,0.0,187.375
20028,0.0,0.0,187.375
20029,0.0,0.0,187.375
20030,0.0,0.0,187.375
20031,0.0,0.0,187.375
20032,0.0,0.0,187.375
20033,0.0,0.0,187.375
20034,0.0,0.0,187.375
20035,0.0,0.0,187.375
20036,0.0,0.0,187.375
20037,0.0,0.0,187.375
20038,0.0,0.0,187.375
20039,0.0,0.0,187.375
20040,0.0,0.0,187.375
20041,0.0,0.0,187.375
20042,0.0,0.0,187.375
20043,0.0,0.0,187.375
20044,0.0,0.0,187.375
20045,0.0,0.0,187.375
20046,0.0,0.0,187.375
20047,0.0,0.0,187.375
20048,14.3,0.894,187.375
20049,14.2,0.887,187.375
20050,0.0,0.0,187.375
20051,0.0,0.0,187.375
20052,0.0,0.0,187.375
20053,0.0,0.0,187.375
20054,0.0,0.0,187.375
20055,0.0,0.0,187.375
20056,0.0,0.0,187.375
20057,0.0,0.0,187.375
20058,0.0,0.0,187.375
20059,0.0,0.0,187.375
20060,0.0,0.0,187.375
20061,75.0,4.688,187.395
20062,89.3,5.581,187.395
20063,87.5,5.469,187.395
20064,112.5,7.031,187.395
20065,42.6,2.663,187.395
20066,28.7,1.794,187.395
20067,14.3,0.894,187.395
20068,12.5,0.781,187.395
20069,50.0,3.125,187.395
20070,100.0,6.25,187.395
20071,56.8,3.55,187.395
20072,0.0,0.0,187.395
20073,0.0,0.0,187.395
20074,0.0,0.0,187.395
20075,0.0,0.0,187.395
20076,0.0,0.0,187.395
20077,0.0,0.0,187.395
20078,14.3,0.894,187.395
20079,0.0,0.0,187.395
20080,0.0,0.0,187.395
20081,0.0,0.0,187.395
20082,14.3,0.894,187.395
20083,0.0,0.0,187.395
20084,42.6,2.663,187.395
20085,14.3,0.894,187.395
20086,0.0,0.0,187.395
20087,0.0,0.0,187.395
20088,0.0,0.0,187.395
20089,0.0,0.0,187.395
20090,0.0,0.0,187.395
20091,0.0,0.0,187.395
20092,0.0,0.0,187.395
20093,0.0,0.0,187.395
20094,0.0,0.0,187.395
20095,0.0,0.0,187.395
20096,0.0,0.0,187.395
20097,0.0,0.0,187.395
20098,0.0,0.0,187.395
20099,0.0,0.0,187.395
20100,0.0,0.0,187.395
20101,0.0,0.0,187.395
20102,0.0,0.0,187.395
20103,0.0,0.0,187.395
20104,0.0,0.0,187.395
20105,0.0,0.0,187.395
20106,0.0,0.0,187.395
20107,0.0,0.0,187.395
20108,0.0,0.0,187.395
20109,0.0,0.0,187.395
20110,0.0,0.0,187.395
20111,0.0,0.0,187.395
20112,0.0,0.0,187.395
20113,0.0,0.0,187.395
20114,0.0,0.0,187.395
20115,14.2,0.887,187.395
20116,0.0,0.0,187.395
20117,22.2,1.387,187.395
20118,87.5,5.469,187.395
20119,100.0,6.25,187.395
20120,100.0,6.25,187.395
20121,100.0,6.25,187.395
20122,100.0,6.25,187.395
20123,14.3,0.894,187.395
20124,14.3,0.894,187.395
20125,0.0,0.0,187.395
20126,0.0,0.0,187.395
20127,14.3,0.894,187.395
20128,28.4,1.775,187.395
20129,0.0,0.0,187.395
20130,0.0,0.0,187.395
20131,86.0,5.375,187.395
20132,112.5,7.031,187.395
20133,99.4,6.213,187.395
20134,0.0,0.0,187.395
20135,0.0,0.0,187.395
20136,0.0,0.0,187.395
20137,14.3,0.894,187.395
20138,0.0,0.0,187.395
20139,0.0,0.0,187.395
20140,28.7,1.794,187.398
20141,0.0,0.0,187.398
20142,100.0,6.25,187.398
20143,112.5,7.031,187.398
20144,56.8,3.55,187.398
20145,0.0,0.0,187.398
20146,0.0,0.0,187.398
20147,14.2,0.887,187.398
20148,0.0,0.0,187.398
20149,0.0,0.0,187.398
20150,0.0,0.0,187.398
20151,0.0,0.0,187.398
20152,0.0,0.0,187.398
20153,0.0,0.0,187.398
20154,0.0,0.0,187.398
20155,0.0,0.0,187.398
20156,0.0,0.0,187.398
20157,0.0,0.0,187.398
20158,0.0,0.0,187.398
20159,0.0,0.0,187.398
20160,43.0,2.688,187.398
20161,28.7,1.794,187.398
20162,0.0,0.0,187.398
20163,75.0,4.688,187.398
20164,100.0,6.25,187.398
20165,78.1,4.881,187.398
20166,28.4,1.775,187.398
20167,28.7,1.794,187.398
20168,0.0,0.0,187.398
20169,0.0,0.0,187.398
20170,0.0,0.0,187.398
20171,0.0,0.0,187.398
20172,25.0,1.562,187.398
20173,0.0,0.0,187.398
20174,0.0,0.0,187.398
20175,0.0,0.0,187.398
20176,0.0,0.0,187.398
20177,0.0,0.0,187.398
20178,0.0,0.0,187.398
20179,0.0,0.0,187.398
20180,0.0,0.0,187.398
20181,0.0,0.0,187.398
20182,50.0,3.125,187.398
20183,71.7,4.481,187.398
20184,0.0,0.0,187.398
20185,0.0,0.0,187.398
20186,14.2,0.887,187.398
20187,0.0,0.0,187.398
20188,0.0,0.0,187.398
20189,0.0,0.0,187.398
20190,14.3,0.894,187.398
20191,0.0,0.0,187.398
20192,0.0,0.0,187.398
20193,0.0,0.0,187.398
20194,75.0,4.688,187.398
20195,112.5,7.031,187.398
20196,100.0,6.25,187.398
20197,28.7,1.794,187.398
20198,0.0,0.0,187.398
20199,12.5,0.781,187.398
20200,0.0,0.0,187.398
20201,0.0,0.0,187.398
20202,0.0,0.0,187.398
20203,14.3,0.894,187.398
20204,0.0,0.0,187.398
20205,0.0,0.0,187.398
20206,14.3,0.894,187.398
20207,0.0,0.0,187.398
20208,100.0,6.25,187.398
20209,89.3,5.581,187.398
20210,56.8,3.55,187.398
20211,0.0,0.0,187.398
20212,0.0,0.0,187.398
20213,0.0,0.0,187.398
20214,0.0,0.0,187.398
20215,0.0,0.0,187.398
20216,0.0,0.0,187.398
20217,0.0,0.0,187.398
20218,0.0,0.0,187.398
20219,0.0,0.0,187.398
20220,0.0,0.0,187.398
20221,0.0,0.0,187.398
20222,0.0,0.0,187.398
20223,0.0,0.0,187.398
20224,0.0,0.0,187.398
20225,0.0,0.0,187.398
20226,0.0,0.0,187.398
20227,0.0,0.0,187.398
20228,0.0,0.0,187.398
20229,14.3,0.894,187.398
20230,0.0,0.0,187.398
20231,0.0,0.0,187.398
20232,0.0,0.0,187.398
20233,0.0,0.0,187.398
20234,0.0,0.0,187.398
20235,0.0,0.0,187.398
20236,0.0,0.0,187.398
20237,0.0,0.0,187.398
20238,28.7,1.794,187.398
20239,0.0,0.0,187.398
20240,0.0,0.0,187.398
20241,0.0,0.0,187.398
20242,0.0,0.0,187.398
20243,42.6,2.663,187.398
20244,0.0,0.0,187.398
20245,0.0,0.0,187.398
20246,0.0,0.0,187.398
20247,0.0,0.0,187.398
20248,77.6,4.85,187.398
20249,100.0,6.25,187.398
20250,100.0,6.25,187.398
20251,86.0,5.375,187.398
20252,14.3,0.894,187.387
20253,0.0,0.0,187.387
20254,0.0,0.0,187.387
20255,0.0,0.0,187.379
20256,14.2,0.887,187.402
20257,0.0,0.0,187.402
20258,0.0,0.0,187.402
20259,28.4,1.775,187.402
20260,0.0,0.0,187.402
20261,0.0,0.0,187.402
20262,12.5,0.781,187.402
20263,0.0,0.0,187.402
20264,14.3,0.894,187.402
20265,75.0,4.688,187.602
20266,87.5,5.469,187.605
20267,28.4,1.775,187.605
20268,14.3,0.894,187.605
20269,22.2,1.387,187.605
20270,100.0,6.25,187.605
20271,86.0,5.375,187.605
20272,12.5,0.781,187.605
20273,0.0,0.0,187.605
20274,0.0,0.0,187.605
20275,0.0,0.0,187.605
20276,14.3,0.894,187.605
20277,0.0,0.0,187.605
20278,0.0,0.0,187.605
20279,14.3,0.894,187.602
20280,0.0,0.0,187.602
20281,0.0,0.0,187.602
20282,0.0,0.0,187.602
20283,0.0,0.0,187.602
20284,0.0,0.0,187.602
20285,0.0,0.0,187.602
20286,0.0,0.0,187.602
20287,0.0,0.0,187.602
20288,0.0,0.0,187.602
20289,0.0,0.0,187.602
20290,0.0,0.0,187.602
20291,14.3,0.894,187.602
20292,14.3,0.894,187.594
20293,0.0,0.0,187.594
20294,0.0,0.0,187.594
20295,14.3,0.894,187.594
20296,0.0,0.0,187.594
20297,0.0,0.0,187.594
20298,0.0,0.0,187.594
20299,0.0,0.0,187.598
20300,0.0,0.0,187.598
20301,0.0,0.0,187.598
20302,0.0,0.0,187.598
20303,0.0,0.0,187.598
20304,37.5,2.344,188.375
20305,28.7,1.794,188.559
20306,0.0,0.0,188.559
20307,0.0,0.0,188.559
20308,0.0,0.0,188.559
20309,0.0,0.0,188.559
20310,0.0,0.0,188.559
20311,28.7,1.794,188.559
20312,0.0,0.0,188.559
20313,0.0,0.0,188.559
20314,0.0,0.0,188.559
20315,0.0,0.0,188.559
20316,14.3,0.894,188.559
20317,0.0,0.0,188.559
20318,0.0,0.0,188.559
20319,0.0,0.0,188.559
20320,0.0,0.0,188.559
20321,0.0,0.0,188.559
20322,0.0,0.0,188.559
20323,0.0,0.0,188.559
20324,0.0,0.0,188.559
20325,62.5,3.906,188.559
20326,87.5,5.469,188.562
20327,100.0,6.25,188.562
20328,0.0,0.0,188.562
20329,12.5,0.781,188.562
20330,14.2,0.887,188.562
20331,100.0,6.25,188.562
20332,112.5,7.031,188.562
20333,71.7,4.481,188.562
20334,14.2,0.887,188.562
20335,0.0,0.0,188.562
20336,0.0,0.0,188.562
20337,0.0,0.0,188.562
20338,0.0,0.0,188.562
20339,14.3,0.894,188.562
20340,14.3,0.894,188.562
20341,0.0,0.0,188.562
20342,0.0,0.0,188.562
20343,16.6,1.038,188.555
20344,12.5,0.781,188.551
20345,43.0,2.688,190.238
20346,14.3,0.894,190.238
20347,0.0,0.0,190.238
20348,0.0,0.0,190.238
20349,25.0,1.562,190.238
20350,0.0,0.0,190.238
20351,0.0,0.0,190.238
20352,14.3,0.894,190.23
20353,25.0,1.562,193.789
20354,87.5,5.469,185.191
20355,99.4,6.213,185.891
20356,0.0,0.0,185.891
20357,0.0,0.0,185.891
20358,0.0,0.0,185.891
20359,0.0,0.0,185.891
20360,100.0,6.25,185.891
20361,86.0,5.375,185.891
20362,14.3,0.894,185.891
20363,14.2,0.887,185.898
20364,33.5,2.094,185.898
20365,112.5,7.031,185.898
20366,100.0,6.25,185.898
20367,42.6,2.663,185.898
20368,0.0,0.0,185.898
20369,0.0,0.0,185.898
20370,12.5,0.781,185.898
20371,0.0,0.0,185.898
20372,0.0,0.0,185.898
20373,14.2,0.887,185.91
20374,28.7,1.794,185.914
20375,0.0,0.0,185.914
20376,0.0,0.0,185.914
20377,89.3,5.581,185.914
20378,42.6,2.663,185.914
20379,0.0,0.0,185.914
20380,0.0,0.0,185.914
20381,0.0,0.0,185.914
20382,14.3,0.894,185.914
20383,0.0,0.0,185.914
20384,0.0,0.0,185.914
20385,0.0,0.0,185.914
20386,0.0,0.0,185.914
20387,0.0,0.0,185.914
20388,0.0,0.0,185.914
20389,0.0,0.0,185.914
20390,0.0,0.0,185.914
20391,0.0,0.0,185.914
20392,0.0,0.0,185.914
20393,0.0,0.0,185.914
20394,0.0,0.0,185.914
20395,0.0,0.0,185.914
20396,14.3,0.894,185.914
20397,0.0,0.0,185.914
20398,43.0,2.688,186.062
20399,0.0,0.0,186.062
20400,0.0,0.0,186.062
20401,0.0,0.0,186.062
20402,0.0,0.0,186.062
20403,0.0,0.0,186.062
20404,0.0,0.0,186.062
20405,0.0,0.0,186.062
20406,0.0,0.0,186.062
20407,0.0,0.0,186.062
20408,0.0,0.0,186.062
20409,0.0,0.0,186.062
20410,0.0,0.0,186.062
20411,0.0,0.0,186.062
20412,55.4,3.462,186.074
20413,100.0,6.25,186.074
20414,88.7,5.544,186.074
20415,112.5,7.031,186.074
20416,28.7,1.794,186.074
20417,28.7,1.794,186.074
20418,28.4,1.775,186.074
20419,0.0,0.0,186.074
20420,0.0,0.0,186.074
20421,0.0,0.0,186.074
20422,33.5,2.094,186.074
20423,112.5,7.031,186.074
20424,56.8,3.55,186.074
20425,0.0,0.0,186.074
20426,0.0,0.0,186.074
20427,0.0,0.0,186.074
20428,0.0,0.0,186.074
20429,0.0,0.0,186.074
20430,0.0,0.0,186.074
20431,0.0,0.0,186.074
20432,0.0,0.0,186.074
20433,0.0,0.0,186.074
20434,0.0,0.0,186.074
20435,0.0,0.0,186.074
20436,0.0,0.0,186.074
20437,14.3,0.894,186.074
20438,0.0,0.0,186.074
20439,0.0,0.0,186.074
20440,0.0,0.0,186.074
20441,0.0,0.0,186.074
20442,14.3,0.894,186.074
20443,0.0,0.0,186.074
20444,0.0,0.0,186.074
20445,0.0,0.0,186.074
20446,0.0,0.0,186.074
20447,0.0,0.0,186.074
20448,14.3,0.894,186.074
20449,0.0,0.0,186.074
20450,0.0,0.0,186.074
20451,0.0,0.0,186.074
20452,0.0,0.0,186.074
20453,25.0,1.562,186.074
20454,0.0,0.0,186.074
20455,0.0,0.0,186.074
20456,0.0,0.0,186.074
20457,0.0,0.0,186.074
20458,0.0,0.0,186.074
20459,0.0,0.0,186.074
20460,0.0,0.0,186.074
20461,0.0,0.0,186.074
20462,0.0,0.0,186.074
20463,0.0,0.0,186.074
20464,0.0,0.0,186.074
20465,0.0,0.0,186.074
20466,0.0,0.0,186.074
20467,0.0,0.0,186.074
20468,0.0,0.0,186.074
20469,0.0,0.0,186.074
20470,0.0,0.0,186.074
20471,100.3,6.269,186.074
20472,88.7,5.544,186.074
20473,114.7,7.169,186.074
20474,100.0,6.25,186.074
20475,56.8,3.55,186.074
20476,0.0,0.0,186.074
20477,0.0,0.0,186.074
20478,0.0,0.0,186.074
20479,42.6,2.663,186.074
20480,0.0,0.0,186.074
20481,0.0,0.0,186.074
20482,0.0,0.0,186.074
20483,14.2,0.887,186.074
20484,0.0,0.0,186.074
20485,0.0,0.0,186.074
20486,0.0,0.0,186.074
20487,0.0,0.0,186.074
20488,0.0,0.0,186.074
20489,0.0,0.0,186.074
20490,0.0,0.0,186.074
20491,0.0,0.0,186.074
20492,0.0,0.0,186.074
20493,0.0,0.0,186.074
20494,0.0,0.0,186.074
20495,0.0,0.0,186.074
20496,0.0,0.0,186.074
20497,0.0,0.0,186.074
20498,0.0,0.0,186.074
20499,0.0,0.0,186.074
20500,0.0,0.0,186.074
20501,0.0,0.0,186.074
20502,14.3,0.894,186.074
20503,0.0,0.0,186.074
20504,0.0,0.0,186.074
20505,0.0,0.0,186.074
20506,0.0,0.0,186.074
20507,0.0,0.0,186.074
20508,0.0,0.0,186.074
20509,0.0,0.0,186.074
20510,0.0,0.0,186.074
20511,0.0,0.0,186.074
20512,0.0,0.0,186.074
20513,0.0,0.0,186.074
20514,0.0,0.0,186.074
20515,0.0,0.0,186.074
20516,0.0,0.0,186.074
20517,0.0,0.0,186.074
20518,0.0,0.0,186.074
20519,0.0,0.0,186.074
20520,0.0,0.0,186.074
20521,0.0,0.0,186.074
20522,0.0,0.0,186.074
20523,0.0,0.0,186.074
20524,0.0,0.0,186.074
20525,0.0,0.0,186.074
20526,0.0,0.0,186.074
20527,0.0,0.0,186.074
20528,0.0,0.0,186.074
20529,0.0,0.0,186.074
20530,0.0,0.0,186.074
20531,0.0,0.0,186.074
20532,0.0,0.0,186.074
20533,0.0,0.0,186.074
20534,0.0,0.0,186.074
20535,0.0,0.0,186.074
20536,28.4,1.775,186.074
20537,0.0,0.0,186.074
20538,0.0,0.0,186.074
20539,0.0,0.0,186.074
20540,0.0,0.0,186.074
20541,0.0,0.0,186.074
20542,0.0,0.0,186.074
20543,0.0,0.0,186.074
20544,0.0,0.0,186.074
20545,0.0,0.0,186.074
20546,0.0,0.0,186.074
20547,0.0,0.0,186.074
20548,0.0,0.0,186.074
20549,0.0,0.0,186.074
20550,0.0,0.0,186.074
20551,0.0,0.0,186.074
20552,0.0,0.0,186.074
20553,0.0,0.0,186.074
20554,0.0,0.0,186.074
20555,0.0,0.0,186.074
20556,0.0,0.0,186.074
20557,0.0,0.0,186.074
20558,0.0,0.0,186.074
20559,0.0,0.0,186.074
20560,0.0,0.0,186.074
20561,0.0,0.0,186.074
20562,0.0,0.0,186.074
20563,0.0,0.0,186.074
20564,0.0,0.0,186.074
20565,0.0,0.0,186.074
20566,0.0,0.0,186.074
20567,0.0,0.0,186.074
20568,0.0,0.0,186.074
20569,0.0,0.0,186.074
20570,0.0,0.0,186.074
20571,0.0,0.0,186.074
20572,0.0,0.0,186.074
20573,0.0,0.0,186.074
20574,0.0,0.0,186.074
20575,0.0,0.0,186.074
20576,0.0,0.0,186.074
20577,0.0,0.0,186.074
20578,0.0,0.0,186.074
20579,0.0,0.0,186.074
20580,0.0,0.0,186.074
20581,0.0,0.0,186.074
20582,0.0,0.0,186.074
20583,0.0,0.0,186.074
20584,75.0,4.688,186.074
20585,100.0,6.25,186.074
20586,75.0,4.688,186.074
20587,28.7,1.794,186.074
20588,0.0,0.0,186.074
20589,0.0,0.0,186.074
20590,0.0,0.0,186.074
20591,14.3,0.894,186.074
20592,0.0,0.0,186.074
20593,0.0,0.0,186.074
20594,0.0,0.0,186.074
20595,0.0,0.0,186.074
20596,14.3,0.894,186.074
20597,0.0,0.0,186.074
20598,0.0,0.0,186.074
20599,0.0,0.0,186.074
20600,0.0,0.0,186.074
20601,0.0,0.0,186.074
20602,0.0,0.0,186.074
20603,0.0,0.0,186.074
20604,0.0,0.0,186.074
20605,0.0,0.0,186.074
20606,0.0,0.0,186.074
20607,0.0,0.0,186.074
20608,0.0,0.0,186.074
20609,0.0,0.0,186.074
20610,0.0,0.0,186.074
20611,0.0,0.0,186.074
20612,0.0,0.0,186.074
20613,0.0,0.0,186.074
20614,0.0,0.0,186.074
20615,0.0,0.0,186.074
20616,0.0,0.0,186.074
20617,0.0,0.0,186.074
20618,0.0,0.0,186.074
20619,0.0,0.0,186.074
20620,0.0,0.0,186.074
20621,0.0,0.0,186.074
20622,0.0,0.0,186.074
20623,0.0,0.0,186.074
20624,0.0,0.0,186.074
20625,0.0,0.0,186.074
20626,0.0,0.0,186.074
20627,0.0,0.0,186.074
20628,0.0,0.0,186.074
20629,0.0,0.0,186.074
20630,0.0,0.0,186.074
20631,0.0,0.0,186.074
20632,0.0,0.0,186.074
20633,0.0,0.0,186.074
20634,0.0,0.0,186.074
20635,0.0,0.0,186.074
20636,0.0,0.0,186.074
20637,0.0,0.0,186.074
20638,0.0,0.0,186.074
20639,0.0,0.0,186.074
20640,0.0,0.0,186.074
20641,0.0,0.0,186.074
20642,0.0,0.0,186.074
20643,0.0,0.0,186.074
20644,0.0,0.0,186.074
20645,0.0,0.0,186.074
20646,0.0,0.0,186.074
20647,0.0,0.0,186.074
20648,0.0,0.0,186.074
20649,0.0,0.0,186.074
20650,0.0,0.0,186.074
20651,0.0,0.0,186.074
20652,0.0,0.0,186.074
20653,0.0,0.0,186.074
20654,0.0,0.0,186.074
20655,0.0,0.0,186.074
20656,0.0,0.0,186.074
20657,0.0,0.0,186.074
20658,14.2,0.887,186.074
20659,0.0,0.0,186.074
20660,0.0,0.0,186.074
20661,0.0,0.0,186.074
20662,0.0,0.0,186.074
20663,42.6,2.663,186.074
20664,0.0,0.0,186.074
20665,0.0,0.0,186.074
20666,0.0,0.0,186.074
20667,0.0,0.0,186.074
20668,0.0,0.0,186.074
20669,0.0,0.0,186.074
20670,0.0,0.0,186.074
20671,0.0,0.0,186.074
20672,0.0,0.0,186.074
20673,0.0,0.0,186.074
20674,0.0,0.0,186.074
20675,0.0,0.0,186.074
20676,0.0,0.0,186.074
20677,0.0,0.0,186.074
20678,0.0,0.0,186.074
20679,0.0,0.0,186.074
20680,0.0,0.0,186.074
20681,0.0,0.0,186.074
20682,0.0,0.0,186.074
20683,0.0,0.0,186.074
20684,0.0,0.0,186.074
20685,0.0,0.0,186.074
20686,0.0,0.0,186.074
20687,0.0,0.0,186.074
20688,0.0,0.0,186.074
20689,0.0,0.0,186.074
20690,0.0,0.0,186.074
20691,0.0,0.0,186.074
20692,0.0,0.0,186.074
20693,0.0,0.0,186.074
20694,0.0,0.0,186.074
20695,0.0,0.0,186.074
20696,0.0,0.0,186.074
20697,0.0,0.0,186.074
20698,0.0,0.0,186.074
20699,14.3,0.894,186.074
20700,0.0,0.0,186.074
20701,0.0,0.0,186.074
20702,0.0,0.0,186.074
20703,0.0,0.0,186.074
20704,0.0,0.0,186.074
20705,0.0,0.0,186.074
20706,0.0,0.0,186.074
20707,0.0,0.0,186.074
20708,0.0,0.0,186.074
20709,0.0,0.0,186.074
20710,0.0,0.0,186.074
20711,0.0,0.0,186.074
20712,0.0,0.0,186.074
20713,0.0,0.0,186.074
20714,0.0,0.0,186.074
20715,0.0,0.0,186.074
20716,0.0,0.0,186.074
20717,0.0,0.0,186.074
20718,0.0,0.0,186.074
20719,0.0,0.0,186.074
20720,0.0,0.0,186.074
20721,0.0,0.0,186.074
20722,0.0,0.0,186.074
20723,0.0,0.0,186.074
20724,0.0,0.0,186.074
20725,0.0,0.0,186.074
20726,0.0,0.0,186.074
20727,0.0,0.0,186.074
20728,0.0,0.0,186.074
20729,0.0,0.0,186.074
20730,0.0,0.0,186.074
20731,0.0,0.0,186.074
20732,44.6,2.788,186.074
20733,75.0,4.688,186.074
20734,100.0,6.25,186.074
20735,100.0,6.25,186.074
20736,62.5,3.906,186.074
20737,85.2,5.325,186.074
20738,14.3,0.894,186.074
20739,14.2,0.887,186.074
20740,0.0,0.0,186.074
20741,0.0,0.0,186.074
20742,28.7,1.794,186.074
20743,28.4,1.775,186.074
20744,0.0,0.0,186.074
20745,0.0,0.0,186.074
20746,62.5,3.906,186.074
20747,87.5,5.469,186.074
20748,37.5,2.344,186.074
20749,0.0,0.0,186.074
20750,0.0,0.0,186.074
20751,0.0,0.0,186.074
20752,0.0,0.0,186.074
20753,0.0,0.0,186.074
20754,0.0,0.0,186.074
20755,0.0,0.0,186.074
20756,0.0,0.0,186.074
20757,0.0,0.0,186.074
20758,28.4,1.775,186.074
20759,0.0,0.0,186.074
20760,0.0,0.0,186.074
20761,0.0,0.0,186.074
20762,0.0,0.0,186.074
20763,0.0,0.0,186.074
20764,14.3,0.894,186.074
20765,0.0,0.0,186.074
20766,0.0,0.0,186.074
20767,0.0,0.0,186.074
20768,0.0,0.0,186.074
20769,0.0,0.0,186.074
20770,0.0,0.0,186.074
20771,0.0,0.0,186.074
20772,0.0,0.0,186.074
20773,0.0,0.0,186.074
20774,0.0,0.0,186.074
20775,0.0,0.0,186.074
20776,0.0,0.0,186.074
20777,0.0,0.0,186.074
20778,0.0,0.0,186.074
20779,0.0,0.0,186.074
20780,0.0,0.0,186.074
20781,0.0,0.0,186.074
20782,0.0,0.0,186.074
20783,0.0,0.0,186.074
20784,0.0,0.0,186.074
20785,0.0,0.0,186.074
20786,0.0,0.0,186.074
20787,0.0,0.0,186.074
20788,0.0,0.0,186.074
20789,0.0,0.0,186.074
20790,0.0,0.0,186.074
20791,0.0,0.0,186.074
20792,0.0,0.0,186.074
20793,0.0,0.0,186.074
20794,0.0,0.0,186.074
20795,0.0,0.0,186.074
20796,0.0,0.0,186.074
20797,0.0,0.0,186.074
20798,0.0,0.0,186.074
20799,0.0,0.0,186.074
20800,0.0,0.0,186.074
20801,0.0,0.0,186.074
20802,0.0,0.0,186.074
20803,0.0,0.0,186.074
20804,0.0,0.0,186.074
20805,0.0,0.0,186.074
20806,0.0,0.0,186.074
20807,0.0,0.0,186.074
20808,0.0,0.0,186.074
20809,0.0,0.0,186.074
20810,0.0,0.0,186.074
20811,0.0,0.0,186.074
20812,0.0,0.0,186.074
20813,0.0,0.0,186.074
20814,0.0,0.0,186.074
20815,0.0,0.0,186.074
20816,0.0,0.0,186.074
20817,0.0,0.0,186.074
20818,0.0,0.0,186.074
20819,0.0,0.0,186.074
20820,0.0,0.0,186.074
20821,0.0,0.0,186.074
20822,0.0,0.0,186.074
20823,0.0,0.0,186.074
20824,0.0,0.0,186.074
20825,0.0,0.0,186.074
20826,0.0,0.0,186.074
20827,0.0,0.0,186.074
20828,0.0,0.0,186.074
20829,0.0,0.0,186.074
20830,43.0,2.688,186.074
20831,0.0,0.0,186.074
20832,0.0,0.0,186.074
20833,0.0,0.0,186.074
20834,0.0,0.0,186.074
20835,0.0,0.0,186.074
20836,0.0,0.0,186.074
20837,0.0,0.0,186.074
20838,0.0,0.0,186.074
20839,0.0,0.0,186.074
20840,0.0,0.0,186.074
20841,0.0,0.0,186.074
20842,0.0,0.0,186.074
20843,0.0,0.0,186.074
20844,0.0,0.0,186.074
20845,0.0,0.0,186.074
20846,0.0,0.0,186.074
20847,0.0,0.0,186.074
20848,0.0,0.0,186.074
20849,0.0,0.0,186.074
20850,0.0,0.0,186.074
20851,0.0,0.0,186.074
20852,0.0,0.0,186.074
20853,0.0,0.0,186.074
20854,0.0,0.0,186.074
20855,0.0,0.0,186.074
20856,0.0,0.0,186.074
20857,0.0,0.0,186.074
20858,0.0,0.0,186.074
20859,0.0,0.0,186.074
20860,0.0,0.0,186.074
20861,0.0,0.0,186.074
20862,0.0,0.0,186.074
20863,0.0,0.0,186.074
20864,0.0,0.0,186.074
20865,0.0,0.0,186.074
20866,0.0,0.0,186.074
20867,0.0,0.0,186.074
20868,0.0,0.0,186.074
20869,0.0,0.0,186.074
20870,0.0,0.0,186.074
20871,0.0,0.0,186.074
20872,0.0,0.0,186.074
20873,0.0,0.0,186.074
20874,0.0,0.0,186.074
20875,0.0,0.0,186.074
20876,0.0,0.0,186.074
20877,0.0,0.0,186.074
20878,0.0,0.0,186.074
20879,0.0,0.0,186.074
20880,0.0,0.0,186.074
20881,0.0,0.0,186.074
20882,0.0,0.0,186.074
20883,0.0,0.0,186.074
20884,0.0,0.0,186.074
20885,0.0,0.0,186.074
20886,0.0,0.0,186.074
20887,0.0,0.0,186.074
20888,0.0,0.0,186.074
20889,0.0,0.0,186.074
20890,0.0,0.0,186.074
20891,14.3,0.894,186.074
20892,0.0,0.0,186.074
20893,0.0,0.0,186.074
20894,0.0,0.0,186.074
20895,0.0,0.0,186.074
20896,0.0,0.0,186.074
20897,0.0,0.0,186.074
20898,0.0,0.0,186.074
20899,0.0,0.0,186.074
20900,0.0,0.0,186.074
20901,0.0,0.0,186.074
20902,0.0,0.0,186.074
20903,0.0,0.0,186.074
20904,75.0,4.688,186.074
20905,100.0,6.25,186.074
20906,100.3,6.269,186.074
20907,0.0,0.0,186.074
20908,0.0,0.0,186.074
20909,0.0,0.0,186.074
20910,0.0,0.0,186.074
20911,14.3,0.894,186.074
20912,0.0,0.0,186.074
20913,0.0,0.0,186.074
20914,0.0,0.0,186.074
20915,0.0,0.0,186.074
20916,0.0,0.0,186.074
20917,0.0,0.0,186.074
20918,0.0,0.0,186.074
20919,0.0,0.0,186.074
20920,0.0,0.0,186.074
20921,0.0,0.0,186.074
20922,0.0,0.0,186.074
20923,0.0,0.0,186.074
20924,0.0,0.0,186.074
20925,0.0,0.0,186.074
20926,0.0,0.0,186.074
20927,0.0,0.0,186.074
20928,0.0,0.0,186.074
20929,0.0,0.0,186.074
20930,0.0,0.0,186.074
20931,0.0,0.0,186.074
20932,0.0,0.0,186.074
20933,0.0,0.0,186.074
20934,0.0,0.0,186.074
20935,0.0,0.0,186.074
20936,0.0,0.0,186.074
20937,0.0,0.0,186.074
20938,0.0,0.0,186.074
20939,0.0,0.0,186.074
20940,0.0,0.0,186.074
20941,0.0,0.0,186.074
20942,0.0,0.0,186.074
20943,0.0,0.0,186.074
20944,0.0,0.0,186.074
20945,0.0,0.0,186.074
20946,0.0,0.0,186.074
20947,0.0,0.0,186.074
20948,0.0,0.0,186.074
20949,0.0,0.0,186.074
20950,0.0,0.0,186.074
20951,0.0,0.0,186.074
20952,0.0,0.0,186.074
20953,0.0,0.0,186.074
20954,0.0,0.0,186.074
20955,0.0,0.0,186.074
20956,0.0,0.0,186.074
20957,0.0,0.0,186.074
20958,0.0,0.0,186.074
20959,0.0,0.0,186.074
20960,0.0,0.0,186.074
20961,0.0,0.0,186.074
20962,0.0,0.0,186.074
20963,0.0,0.0,186.074
20964,0.0,0.0,186.074
20965,0.0,0.0,186.074
20966,0.0,0.0,186.074
20967,14.3,0.894,186.074
20968,0.0,0.0,186.074
20969,0.0,0.0,186.074
20970,0.0,0.0,186.074
20971,0.0,0.0,186.074
20972,14.2,0.887,186.074
20973,0.0,0.0,186.074
20974,0.0,0.0,186.074
20975,0.0,0.0,186.074
20976,0.0,0.0,186.074
20977,0.0,0.0,186.074
20978,0.0,0.0,186.074
20979,0.0,0.0,186.074
20980,0.0,0.0,186.074
20981,0.0,0.0,186.074
20982,0.0,0.0,186.074
20983,14.3,0.894,186.074
20984,0.0,0.0,186.074
20985,0.0,0.0,186.074
20986,0.0,0.0,186.074
20987,0.0,0.0,186.074
20988,0.0,0.0,186.074
20989,0.0,0.0,186.074
20990,0.0,0.0,186.074
20991,0.0,0.0,186.074
20992,0.0,0.0,186.074
20993,0.0,0.0,186.074
20994,0.0,0.0,186.074
20995,0.0,0.0,186.074
20996,0.0,0.0,186.074
20997,0.0,0.0,186.074
20998,14.2,0.887,186.074
20999,0.0,0.0,186.074
21000,0.0,0.0,186.074
21001,0.0,0.0,186.074
21002,0.0,0.0,186.074
21003,0.0,0.0,186.074
21004,0.0,0.0,186.074
21005,0.0,0.0,186.074
21006,0.0,0.0,186.074
21007,0.0,0.0,186.074
21008,0.0,0.0,186.074
21009,0.0,0.0,186.074
21010,0.0,0.0,186.074
21011,0.0,0.0,186.074
21012,0.0,0.0,186.074
21013,14.2,0.887,186.074
21014,0.0,0.0,186.074
21015,0.0,0.0,186.074
21016,0.0,0.0,186.074
21017,0.0,0.0,186.074
21018,0.0,0.0,186.074
21019,0.0,0.0,186.074
21020,0.0,0.0,186.074
21021,0.0,0.0,186.074
21022,0.0,0.0,186.074
21023,0.0,0.0,186.074
21024,0.0,0.0,186.074
21025,14.3,0.894,186.074
21026,0.0,0.0,186.074
21027,0.0,0.0,186.074
21028,0.0,0.0,186.074
21029,0.0,0.0,186.074
21030,0.0,0.0,186.074
21031,0.0,0.0,186.074
21032,0.0,0.0,186.074
21033,0.0,0.0,186.074
21034,0.0,0.0,186.074
21035,0.0,0.0,186.074
21036,0.0,0.0,186.074
21037,0.0,0.0,186.074
21038,14.2,0.887,186.074
21039,0.0,0.0,186.074
21040,0.0,0.0,186.074
21041,0.0,0.0,186.074
21042,0.0,0.0,186.074
21043,0.0,0.0,186.074
21044,0.0,0.0,186.074
21045,0.0,0.0,186.074
21046,0.0,0.0,186.074
21047,0.0,0.0,186.074
21048,0.0,0.0,186.074
21049,0.0,0.0,186.074
21050,0.0,0.0,186.074
21051,0.0,0.0,186.074
21052,0.0,0.0,186.074
21053,0.0,0.0,186.074
21054,20.0,1.25,186.074
21055,100.0,6.25,186.074
21056,100.0,6.25,186.074
21057,14.2,0.887,186.074
21058,0.0,0.0,186.074
21059,0.0,0.0,186.074
21060,0.0,0.0,186.074
21061,0.0,0.0,186.074
21062,0.0,0.0,186.074
21063,0.0,0.0,186.074
21064,0.0,0.0,186.074
21065,0.0,0.0,186.074
21066,14.2,0.887,186.074
21067,14.3,0.894,186.074
21068,0.0,0.0,186.074
21069,0.0,0.0,186.074
21070,37.5,2.344,186.074
21071,85.2,5.325,186.074
21072,0.0,0.0,186.074
21073,0.0,0.0,186.074
21074,0.0,0.0,186.074
21075,28.7,1.794,186.074
21076,14.3,0.894,186.074
21077,0.0,0.0,186.074
21078,0.0,0.0,186.074
21079,0.0,0.0,186.074
21080,0.0,0.0,186.074
21081,0.0,0.0,186.074
21082,0.0,0.0,186.074
21083,0.0,0.0,186.074
21084,0.0,0.0,186.074
21085,0.0,0.0,186.074
21086,25.0,1.562,186.109
21087,14.2,0.887,186.109
21088,0.0,0.0,186.109
21089,0.0,0.0,186.109
21090,0.0,0.0,186.109
21091,0.0,0.0,186.109
21092,0.0,0.0,186.109
21093,0.0,0.0,186.109
21094,0.0,0.0,186.109
21095,0.0,0.0,186.109
21096,0.0,0.0,186.109
21097,33.5,2.094,186.109
21098,100.0,6.25,186.109
21099,113.6,7.1,186.109
21100,0.0,0.0,186.109
21101,0.0,0.0,186.109
21102,0.0,0.0,186.109
21103,0.0,0.0,186.109
21104,0.0,0.0,186.109
21105,12.5,0.781,186.109
21106,0.0,0.0,186.109
21107,0.0,0.0,186.109
21108,0.0,0.0,186.109
21109,0.0,0.0,186.109
21110,0.0,0.0,186.109
21111,0.0,0.0,186.109
21112,0.0,0.0,186.109
21113,0.0,0.0,186.109
21114,0.0,0.0,186.109
21115,0.0,0.0,186.109
21116,0.0,0.0,186.109
21117,0.0,0.0,186.109
21118,0.0,0.0,186.109
21119,0.0,0.0,186.109
21120,0.0,0.0,186.109
21121,0.0,0.0,186.109
21122,0.0,0.0,186.109
21123,0.0,0.0,186.109
21124,0.0,0.0,186.109
21125,0.0,0.0,186.109
21126,0.0,0.0,186.109
21127,0.0,0.0,186.109
21128,0.0,0.0,186.109
21129,0.0,0.0,186.109
21130,0.0,0.0,186.109
21131,0.0,0.0,186.109
21132,14.3,0.894,186.109
21133,0.0,0.0,186.109
21134,0.0,0.0,186.109
21135,0.0,0.0,186.109
21136,0.0,0.0,186.109
21137,0.0,0.0,186.109
21138,0.0,0.0,186.109
21139,0.0,0.0,186.109
21140,0.0,0.0,186.109
21141,0.0,0.0,186.109
21142,0.0,0.0,186.109
21143,0.0,0.0,186.109
21144,0.0,0.0,186.109
21145,0.0,0.0,186.109
21146,0.0,0.0,186.109
21147,0.0,0.0,186.109
21148,0.0,0.0,186.109
21149,0.0,0.0,186.109
21150,0.0,0.0,186.109
21151,0.0,0.0,186.109
21152,0.0,0.0,186.109
21153,0.0,0.0,186.109
21154,0.0,0.0,186.109
21155,0.0,0.0,186.109
21156,0.0,0.0,186.109
21157,0.0,0.0,186.109
21158,0.0,0.0,186.109
21159,0.0,0.0,186.109
21160,0.0,0.0,186.109
21161,0.0,0.0,186.109
21162,0.0,0.0,186.109
21163,0.0,0.0,186.109
21164,0.0,0.0,186.109
21165,0.0,0.0,186.109
21166,0.0,0.0,186.109
21167,0.0,0.0,186.109
21168,0.0,0.0,186.109
21169,0.0,0.0,186.109
21170,0.0,0.0,186.109
21171,0.0,0.0,186.109
21172,0.0,0.0,186.109
21173,0.0,0.0,186.109
21174,0.0,0.0,186.109
21175,0.0,0.0,186.109
21176,0.0,0.0,186.109
21177,14.3,0.894,186.109
21178,0.0,0.0,186.109
21179,0.0,0.0,186.109
21180,0.0,0.0,186.109
21181,0.0,0.0,186.109
21182,0.0,0.0,186.109
21183,0.0,0.0,186.109
21184,0.0,0.0,186.109
21185,0.0,0.0,186.109
21186,0.0,0.0,186.109
21187,0.0,0.0,186.109
21188,0.0,0.0,186.109
21189,0.0,0.0,186.109
21190,0.0,0.0,186.109
21191,0.0,0.0,186.109
21192,0.0,0.0,186.109
21193,0.0,0.0,186.109
21194,0.0,0.0,186.109
21195,0.0,0.0,186.109
21196,0.0,0.0,186.109
21197,0.0,0.0,186.109
21198,0.0,0.0,186.109
21199,0.0,0.0,186.109
21200,0.0,0.0,186.109
21201,0.0,0.0,186.109
21202,0.0,0.0,186.109
21203,0.0,0.0,186.109
21204,0.0,0.0,186.109
21205,0.0,0.0,186.109
21206,0.0,0.0,186.109
21207,0.0,0.0,186.109
21208,0.0,0.0,186.109
21209,0.0,0.0,186.109
21210,0.0,0.0,186.109
21211,0.0,0.0,186.109
21212,14.3,0.894,186.109
21213,0.0,0.0,186.109
21214,0.0,0.0,186.109
21215,0.0,0.0,186.109
21216,0.0,0.0,186.109
21217,0.0,0.0,186.109
21218,0.0,0.0,186.109
21219,0.0,0.0,186.109
21220,0.0,0.0,186.109
21221,0.0,0.0,186.109
21222,0.0,0.0,186.109
21223,0.0,0.0,186.109
21224,0.0,0.0,186.109
21225,0.0,0.0,186.109
21226,0.0,0.0,186.109
21227,0.0,0.0,186.109
21228,0.0,0.0,186.109
21229,0.0,0.0,186.109
21230,0.0,0.0,186.109
21231,0.0,0.0,186.109
21232,0.0,0.0,186.109
21233,0.0,0.0,186.109
21234,0.0,0.0,186.109
21235,0.0,0.0,186.109
21236,0.0,0.0,186.109
21237,0.0,0.0,186.109
21238,0.0,0.0,186.109
21239,0.0,0.0,186.109
21240,0.0,0.0,186.109
21241,0.0,0.0,186.109
21242,0.0,0.0,186.109
21243,0.0,0.0,186.109
21244,0.0,0.0,186.109
21245,0.0,0.0,186.109
21246,0.0,0.0,186.109
21247,0.0,0.0,186.109
21248,0.0,0.0,186.109
21249,75.0,4.688,186.109
21250,100.0,6.25,186.109
21251,71.7,4.481,186.109
21252,0.0,0.0,186.109
21253,12.5,0.781,186.109
21254,14.2,0.887,186.109
21255,14.3,0.894,186.109
21256,87.5,5.469,186.109
21257,43.0,2.688,186.109
21258,0.0,0.0,186.109
21259,0.0,0.0,186.109
21260,0.0,0.0,186.109
21261,14.2,0.887,186.109
21262,14.3,0.894,186.109
21263,0.0,0.0,186.109
21264,0.0,0.0,186.109
21265,67.0,4.188,186.109
21266,66.5,4.156,186.109
21267,0.0,0.0,186.109
21268,0.0,0.0,186.109
21269,0.0,0.0,186.109
21270,16.6,1.038,186.109
21271,0.0,0.0,186.109
21272,0.0,0.0,186.109
21273,37.5,2.344,186.109
21274,85.2,5.325,186.109
21275,14.3,0.894,186.109
21276,0.0,0.0,186.109
21277,0.0,0.0,186.109
21278,0.0,0.0,186.109
21279,14.3,0.894,186.109
21280,14.3,0.894,186.109
21281,0.0,0.0,186.109
21282,0.0,0.0,186.109
21283,22.2,1.387,186.109
21284,100.3,6.269,186.109
21285,0.0,0.0,186.109
21286,67.0,4.188,186.109
21287,75.0,4.688,186.109
21288,85.2,5.325,186.109
21289,0.0,0.0,186.109
21290,12.5,0.781,186.109
21291,0.0,0.0,186.109
21292,14.2,0.887,186.109
21293,55.8,3.487,186.109
21294,56.8,3.55,186.109
21295,14.3,0.894,186.109
21296,0.0,0.0,186.109
21297,0.0,0.0,186.109
21298,0.0,0.0,186.109
21299,0.0,0.0,186.109
21300,0.0,0.0,186.109
21301,0.0,0.0,186.109
21302,14.3,0.894,186.109
21303,0.0,0.0,186.109
21304,0.0,0.0,186.109
21305,0.0,0.0,186.109
21306,28.4,1.775,186.438
21307,12.5,0.781,186.438
21308,0.0,0.0,186.438
21309,0.0,0.0,186.438
21310,0.0,0.0,186.438
21311,0.0,0.0,186.438
21312,0.0,0.0,186.438
21313,0.0,0.0,186.438
21314,0.0,0.0,186.438
21315,0.0,0.0,186.438
21316,0.0,0.0,186.438
21317,22.3,1.394,186.457
21318,87.5,5.469,186.457
21319,100.0,6.25,186.457
21320,62.5,3.906,186.457
21321,0.0,0.0,186.457
21322,28.7,1.794,186.457
21323,0.0,0.0,186.457
21324,0.0,0.0,186.457
21325,0.0,0.0,186.457
21326,0.0,0.0,186.457
21327,0.0,0.0,186.457
21328,0.0,0.0,186.457
21329,0.0,0.0,186.461
21330,28.4,1.775,186.461
21331,50.0,3.125,186.461
21332,57.3,3.581,186.461
21333,0.0,0.0,186.461
21334,0.0,0.0,186.461
21335,0.0,0.0,186.461
21336,50.0,3.125,186.461
21337,87.5,5.469,186.461
21338,100.0,6.25,186.461
21339,28.7,1.794,186.461
21340,0.0,0.0,186.461
21341,0.0,0.0,186.461
21342,0.0,0.0,186.461
21343,0.0,0.0,186.461
21344,14.2,0.887,186.461
21345,0.0,0.0,186.461
21346,0.0,0.0,186.461
21347,0.0,0.0,186.461
21348,0.0,0.0,186.461
21349,0.0,0.0,186.461
21350,0.0,0.0,186.461
21351,0.0,0.0,186.461
21352,0.0,0.0,186.461
21353,0.0,0.0,186.461
21354,0.0,0.0,186.461
21355,0.0,0.0,186.461
21356,0.0,0.0,186.461
21357,0.0,0.0,186.461
21358,0.0,0.0,186.461
21359,0.0,0.0,186.461
21360,0.0,0.0,186.461
21361,0.0,0.0,186.461
21362,0.0,0.0,186.461
21363,0.0,0.0,186.461
21364,0.0,0.0,186.461
21365,0.0,0.0,186.461
21366,0.0,0.0,186.461
21367,0.0,0.0,186.461
21368,0.0,0.0,186.461
21369,0.0,0.0,186.461
21370,0.0,0.0,186.461
21371,0.0,0.0,186.461
21372,0.0,0.0,186.461
21373,0.0,0.0,186.461
21374,0.0,0.0,186.461
21375,0.0,0.0,186.461
21376,0.0,0.0,186.461
21377,0.0,0.0,186.461
21378,0.0,0.0,186.461
21379,0.0,0.0,186.461
21380,0.0,0.0,186.461
21381,14.3,0.894,186.465
21382,0.0,0.0,186.465
21383,0.0,0.0,186.465
21384,0.0,0.0,186.473
21385,87.5,5.469,187.465
21386,14.3,0.894,187.465
21387,0.0,0.0,187.465
21388,0.0,0.0,187.465
21389,0.0,0.0,187.465
21390,0.0,0.0,187.465
21391,0.0,0.0,187.465
21392,0.0,0.0,187.465
21393,0.0,0.0,187.465
21394,0.0,0.0,187.465
21395,0.0,0.0,187.465
21396,0.0,0.0,187.465
21397,0.0,0.0,187.465
21398,0.0,0.0,187.465
21399,0.0,0.0,187.465
21400,0.0,0.0,187.465
21401,0.0,0.0,187.465
21402,0.0,0.0,187.465
21403,0.0,0.0,187.465
21404,0.0,0.0,187.465
21405,0.0,0.0,187.465
21406,0.0,0.0,187.465
21407,0.0,0.0,187.465
21408,0.0,0.0,187.465
21409,0.0,0.0,187.465
21410,0.0,0.0,187.465
21411,0.0,0.0,187.465
21412,0.0,0.0,187.465
21413,0.0,0.0,187.465
21414,0.0,0.0,187.465
21415,0.0,0.0,187.465
21416,0.0,0.0,187.465
21417,12.5,0.781,187.465
21418,0.0,0.0,187.465
21419,28.7,1.794,187.465
21420,0.0,0.0,187.465
21421,0.0,0.0,187.496
21422,100.0,6.25,187.57
21423,100.0,6.25,187.574
21424,78.1,4.881,187.574
21425,113.6,7.1,187.574
21426,0.0,0.0,187.574
21427,14.3,0.894,187.574
21428,14.2,0.887,187.574
21429,0.0,0.0,187.574
21430,0.0,0.0,187.574
21431,0.0,0.0,187.574
21432,0.0,0.0,187.574
21433,12.5,0.781,187.574
21434,14.3,0.894,187.574
21435,0.0,0.0,187.574
21436,0.0,0.0,187.574
21437,0.0,0.0,187.574
21438,0.0,0.0,187.574
21439,50.0,3.125,187.574
21440,100.0,6.25,187.574
21441,71.7,4.481,187.574
21442,14.3,0.894,187.574
21443,14.2,0.887,187.574
21444,0.0,0.0,187.574
21445,0.0,0.0,187.574
21446,0.0,0.0,187.574
21447,0.0,0.0,187.574
21448,0.0,0.0,187.574
21449,0.0,0.0,187.574
21450,0.0,0.0,187.574
21451,0.0,0.0,187.574
21452,0.0,0.0,187.574
21453,0.0,0.0,187.574
21454,0.0,0.0,187.574
21455,0.0,0.0,187.574
21456,0.0,0.0,187.574
21457,12.5,0.781,187.574
21458,0.0,0.0,187.574
21459,14.2,0.887,187.574
21460,14.3,0.894,187.574
21461,0.0,0.0,187.574
21462,0.0,0.0,187.574
21463,0.0,0.0,187.574
21464,0.0,0.0,187.574
21465,0.0,0.0,187.574
21466,0.0,0.0,187.574
21467,0.0,0.0,187.574
21468,0.0,0.0,187.574
21469,0.0,0.0,187.574
21470,0.0,0.0,187.574
21471,12.5,0.781,187.574
21472,14.2,0.887,187.574
21473,0.0,0.0,187.574
21474,0.0,0.0,187.574
21475,0.0,0.0,187.574
21476,0.0,0.0,187.574
21477,0.0,0.0,187.574
21478,0.0,0.0,187.574
21479,0.0,0.0,187.574
21480,0.0,0.0,187.574
21481,0.0,0.0,187.574
21482,0.0,0.0,187.574
21483,0.0,0.0,187.574
21484,0.0,0.0,187.574
21485,0.0,0.0,187.574
21486,0.0,0.0,187.574
21487,0.0,0.0,187.574
21488,0.0,0.0,187.574
21489,14.3,0.894,187.574
21490,0.0,0.0,187.574
21491,0.0,0.0,187.574
21492,0.0,0.0,187.574
21493,0.0,0.0,187.574
21494,0.0,0.0,187.574
21495,75.0,4.688,185.125
21496,87.5,5.469,185.297
21497,100.3,6.269,185.297
21498,0.0,0.0,185.297
21499,0.0,0.0,185.297
21500,0.0,0.0,185.297
21501,0.0,0.0,185.297
21502,14.2,0.887,185.301
21503,0.0,0.0,185.305
21504,0.0,0.0,185.305
21505,0.0,0.0,185.305
21506,37.5,2.344,185.469
21507,0.0,0.0,185.469
21508,0.0,0.0,185.469
21509,0.0,0.0,185.469
21510,75.0,4.688,185.496
21511,100.0,6.25,185.496
21512,87.5,5.469,185.496
21513,12.5,0.781,185.496
21514,0.0,0.0,185.496
21515,75.0,4.688,185.496
21516,87.5,5.469,185.496
21517,100.3,6.269,185.496
21518,14.3,0.894,185.496
21519,0.0,0.0,185.496
21520,0.0,0.0,185.496
21521,0.0,0.0,185.496
21522,14.3,0.894,185.508
21523,12.5,0.781,185.508
21524,33.2,2.075,185.508
21525,0.0,0.0,185.508
21526,0.0,0.0,185.66
21527,28.7,1.794,185.922
21528,43.0,2.688,188.125
21529,14.2,0.887,188.129
21530,0.0,0.0,188.129
21531,0.0,0.0,188.129
21532,12.5,0.781,188.191
21533,0.0,0.0,188.191
21534,0.0,0.0,188.191
21535,0.0,0.0,188.191
21536,0.0,0.0,188.254
21537,25.0,1.562,191.004
21538,100.0,6.25,188.66
21539,0.0,0.0,188.66
21540,0.0,0.0,188.66
21541,14.2,0.887,188.66
21542,0.0,0.0,188.66
21543,0.0,0.0,188.66
21544,0.0,0.0,188.66
21545,0.0,0.0,188.66
21546,0.0,0.0,188.66
21547,0.0,0.0,188.66
21548,0.0,0.0,188.66
21549,0.0,0.0,188.66
21550,0.0,0.0,188.66
21551,0.0,0.0,188.66
21552,0.0,0.0,188.66
21553,0.0,0.0,188.66
21554,0.0,0.0,188.66
21555,0.0,0.0,188.66
21556,0.0,0.0,188.66
21557,0.0,0.0,188.66
21558,0.0,0.0,188.66
21559,0.0,0.0,188.66
21560,0.0,0.0,188.66
21561,0.0,0.0,188.66
21562,0.0,0.0,188.66
21563,0.0,0.0,188.66
21564,0.0,0.0,188.66
21565,0.0,0.0,188.66
21566,0.0,0.0,188.66
21567,0.0,0.0,188.66
21568,0.0,0.0,188.66
21569,0.0,0.0,188.66
21570,0.0,0.0,188.66
21571,0.0,0.0,188.66
21572,0.0,0.0,188.66
21573,0.0,0.0,188.66
21574,0.0,0.0,188.66
21575,0.0,0.0,188.66
21576,0.0,0.0,188.66
21577,0.0,0.0,188.66
21578,0.0,0.0,188.66
21579,0.0,0.0,188.66
21580,0.0,0.0,188.66
21581,0.0,0.0,188.66
21582,0.0,0.0,188.66
21583,0.0,0.0,188.66
21584,0.0,0.0,188.66
21585,0.0,0.0,188.66
21586,0.0,0.0,188.66
21587,0.0,0.0,188.66
21588,0.0,0.0,188.66
21589,0.0,0.0,188.66
21590,0.0,0.0,188.66
21591,0.0,0.0,188.66
21592,0.0,0.0,188.66
21593,0.0,0.0,188.66
21594,0.0,0.0,188.66
21595,0.0,0.0,188.66
21596,0.0,0.0,188.66
21597,0.0,0.0,188.66
21598,0.0,0.0,188.66
21599,0.0,0.0,188.66
21600,0.0,0.0,188.66
21601,0.0,0.0,188.66
21602,0.0,0.0,188.66
21603,0.0,0.0,188.66
21604,0.0,0.0,188.66
21605,0.0,0.0,188.66
21606,0.0,0.0,188.66
21607,0.0,0.0,188.66
21608,0.0,0.0,188.66
21609,0.0,0.0,188.66
21610,0.0,0.0,188.66
21611,0.0,0.0,188.66
21612,0.0,0.0,188.66
21613,0.0,0.0,188.66
21614,14.3,0.894,188.66
21615,0.0,0.0,188.66
21616,0.0,0.0,188.66
21617,0.0,0.0,188.66
21618,0.0,0.0,188.66
21619,0.0,0.0,188.66
21620,0.0,0.0,188.66
21621,0.0,0.0,188.66
21622,0.0,0.0,188.66
21623,0.0,0.0,188.66
21624,0.0,0.0,188.66
21625,0.0,0.0,188.66
21626,0.0,0.0,188.66
21627,0.0,0.0,188.66
21628,0.0,0.0,188.66
21629,0.0,0.0,188.66
21630,0.0,0.0,188.66
21631,0.0,0.0,188.66
21632,0.0,0.0,188.66
21633,0.0,0.0,188.66
21634,0.0,0.0,188.66
21635,0.0,0.0,188.66
21636,0.0,0.0,188.66
21637,0.0,0.0,188.66
21638,0.0,0.0,188.66
21639,0.0,0.0,188.66
21640,0.0,0.0,188.66
21641,0.0,0.0,188.66
21642,0.0,0.0,188.66
21643,0.0,0.0,188.66
21644,0.0,0.0,188.66
21645,0.0,0.0,188.66
21646,0.0,0.0,188.66
21647,0.0,0.0,188.66
21648,0.0,0.0,188.66
21649,0.0,0.0,188.66
21650,0.0,0.0,188.66
21651,0.0,0.0,188.66
21652,0.0,0.0,188.66
21653,0.0,0.0,188.66
21654,0.0,0.0,188.66
21655,0.0,0.0,188.66
21656,0.0,0.0,188.66
21657,0.0,0.0,188.66
21658,0.0,0.0,188.66
21659,0.0,0.0,188.66
21660,0.0,0.0,188.66
21661,0.0,0.0,188.66
21662,0.0,0.0,188.66
21663,0.0,0.0,188.66
21664,0.0,0.0,188.66
21665,0.0,0.0,188.66
21666,0.0,0.0,188.66
21667,0.0,0.0,188.66
21668,0.0,0.0,188.66
21669,0.0,0.0,188.66
21670,0.0,0.0,188.66
21671,0.0,0.0,188.66
21672,0.0,0.0,188.66
21673,0.0,0.0,188.66
21674,0.0,0.0,188.66
21675,0.0,0.0,188.66
21676,0.0,0.0,188.66
21677,0.0,0.0,188.66
21678,0.0,0.0,188.66
21679,0.0,0.0,188.66
21680,0.0,0.0,188.66
21681,0.0,0.0,188.66
21682,0.0,0.0,188.66
21683,0.0,0.0,188.66
21684,0.0,0.0,188.66
21685,0.0,0.0,188.66
21686,87.5,5.469,188.668
21687,87.5,5.469,188.668
21688,28.4,1.775,188.668
21689,0.0,0.0,188.668
21690,50.0,3.125,188.668
21691,100.0,6.25,188.668
21692,88.7,5.544,188.668
21693,28.7,1.794,188.668
21694,0.0,0.0,188.668
21695,14.3,0.894,188.668
21696,0.0,0.0,188.668
21697,0.0,0.0,188.668
21698,0.0,0.0,188.668
21699,0.0,0.0,188.668
21700,0.0,0.0,188.668
21701,0.0,0.0,188.668
21702,0.0,0.0,188.668
21703,0.0,0.0,188.668
21704,0.0,0.0,188.668
21705,0.0,0.0,188.668
21706,0.0,0.0,188.668
21707,0.0,0.0,188.668
21708,0.0,0.0,188.668
21709,0.0,0.0,188.668
21710,0.0,0.0,188.668
21711,0.0,0.0,188.668
21712,0.0,0.0,188.668
21713,0.0,0.0,188.668
21714,0.0,0.0,188.668
21715,0.0,0.0,188.668
21716,0.0,0.0,188.668
21717,0.0,0.0,188.668
21718,0.0,0.0,188.668
21719,0.0,0.0,188.668
21720,0.0,0.0,188.668
21721,0.0,0.0,188.668
21722,0.0,0.0,188.668
21723,0.0,0.0,188.668
21724,14.2,0.887,188.668
21725,0.0,0.0,188.668
21726,0.0,0.0,188.668
21727,0.0,0.0,188.668
21728,0.0,0.0,188.668
21729,0.0,0.0,188.668
21730,14.3,0.894,188.668
21731,0.0,0.0,188.668
21732,0.0,0.0,188.668
21733,0.0,0.0,188.668
21734,0.0,0.0,188.668
21735,0.0,0.0,188.668
21736,0.0,0.0,188.668
21737,0.0,0.0,188.668
21738,0.0,0.0,188.668
21739,0.0,0.0,188.668
21740,0.0,0.0,188.668
21741,0.0,0.0,188.668
21742,0.0,0.0,188.668
21743,0.0,0.0,188.668
21744,0.0,0.0,188.668
21745,0.0,0.0,188.668
21746,0.0,0.0,188.668
21747,0.0,0.0,188.668
21748,0.0,0.0,188.668
21749,14.3,0.894,188.668
21750,0.0,0.0,188.668
21751,0.0,0.0,188.668
21752,0.0,0.0,188.668
21753,0.0,0.0,188.668
21754,0.0,0.0,188.668
21755,0.0,0.0,188.668
21756,0.0,0.0,188.668
21757,0.0,0.0,188.668
21758,0.0,0.0,188.668
21759,0.0,0.0,188.668
21760,0.0,0.0,188.668
21761,0.0,0.0,188.668
21762,0.0,0.0,188.668
21763,0.0,0.0,188.668
21764,14.3,0.894,188.668
21765,0.0,0.0,188.668
21766,12.5,0.781,189.684
21767,71.7,4.481,189.797
21768,12.5,0.781,189.797
21769,0.0,0.0,189.797
21770,0.0,0.0,189.797
21771,0.0,0.0,189.797
21772,0.0,0.0,189.797
21773,0.0,0.0,189.797
21774,0.0,0.0,189.797
21775,0.0,0.0,189.797
21776,0.0,0.0,189.797
21777,0.0,0.0,189.797
21778,0.0,0.0,189.797
21779,0.0,0.0,189.797
21780,0.0,0.0,189.797
21781,0.0,0.0,189.797
21782,0.0,0.0,189.797
21783,0.0,0.0,189.797
21784,0.0,0.0,189.797
21785,0.0,0.0,189.797
21786,0.0,0.0,189.797
21787,0.0,0.0,189.797
21788,14.3,0.894,189.797
21789,0.0,0.0,189.797
21790,0.0,0.0,189.797
21791,0.0,0.0,189.797
21792,0.0,0.0,189.797
21793,0.0,0.0,189.797
21794,0.0,0.0,189.797
21795,14.2,0.887,189.797
21796,0.0,0.0,189.797
21797,14.3,0.894,189.797
21798,0.0,0.0,189.797
21799,0.0,0.0,189.797
21800,14.3,0.894,189.797
21801,0.0,0.0,189.797
21802,0.0,0.0,189.797
21803,0.0,0.0,189.797
21804,0.0,0.0,189.797
21805,0.0,0.0,189.797
21806,0.0,0.0,189.797
21807,0.0,0.0,189.797
21808,0.0,0.0,189.797
21809,0.0,0.0,189.797
21810,0.0,0.0,189.797
21811,0.0,0.0,189.797
21812,0.0,0.0,189.797
21813,0.0,0.0,189.797
21814,0.0,0.0,189.797
21815,0.0,0.0,189.797
21816,0.0,0.0,189.797
21817,0.0,0.0,189.797
21818,0.0,0.0,189.797
21819,0.0,0.0,189.797
21820,0.0,0.0,189.797
21821,0.0,0.0,189.797
21822,0.0,0.0,189.797
21823,0.0,0.0,189.797
21824,0.0,0.0,189.797
21825,0.0,0.0,189.797
21826,0.0,0.0,189.797
21827,0.0,0.0,189.797
21828,0.0,0.0,189.797
21829,0.0,0.0,189.797
21830,0.0,0.0,189.797
21831,14.3,0.894,189.793
21832,0.0,0.0,189.793
21833,14.2,0.887,189.793
21834,72.7,4.544,189.797
21835,89.3,5.581,181.812
21836,100.0,6.25,182.012
21837,88.7,5.544,182.012
21838,28.7,1.794,182.012
21839,14.2,0.887,182.012
21840,0.0,0.0,182.012
21841,14.3,0.894,182.07
21842,0.0,0.0,182.07
21843,0.0,0.0,182.07
21844,0.0,0.0,182.07
21845,0.0,0.0,182.07
21846,0.0,0.0,182.07
21847,0.0,0.0,182.07
21848,0.0,0.0,182.07
21849,0.0,0.0,182.07
21850,0.0,0.0,182.07
21851,0.0,0.0,182.07
21852,0.0,0.0,182.07
21853,0.0,0.0,182.07
21854,14.2,0.887,182.07
21855,0.0,0.0,182.07
21856,0.0,0.0,182.07
21857,0.0,0.0,182.07
21858,0.0,0.0,182.07
21859,0.0,0.0,182.07
21860,0.0,0.0,182.07
21861,0.0,0.0,182.07
21862,0.0,0.0,182.07
21863,0.0,0.0,182.07
21864,0.0,0.0,182.07
21865,0.0,0.0,182.07
21866,0.0,0.0,182.07
21867,0.0,0.0,182.07
21868,0.0,0.0,182.07
21869,0.0,0.0,182.07
21870,0.0,0.0,182.07
21871,0.0,0.0,182.07
21872,0.0,0.0,182.07
21873,0.0,0.0,182.07
21874,0.0,0.0,182.07
21875,0.0,0.0,182.07
21876,0.0,0.0,182.07
21877,0.0,0.0,182.07
21878,0.0,0.0,182.07
21879,0.0,0.0,182.07
21880,0.0,0.0,182.07
21881,0.0,0.0,182.07
21882,0.0,0.0,182.07
21883,0.0,0.0,182.07
21884,0.0,0.0,182.07
21885,0.0,0.0,182.07
21886,0.0,0.0,182.07
21887,0.0,0.0,182.07
21888,0.0,0.0,182.07
21889,0.0,0.0,182.07
21890,0.0,0.0,182.07
21891,0.0,0.0,182.07
21892,0.0,0.0,182.07
21893,0.0,0.0,182.07
21894,0.0,0.0,182.07
21895,0.0,0.0,182.07
21896,0.0,0.0,182.07
21897,0.0,0.0,182.07
21898,0.0,0.0,182.07
21899,0.0,0.0,182.07
21900,14.2,0.887,182.07
21901,14.3,0.894,182.07
21902,0.0,0.0,182.07
21903,14.2,0.887,182.07
21904,0.0,0.0,182.07
21905,0.0,0.0,182.07
21906,28.7,1.794,182.203
21907,0.0,0.0,182.203
21908,0.0,0.0,182.203
21909,0.0,0.0,182.203
21910,0.0,0.0,182.203
21911,0.0,0.0,182.203
21912,0.0,0.0,182.203
21913,14.2,0.887,182.203
21914,0.0,0.0,182.203
21915,0.0,0.0,182.203
21916,0.0,0.0,182.203
21917,0.0,0.0,182.203
21918,14.3,0.894,182.203
21919,0.0,0.0,182.203
21920,0.0,0.0,182.203
21921,0.0,0.0,182.203
21922,0.0,0.0,182.203
21923,0.0,0.0,182.203
21924,0.0,0.0,182.203
21925,0.0,0.0,182.203
21926,0.0,0.0,182.203
21927,0.0,0.0,182.203
21928,0.0,0.0,182.203
21929,0.0,0.0,182.203
21930,0.0,0.0,182.203
21931,0.0,0.0,182.203
21932,0.0,0.0,182.203
21933,0.0,0.0,182.203
21934,0.0,0.0,182.203
21935,0.0,0.0,182.203
21936,0.0,0.0,182.203
21937,0.0,0.0,182.203
21938,0.0,0.0,182.203
21939,0.0,0.0,182.203
21940,0.0,0.0,182.203
21941,0.0,0.0,182.203
21942,0.0,0.0,182.203
21943,0.0,0.0,182.203
21944,0.0,0.0,182.203
21945,0.0,0.0,182.203
21946,0.0,0.0,182.203
21947,0.0,0.0,182.203
21948,0.0,0.0,182.203
21949,0.0,0.0,182.203
21950,0.0,0.0,182.203
21951,0.0,0.0,182.203
21952,0.0,0.0,182.203
21953,14.2,0.887,182.203
21954,0.0,0.0,182.203
21955,0.0,0.0,182.203
21956,0.0,0.0,182.203
21957,14.3,0.894,182.203
21958,0.0,0.0,182.203
21959,0.0,0.0,182.203
21960,0.0,0.0,182.203
21961,0.0,0.0,182.203
21962,0.0,0.0,182.203
21963,0.0,0.0,182.203
21964,0.0,0.0,182.203
21965,0.0,0.0,182.203
21966,0.0,0.0,182.203
21967,0.0,0.0,182.203
21968,0.0,0.0,182.203
21969,0.0,0.0,182.203
21970,0.0,0.0,182.203
21971,25.0,1.562,182.203
21972,100.0,6.25,182.203
21973,100.0,6.25,182.203
21974,0.0,0.0,182.18
