sample_no,process_cpu_percent_raw,process_cpu_percent_normalized,memory_rss_mb
1,0.0,0.0,183.742
2,33.2,2.075,185.426
3,0.0,0.0,186.555
4,0.0,0.0,186.555
5,0.0,0.0,186.555
6,28.4,1.775,186.695
7,0.0,0.0,186.73
8,0.0,0.0,186.73
9,0.0,0.0,186.73
10,75.0,4.688,187.641
11,100.3,6.269,188.309
12,100.0,6.25,190.988
13,100.0,6.25,191.613
14,87.5,5.469,192.227
15,85.2,5.325,192.844
16,87.5,5.469,193.617
17,114.7,7.169,194.164
18,75.0,4.688,196.762
19,99.4,6.213,197.418
20,87.5,5.469,198.07
21,100.0,6.25,198.75
22,100.0,6.25,199.465
23,100.0,6.25,200.199
24,112.5,7.031,200.988
25,100.0,6.25,205.715
26,75.0,4.688,206.363
27,114.7,7.169,206.875
28,87.5,5.469,207.512
29,114.7,7.169,208.074
30,88.7,5.544,208.828
31,100.0,6.25,209.559
32,100.0,6.25,210.273
33,112.5,7.031,211.047
34,100.0,6.25,211.809
35,100.0,6.25,212.445
36,100.0,6.25,213.105
37,87.5,5.469,213.75
38,100.0,6.25,214.48
39,66.8,4.175,215.125
40,88.7,5.544,215.379
41,100.0,6.25,215.633
42,87.5,5.469,215.883
43,100.0,6.25,224.074
44,87.5,5.469,224.324
45,100.0,6.25,224.582
46,100.0,6.25,224.891
47,87.5,5.469,225.102
48,88.7,5.544,225.375
49,87.5,5.469,225.793
50,100.0,6.25,226.176
51,100.0,6.25,226.605
52,87.5,5.469,226.953
53,89.3,5.581,227.336
54,100.0,6.25,227.73
55,100.0,6.25,228.105
56,100.0,6.25,228.434
57,100.0,6.25,228.84
58,100.0,6.25,229.238
59,88.7,5.544,229.609
60,62.5,3.906,229.938
61,87.5,5.469,230.359
62,87.5,5.469,230.691
63,100.0,6.25,231.039
64,77.6,4.85,231.41
65,100.0,6.25,231.797
66,112.5,7.031,232.188
67,100.0,6.25,232.609
68,100.0,6.25,232.969
69,100.0,6.25,233.375
70,78.1,4.881,233.801
71,112.5,7.031,234.234
72,87.5,5.469,234.621
73,100.0,6.25,235.012
74,88.7,5.544,235.422
75,100.0,6.25,235.785
76,100.0,6.25,236.105
77,87.5,5.469,236.539
78,100.0,6.25,236.914
79,75.0,4.688,237.289
80,87.5,5.469,237.676
81,78.1,4.881,238.066
82,100.0,6.25,238.445
83,100.0,6.25,238.852
84,87.5,5.469,239.289
85,87.5,5.469,239.613
86,88.7,5.544,240.039
87,100.0,6.25,240.418
88,112.5,7.031,240.828
89,100.0,6.25,241.234
90,100.0,6.25,241.629
91,88.7,5.544,242.043
92,112.5,7.031,242.465
93,87.5,5.469,242.836
94,100.0,6.25,243.223
95,100.0,6.25,243.621
96,89.3,5.581,244.02
97,112.5,7.031,244.504
98,100.0,6.25,260.75
99,100.0,6.25,261.152
100,100.0,6.25,261.465
101,88.7,5.544,261.754
102,87.5,5.469,262.148
103,100.0,6.25,262.422
104,87.5,5.469,262.668
105,100.0,6.25,262.891
106,100.0,6.25,263.215
107,77.6,4.85,263.5
108,87.5,5.469,263.789
109,112.5,7.031,264.141
110,100.0,6.25,264.465
111,87.5,5.469,264.805
112,87.5,5.469,265.168
113,87.5,5.469,265.512
114,78.1,4.881,265.844
115,112.5,7.031,266.234
116,100.0,6.25,266.625
117,100.0,6.25,267.074
118,100.0,6.25,267.449
119,87.5,5.469,267.805
120,77.6,4.85,268.188
121,100.0,6.25,268.562
122,100.0,6.25,268.953
123,100.0,6.25,269.34
124,100.0,6.25,269.766
125,89.3,5.581,270.141
126,100.0,6.25,270.516
127,100.0,6.25,270.801
128,87.5,5.469,271.094
129,87.5,5.469,271.406
130,99.7,6.231,271.648
131,75.0,4.688,271.953
132,87.5,5.469,272.25
133,75.0,4.688,272.602
134,77.6,4.85,272.891
135,112.5,7.031,273.188
136,100.0,6.25,273.523
137,100.0,6.25,273.828
138,78.1,4.881,273.996
139,87.5,5.469,274.254
140,87.5,5.469,274.516
141,100.0,6.25,274.672
142,87.5,5.469,274.844
143,100.0,6.25,275.055
144,77.6,4.85,275.258
145,100.0,6.25,275.461
146,100.0,6.25,275.715
147,75.0,4.688,276.016
148,62.5,3.906,276.277
149,87.5,5.469,276.641
150,75.0,4.688,276.871
151,87.5,5.469,277.16
152,87.5,5.469,277.461
153,88.7,5.544,277.754
154,100.0,6.25,277.973
155,87.5,5.469,278.27
156,112.5,7.031,278.5
157,100.0,6.25,278.77
158,100.0,6.25,279.082
159,75.0,4.688,279.398
160,78.1,4.881,279.742
161,87.5,5.469,280.031
162,112.5,7.031,280.246
163,100.0,6.25,280.52
164,87.5,5.469,280.691
165,88.7,5.544,280.879
166,87.5,5.469,281.145
167,100.0,6.25,281.457
168,87.5,5.469,281.676
169,87.5,5.469,281.91
170,100.0,6.25,282.195
171,78.1,4.881,282.352
172,125.0,7.812,282.523
173,87.5,5.469,282.691
174,100.0,6.25,282.883
175,100.0,6.25,283.074
176,88.7,5.544,283.352
177,100.0,6.25,283.629
178,112.5,7.031,283.828
179,87.5,5.469,284.07
180,44.3,2.769,284.254
181,75.0,4.688,284.453
182,87.5,5.469,284.535
183,100.3,6.269,284.656
184,114.7,7.169,284.812
185,77.6,4.85,284.973
186,87.5,5.469,285.16
187,96.2,6.013,260.359
188,75.0,4.688,268.184
189,71.7,4.481,269.188
190,87.5,5.469,270.262
191,87.5,5.469,271.508
192,99.4,6.213,272.898
193,100.0,6.25,274.043
194,86.0,5.375,274.938
195,86.0,5.375,275.797
196,100.0,6.25,277.074
197,75.0,4.688,278.125
198,100.0,6.25,279.199
199,100.0,6.25,280.422
200,87.5,5.469,282.094
201,100.0,6.25,283.273
202,88.7,5.544,284.531
203,81.8,5.112,284.719
204,100.3,6.269,286.133
205,87.5,5.469,287.086
206,99.4,6.213,288.203
207,87.5,5.469,289.324
208,100.0,6.25,290.285
209,100.0,6.25,291.371
210,100.0,6.25,292.414
211,89.3,5.581,293.531
212,87.5,5.469,295.117
213,113.6,7.1,294.93
214,100.3,6.269,296.031
215,87.5,5.469,297.77
216,100.3,6.269,298.863
217,99.4,6.213,299.723
218,100.3,6.269,300.492
219,99.4,6.213,300.637
220,100.0,6.25,301.512
221,75.0,4.688,302.23
222,86.0,5.375,303.34
223,114.7,7.169,304.23
224,75.0,4.688,304.805
225,85.2,5.325,305.535
226,100.0,6.25,306.73
227,100.0,6.25,308.102
228,75.0,4.688,309.043
229,114.7,7.169,311.02
230,57.3,3.581,311.805
231,77.6,4.85,312.77
232,87.5,5.469,313.727
233,87.5,5.469,314.977
234,100.0,6.25,316.66
235,100.0,6.25,318.27
236,100.0,6.25,320.191
237,88.7,5.544,322.203
238,87.5,5.469,323.812
239,100.0,6.25,325.566
240,87.5,5.469,327.898
241,100.0,6.25,330.086
242,100.0,6.25,332.191
243,100.0,6.25,334.02
244,67.0,4.188,335.98
245,87.5,5.469,337.602
246,100.0,6.25,339.496
247,100.0,6.25,341.355
248,87.5,5.469,343.391
249,88.7,5.544,345.164
250,100.0,6.25,346.895
251,112.5,7.031,348.688
252,100.0,6.25,350.652
253,100.0,6.25,352.352
254,88.7,5.544,354.008
255,50.0,3.125,355.898
256,112.5,7.031,357.887
257,100.0,6.25,359.941
258,100.0,6.25,361.652
259,89.3,5.581,363.586
260,100.0,6.25,365.699
261,100.0,6.25,367.672
262,75.0,4.688,369.719
263,100.0,6.25,371.715
264,100.0,6.25,373.469
265,87.5,5.469,375.195
266,88.7,5.544,377.012
267,100.0,6.25,378.965
268,87.5,5.469,380.844
269,100.0,6.25,382.254
270,100.0,6.25,383.531
271,87.5,5.469,384.883
272,67.0,4.188,386.223
273,100.0,6.25,387.93
274,100.0,6.25,389.781
275,100.0,6.25,391.648
276,100.0,6.25,393.344
277,88.7,5.544,395.418
278,100.0,6.25,397.379
279,87.5,5.469,399.164
280,75.0,4.688,400.777
281,100.0,6.25,402.109
282,100.0,6.25,403.574
283,88.7,5.544,405.418
284,100.0,6.25,407.121
285,87.5,5.469,409.207
286,100.0,6.25,411.449
287,100.0,6.25,413.309
288,87.5,5.469,415.168
289,89.3,5.581,417.016
290,112.5,7.031,418.875
291,87.5,5.469,420.719
292,100.0,6.25,422.602
293,77.6,4.85,424.379
294,112.5,7.031,426.352
295,100.0,6.25,428.426
296,100.0,6.25,430.219
297,100.0,6.25,432.344
298,88.7,5.544,434.574
299,87.5,5.469,436.891
300,100.0,6.25,439.336
301,100.0,6.25,441.508
302,100.0,6.25,443.797
303,89.3,5.581,446.125
304,75.0,4.688,448.062
305,100.0,6.25,450.031
306,112.5,7.031,451.91
307,87.5,5.469,453.777
308,100.0,6.25,455.633
309,100.0,6.25,457.391
310,88.7,5.544,459.395
311,100.0,6.25,461.453
312,100.0,6.25,463.609
313,100.0,6.25,465.375
314,87.5,5.469,467.145
315,89.3,5.581,468.684
316,100.0,6.25,470.551
317,100.0,6.25,472.496
318,100.0,6.25,474.387
319,100.0,6.25,476.316
320,100.0,6.25,478.328
321,88.7,5.544,480.512
322,100.0,6.25,482.227
323,100.0,6.25,484.336
324,100.0,6.25,485.922
325,87.5,5.469,487.465
326,77.6,4.85,489.074
327,87.5,5.469,490.402
328,112.5,7.031,492.059
329,100.0,6.25,493.504
330,100.0,6.25,495.035
331,100.0,6.25,496.43
332,89.3,5.581,498.07
333,87.5,5.469,499.516
334,112.5,7.031,500.906
335,100.0,6.25,502.422
336,100.0,6.25,503.824
337,87.5,5.469,505.328
338,100.0,6.25,506.59
339,88.7,5.544,507.922
340,87.5,5.469,509.574
341,75.0,4.688,511.281
342,100.0,6.25,513.387
343,87.5,5.469,515.344
344,87.5,5.469,517.09
345,87.5,5.469,519.0
346,77.6,4.85,521.047
347,87.5,5.469,523.152
348,100.0,6.25,525.297
349,100.0,6.25,527.047
350,100.0,6.25,528.902
351,100.0,6.25,530.848
352,89.3,5.581,532.609
353,100.0,6.25,534.453
354,100.0,6.25,536.348
355,75.0,4.688,538.391
356,100.0,6.25,540.34
357,88.7,5.544,542.172
358,100.0,6.25,543.633
359,87.5,5.469,545.035
360,100.0,6.25,546.633
361,100.0,6.25,548.266
362,100.0,6.25,550.312
363,89.3,5.581,552.176
364,100.0,6.25,554.129
365,87.5,5.469,556.039
366,100.0,6.25,557.816
367,87.5,5.469,559.855
368,88.7,5.544,562.184
369,87.5,5.469,564.578
370,112.5,7.031,566.543
371,87.5,5.469,567.895
372,100.0,6.25,569.203
373,87.5,5.469,570.723
374,88.7,5.544,572.328
375,112.5,7.031,574.727
376,87.5,5.469,577.477
377,87.5,5.469,579.57
378,87.5,5.469,581.992
379,100.0,6.25,584.328
380,78.1,4.881,586.797
381,113.6,7.1,579.676
382,14.3,0.894,579.688
383,0.0,0.0,579.727
384,14.2,0.887,578.758
385,14.3,0.894,578.762
386,0.0,0.0,578.762
387,87.5,5.469,579.605
388,112.5,7.031,579.98
389,100.0,6.25,580.375
390,87.5,5.469,582.707
391,66.5,4.156,583.129
392,75.0,4.688,583.48
393,112.5,7.031,583.816
394,87.5,5.469,584.199
395,100.3,6.269,584.449
396,87.5,5.469,584.602
397,75.0,4.688,584.762
398,75.0,4.688,584.938
399,100.0,6.25,585.102
400,87.5,5.469,585.273
401,99.4,6.213,585.426
402,75.0,4.688,585.527
403,100.0,6.25,585.66
404,100.0,6.25,585.809
405,67.0,4.188,586.016
406,100.0,6.25,586.289
407,112.5,7.031,588.586
408,87.5,5.469,588.953
409,100.0,6.25,589.332
410,77.6,4.85,589.711
411,87.5,5.469,590.141
412,87.5,5.469,590.512
413,87.5,5.469,590.918
414,100.0,6.25,591.316
415,75.0,4.688,591.707
416,55.8,3.487,592.066
417,87.5,5.469,592.383
418,75.0,4.688,592.707
419,100.0,6.25,593.098
420,75.0,4.688,593.48
421,87.5,5.469,597.848
422,88.7,5.544,598.258
423,87.5,5.469,598.656
424,87.5,5.469,599.055
425,87.5,5.469,599.516
426,75.0,4.688,599.879
427,87.5,5.469,600.281
428,77.6,4.85,600.699
429,87.5,5.469,601.109
430,75.0,4.688,601.496
431,62.5,3.906,601.883
432,87.5,5.469,602.262
433,100.0,6.25,602.617
434,78.1,4.881,602.965
435,87.5,5.469,603.328
436,87.5,5.469,603.73
437,87.5,5.469,604.117
438,87.5,5.469,604.344
439,88.7,5.544,604.504
440,87.5,5.469,604.711
441,87.5,5.469,605.059
442,75.0,4.688,605.375
443,62.5,3.906,605.695
444,75.0,4.688,606.039
445,77.6,4.85,606.422
446,100.0,6.25,606.824
447,100.0,6.25,607.137
448,62.5,3.906,607.512
449,78.1,4.881,607.887
450,87.5,5.469,616.145
451,87.5,5.469,616.508
452,62.5,3.906,616.859
453,87.5,5.469,617.199
454,87.5,5.469,617.555
455,77.6,4.85,617.949
456,100.0,6.25,618.363
457,112.5,7.031,618.758
458,87.5,5.469,619.16
459,87.5,5.469,619.559
460,100.0,6.25,620.016
461,89.3,5.581,620.391
462,87.5,5.469,620.75
463,87.5,5.469,621.152
464,87.5,5.469,621.539
465,100.0,6.25,621.957
466,87.5,5.469,622.344
467,100.0,6.25,622.73
468,75.0,4.688,623.125
469,100.0,6.25,623.582
470,100.0,6.25,623.922
471,87.5,5.469,624.266
472,75.0,4.688,624.621
473,87.5,5.469,625.0
474,87.5,5.469,625.395
475,87.5,5.469,625.77
476,87.5,5.469,626.141
477,100.0,6.25,626.508
478,87.5,5.469,626.891
479,100.0,6.25,627.285
480,100.0,6.25,627.688
481,100.0,6.25,628.09
482,87.5,5.469,628.496
483,100.0,6.25,628.891
484,100.0,6.25,629.238
485,100.0,6.25,629.574
486,87.5,5.469,629.676
487,87.5,5.469,629.887
488,87.5,5.469,630.203
489,77.6,4.85,630.574
490,87.5,5.469,630.949
491,100.0,6.25,631.133
492,87.5,5.469,631.352
493,87.5,5.469,631.645
494,62.5,3.906,631.973
495,87.5,5.469,632.324
496,87.5,5.469,632.648
497,75.0,4.688,633.012
498,87.5,5.469,633.387
499,100.0,6.25,633.734
500,100.0,6.25,634.129
501,100.0,6.25,634.574
502,100.0,6.25,634.895
503,100.0,6.25,635.246
504,87.5,5.469,635.422
505,87.5,5.469,635.625
506,100.0,6.25,635.891
507,87.5,5.469,636.195
508,112.5,7.031,636.52
509,87.5,5.469,652.777
510,100.0,6.25,653.133
511,114.7,7.169,653.504
512,75.0,4.688,653.863
513,87.5,5.469,654.238
514,77.6,4.85,654.609
515,100.0,6.25,654.973
516,87.5,5.469,655.32
517,100.0,6.25,655.66
518,87.5,5.469,656.016
519,100.0,6.25,656.391
520,100.0,6.25,656.742
521,87.5,5.469,657.102
522,75.0,4.688,657.473
523,75.0,4.688,657.832
524,87.5,5.469,658.172
525,100.0,6.25,658.527
526,100.0,6.25,658.91
527,75.0,4.688,659.234
528,100.0,6.25,659.648
529,100.0,6.25,659.961
530,87.5,5.469,660.332
531,100.0,6.25,660.68
532,62.5,3.906,660.973
533,87.5,5.469,661.336
534,75.0,4.688,661.699
535,87.5,5.469,662.082
536,62.5,3.906,662.457
537,75.0,4.688,662.801
538,87.5,5.469,663.207
539,100.0,6.25,663.547
540,100.0,6.25,663.953
541,87.5,5.469,664.395
542,100.0,6.25,664.773
543,62.5,3.906,665.133
544,87.5,5.469,665.527
545,75.0,4.688,665.883
546,112.5,7.031,666.246
547,100.0,6.25,666.645
548,100.0,6.25,666.957
549,87.5,5.469,667.301
550,75.0,4.688,667.68
551,62.5,3.906,668.074
552,62.5,3.906,668.52
553,100.0,6.25,668.855
554,100.0,6.25,669.27
555,100.0,6.25,669.625
556,87.5,5.469,670.016
557,87.5,5.469,670.406
558,100.0,6.25,670.766
559,87.5,5.469,671.211
560,87.5,5.469,671.539
561,87.5,5.469,671.902
562,100.0,6.25,672.293
563,75.0,4.688,672.672
564,100.0,6.25,673.035
565,75.0,4.688,673.426
566,100.0,6.25,673.766
567,87.5,5.469,674.125
568,75.0,4.688,674.512
569,87.5,5.469,674.883
570,87.5,5.469,675.23
571,87.5,5.469,675.594
572,87.5,5.469,675.793
573,114.7,7.169,676.102
574,100.0,6.25,676.457
575,75.0,4.688,676.836
576,100.0,6.25,677.094
577,92.9,5.806,652.391
578,100.5,6.281,588.766
579,14.2,0.887,588.766
580,14.3,0.894,588.766
581,0.0,0.0,588.766
582,0.0,0.0,588.766
583,0.0,0.0,588.766
584,0.0,0.0,588.766
585,0.0,0.0,588.766
586,0.0,0.0,588.766
587,0.0,0.0,588.766
588,0.0,0.0,588.766
589,0.0,0.0,588.766
590,14.3,0.894,588.766
591,0.0,0.0,588.766
592,0.0,0.0,588.766
593,0.0,0.0,588.777
594,0.0,0.0,588.777
595,0.0,0.0,588.777
596,0.0,0.0,588.777
597,0.0,0.0,588.777
598,0.0,0.0,588.777
599,0.0,0.0,588.777
600,0.0,0.0,588.777
601,0.0,0.0,588.777
602,0.0,0.0,588.777
603,0.0,0.0,588.777
604,0.0,0.0,588.777
605,0.0,0.0,588.777
606,0.0,0.0,588.777
607,0.0,0.0,588.777
608,0.0,0.0,588.777
609,0.0,0.0,588.777
610,0.0,0.0,588.777
611,0.0,0.0,588.777
612,0.0,0.0,588.777
613,0.0,0.0,588.777
614,0.0,0.0,588.777
615,0.0,0.0,588.777
616,0.0,0.0,588.777
617,0.0,0.0,588.777
618,0.0,0.0,588.777
619,0.0,0.0,588.777
620,0.0,0.0,588.777
621,0.0,0.0,588.777
622,0.0,0.0,588.777
623,0.0,0.0,588.777
624,14.2,0.887,588.918
625,0.0,0.0,588.949
626,0.0,0.0,588.949
627,0.0,0.0,588.949
628,0.0,0.0,588.949
629,0.0,0.0,588.949
630,0.0,0.0,588.949
631,0.0,0.0,588.949
632,0.0,0.0,588.949
633,0.0,0.0,588.949
634,0.0,0.0,588.949
635,0.0,0.0,588.949
636,0.0,0.0,588.949
637,0.0,0.0,588.949
638,0.0,0.0,588.949
639,0.0,0.0,588.949
640,0.0,0.0,588.949
641,0.0,0.0,588.949
642,0.0,0.0,588.949
643,0.0,0.0,588.949
644,0.0,0.0,588.949
645,0.0,0.0,588.949
646,0.0,0.0,588.949
647,0.0,0.0,588.949
648,0.0,0.0,588.949
649,0.0,0.0,588.949
650,0.0,0.0,588.949
651,0.0,0.0,588.949
652,0.0,0.0,588.949
653,0.0,0.0,588.949
654,0.0,0.0,588.949
655,0.0,0.0,588.949
656,0.0,0.0,588.949
657,0.0,0.0,588.949
658,0.0,0.0,588.949
659,0.0,0.0,588.949
660,0.0,0.0,588.949
661,0.0,0.0,588.949
662,0.0,0.0,588.949
663,0.0,0.0,588.949
664,0.0,0.0,588.949
665,0.0,0.0,588.949
666,0.0,0.0,588.949
667,0.0,0.0,588.949
668,0.0,0.0,588.949
669,0.0,0.0,588.949
670,0.0,0.0,588.949
671,0.0,0.0,588.949
672,0.0,0.0,588.949
673,0.0,0.0,588.949
674,0.0,0.0,588.949
675,0.0,0.0,588.949
676,0.0,0.0,588.949
677,0.0,0.0,588.949
678,0.0,0.0,588.949
679,0.0,0.0,588.949
680,0.0,0.0,588.949
681,0.0,0.0,588.949
682,0.0,0.0,588.949
683,0.0,0.0,588.949
684,0.0,0.0,588.949
685,0.0,0.0,588.949
686,0.0,0.0,588.949
687,0.0,0.0,588.949
688,0.0,0.0,588.949
689,0.0,0.0,588.949
690,0.0,0.0,588.949
691,0.0,0.0,588.949
692,0.0,0.0,588.949
693,0.0,0.0,588.949
694,0.0,0.0,588.949
695,0.0,0.0,588.949
696,0.0,0.0,588.949
697,0.0,0.0,588.949
698,87.5,5.469,582.082
699,100.0,6.25,582.082
700,100.0,6.25,582.586
701,100.0,6.25,582.586
702,100.0,6.25,582.727
703,100.0,6.25,585.027
704,87.5,5.469,585.027
705,100.0,6.25,585.027
706,75.0,4.688,585.027
707,87.5,5.469,585.027
708,100.0,6.25,585.027
709,100.0,6.25,585.027
710,87.5,5.469,585.027
711,100.0,6.25,585.031
712,87.5,5.469,585.348
713,87.5,5.469,585.656
714,78.1,4.881,586.07
715,112.5,7.031,586.477
716,87.5,5.469,588.848
717,100.0,6.25,589.219
718,100.0,6.25,589.594
719,75.0,4.688,589.922
720,100.0,6.25,590.316
721,88.7,5.544,590.715
722,87.5,5.469,591.117
723,75.0,4.688,591.531
724,100.0,6.25,591.887
725,87.5,5.469,592.281
726,100.0,6.25,592.719
727,77.6,4.85,593.074
728,112.5,7.031,593.477
729,100.0,6.25,593.863
730,87.5,5.469,598.219
731,100.0,6.25,598.637
732,89.3,5.581,599.055
733,87.5,5.469,599.473
734,87.5,5.469,599.879
735,100.0,6.25,600.332
736,87.5,5.469,600.656
737,87.5,5.469,600.996
738,88.7,5.544,601.164
739,87.5,5.469,601.336
740,75.0,4.688,601.57
741,87.5,5.469,601.809
742,112.5,7.031,602.102
743,100.0,6.25,602.477
744,87.5,5.469,602.754
745,100.0,6.25,602.906
746,89.3,5.581,603.062
747,100.0,6.25,603.32
748,100.0,6.25,603.719
749,112.5,7.031,603.887
750,100.0,6.25,604.051
751,75.0,4.688,604.207
752,100.0,6.25,604.426
753,88.7,5.544,604.715
754,75.0,4.688,604.863
755,100.0,6.25,605.008
756,75.0,4.688,605.215
757,100.0,6.25,605.402
758,100.0,6.25,605.645
759,100.0,6.25,605.801
760,87.5,5.469,605.977
761,100.0,6.25,606.234
762,88.7,5.544,606.594
763,100.0,6.25,606.883
764,87.5,5.469,607.016
765,112.5,7.031,607.215
766,100.0,6.25,607.465
767,87.5,5.469,607.746
768,87.5,5.469,607.918
769,78.1,4.881,608.152
770,100.0,6.25,608.305
771,112.5,7.031,616.484
772,100.0,6.25,616.695
773,100.0,6.25,617.008
774,100.0,6.25,617.383
775,100.0,6.25,617.785
776,75.0,4.688,617.973
777,66.5,4.156,618.152
778,87.5,5.469,618.309
779,112.5,7.031,618.652
780,75.0,4.688,618.824
781,87.5,5.469,618.973
782,100.0,6.25,619.156
783,87.5,5.469,619.465
784,88.7,5.544,619.719
785,87.5,5.469,619.891
786,112.5,7.031,620.254
787,100.0,6.25,620.719
788,100.0,6.25,621.09
789,100.0,6.25,621.512
790,89.3,5.581,621.973
791,112.5,7.031,622.336
792,100.0,6.25,622.719
793,100.0,6.25,623.105
794,100.0,6.25,623.535
795,88.7,5.544,623.934
796,100.0,6.25,624.367
797,100.0,6.25,624.793
798,100.0,6.25,625.203
799,100.0,6.25,625.613
800,89.3,5.581,626.031
801,112.5,7.031,626.441
802,100.0,6.25,626.855
803,100.0,6.25,627.266
804,100.0,6.25,627.676
805,88.7,5.544,628.102
806,100.0,6.25,628.508
807,112.5,7.031,628.898
808,100.0,6.25,629.285
809,100.0,6.25,629.668
810,100.0,6.25,630.031
811,100.0,6.25,630.426
812,88.7,5.544,630.805
813,100.0,6.25,631.18
814,112.5,7.031,631.562
815,100.0,6.25,631.977
816,100.0,6.25,632.395
817,89.3,5.581,632.812
818,87.5,5.469,633.215
819,100.0,6.25,633.633
820,100.0,6.25,634.047
821,100.0,6.25,634.453
822,100.0,6.25,634.867
823,88.7,5.544,635.328
824,100.0,6.25,635.664
825,112.5,7.031,636.078
826,100.0,6.25,636.516
827,100.0,6.25,636.902
828,100.0,6.25,653.203
829,77.6,4.85,653.57
830,112.5,7.031,653.984
831,100.0,6.25,654.398
832,100.0,6.25,654.832
833,100.0,6.25,655.27
834,78.1,4.881,655.652
835,100.0,6.25,656.078
836,100.0,6.25,656.5
837,100.0,6.25,656.961
838,100.0,6.25,657.398
839,88.7,5.544,657.797
840,112.5,7.031,658.23
841,100.0,6.25,658.641
842,89.3,5.581,659.062
843,100.0,6.25,659.52
844,100.0,6.25,659.879
845,100.0,6.25,660.332
846,100.0,6.25,660.668
847,100.0,6.25,661.047
848,88.7,5.544,661.484
849,100.0,6.25,661.887
850,100.0,6.25,662.312
851,100.0,6.25,662.734
852,87.5,5.469,663.113
853,100.0,6.25,663.523
854,100.0,6.25,663.957
855,100.0,6.25,664.375
856,88.7,5.544,664.832
857,100.0,6.25,665.23
858,100.0,6.25,665.656
859,100.0,6.25,666.086
860,100.0,6.25,666.52
861,100.0,6.25,666.957
862,89.3,5.581,667.344
863,112.5,7.031,667.762
864,100.0,6.25,668.121
865,100.0,6.25,668.531
866,100.0,6.25,668.98
867,100.0,6.25,669.395
868,100.0,6.25,669.789
869,88.7,5.544,670.211
870,100.0,6.25,670.621
871,112.5,7.031,671.043
872,100.0,6.25,671.457
873,100.0,6.25,671.895
874,100.0,6.25,672.281
875,88.7,5.544,672.699
876,100.0,6.25,673.145
877,100.0,6.25,673.531
878,100.0,6.25,673.945
879,100.0,6.25,674.363
880,100.0,6.25,674.824
881,89.3,5.581,675.195
882,100.0,6.25,675.637
883,100.0,6.25,676.012
884,112.5,7.031,676.223
885,100.0,6.25,676.613
886,100.0,6.25,677.023
887,100.0,6.25,677.457
888,95.9,5.994,652.75
889,100.0,6.25,652.75
890,100.0,6.25,652.75
891,87.5,5.469,652.75
892,100.4,6.275,592.129
893,12.5,0.781,592.133
894,28.4,1.775,592.133
895,0.0,0.0,592.133
896,0.0,0.0,592.133
897,0.0,0.0,592.133
898,0.0,0.0,592.133
899,0.0,0.0,592.133
900,0.0,0.0,592.133
901,0.0,0.0,592.133
902,0.0,0.0,592.133
903,0.0,0.0,592.133
904,0.0,0.0,592.133
905,0.0,0.0,592.133
906,0.0,0.0,592.133
907,0.0,0.0,592.133
908,0.0,0.0,592.133
909,0.0,0.0,592.133
910,0.0,0.0,592.133
911,0.0,0.0,592.133
912,0.0,0.0,592.133
913,0.0,0.0,592.133
914,0.0,0.0,592.133
915,0.0,0.0,592.133
916,0.0,0.0,592.133
917,0.0,0.0,592.133
918,0.0,0.0,592.133
919,0.0,0.0,592.133
920,0.0,0.0,592.133
921,0.0,0.0,592.133
922,0.0,0.0,592.133
923,0.0,0.0,592.133
924,0.0,0.0,592.133
925,0.0,0.0,592.133
926,0.0,0.0,592.133
927,0.0,0.0,592.133
928,0.0,0.0,592.133
929,0.0,0.0,592.133
930,0.0,0.0,592.133
931,0.0,0.0,592.133
932,0.0,0.0,592.133
933,0.0,0.0,592.133
934,0.0,0.0,592.133
935,0.0,0.0,592.133
936,0.0,0.0,592.133
937,0.0,0.0,592.133
938,0.0,0.0,592.133
939,0.0,0.0,592.133
940,0.0,0.0,592.133
941,0.0,0.0,592.133
942,0.0,0.0,592.133
943,0.0,0.0,592.133
944,0.0,0.0,592.133
945,0.0,0.0,592.133
946,0.0,0.0,592.133
947,0.0,0.0,592.133
948,0.0,0.0,592.133
949,16.8,1.05,592.133
950,0.0,0.0,592.133
951,0.0,0.0,592.133
952,0.0,0.0,592.133
953,0.0,0.0,592.133
954,0.0,0.0,592.133
955,0.0,0.0,592.133
956,0.0,0.0,592.133
957,0.0,0.0,592.137
958,0.0,0.0,592.137
959,0.0,0.0,592.137
960,0.0,0.0,592.137
961,0.0,0.0,592.137
962,0.0,0.0,592.137
963,0.0,0.0,592.137
964,0.0,0.0,592.137
965,0.0,0.0,592.137
966,0.0,0.0,592.137
967,28.4,1.775,592.172
968,0.0,0.0,592.172
969,0.0,0.0,592.172
970,0.0,0.0,592.172
971,0.0,0.0,592.172
972,0.0,0.0,592.172
973,0.0,0.0,592.188
974,0.0,0.0,592.188
975,0.0,0.0,592.188
976,0.0,0.0,592.188
977,0.0,0.0,592.188
978,0.0,0.0,592.188
979,0.0,0.0,592.188
980,0.0,0.0,592.188
981,0.0,0.0,592.188
982,0.0,0.0,592.188
983,0.0,0.0,592.188
984,0.0,0.0,592.188
985,0.0,0.0,592.188
986,0.0,0.0,592.188
987,0.0,0.0,592.188
988,0.0,0.0,592.188
989,0.0,0.0,592.188
990,0.0,0.0,592.188
991,0.0,0.0,592.188
992,0.0,0.0,592.188
993,0.0,0.0,592.188
994,0.0,0.0,592.188
995,16.6,1.038,592.188
996,0.0,0.0,592.188
997,0.0,0.0,592.188
998,0.0,0.0,592.188
999,0.0,0.0,592.188
1000,0.0,0.0,592.188
1001,0.0,0.0,592.188
1002,0.0,0.0,592.188
1003,0.0,0.0,592.188
1004,0.0,0.0,592.188
1005,0.0,0.0,592.188
1006,0.0,0.0,592.188
1007,0.0,0.0,592.188
1008,0.0,0.0,592.188
1009,0.0,0.0,592.191
1010,16.8,1.05,592.191
1011,0.0,0.0,592.191
1012,0.0,0.0,592.191
1013,0.0,0.0,592.191
1014,0.0,0.0,592.191
1015,0.0,0.0,592.191
1016,0.0,0.0,592.191
1017,0.0,0.0,592.191
1018,0.0,0.0,592.191
1019,16.6,1.038,592.191
1020,0.0,0.0,592.191
1021,0.0,0.0,592.191
1022,0.0,0.0,592.191
1023,0.0,0.0,592.191
1024,0.0,0.0,592.191
1025,0.0,0.0,592.191
1026,0.0,0.0,592.191
1027,0.0,0.0,592.191
1028,0.0,0.0,592.191
1029,0.0,0.0,592.191
1030,0.0,0.0,592.191
1031,0.0,0.0,592.191
1032,0.0,0.0,592.191
1033,0.0,0.0,592.191
1034,0.0,0.0,592.191
1035,0.0,0.0,592.191
1036,0.0,0.0,592.191
1037,0.0,0.0,592.191
1038,0.0,0.0,592.191
1039,0.0,0.0,592.191
1040,0.0,0.0,592.191
1041,75.0,4.688,584.211
1042,87.5,5.469,584.715
1043,99.4,6.213,584.715
1044,87.5,5.469,584.871
1045,50.1,3.131,587.086
1046,87.5,5.469,587.133
1047,86.0,5.375,587.133
1048,87.5,5.469,587.133
1049,100.0,6.25,587.133
1050,100.0,6.25,587.133
1051,100.0,6.25,589.133
1052,87.5,5.469,589.445
1053,100.0,6.25,590.133
1054,87.5,5.469,590.652
1055,50.0,3.125,591.008
1056,99.4,6.213,591.535
1057,100.0,6.25,592.215
1058,87.5,5.469,592.754
1059,100.0,6.25,593.484
1060,87.5,5.469,598.152
1061,100.0,6.25,598.879
1062,100.0,6.25,599.559
1063,87.5,5.469,600.195
1064,87.5,5.469,600.859
1065,87.5,5.469,601.547
1066,87.5,5.469,602.062
1067,100.3,6.269,602.523
1068,75.0,4.688,602.973
1069,100.0,6.25,603.5
1070,87.5,5.469,604.195
1071,87.5,5.469,604.789
1072,75.0,4.688,605.215
1073,62.5,3.906,605.777
1074,100.0,6.25,606.387
1075,87.5,5.469,607.023
1076,100.0,6.25,607.691
1077,100.0,6.25,608.363
1078,100.0,6.25,617.031
1079,75.0,4.688,617.574
1080,100.3,6.269,618.238
1081,100.0,6.25,618.941
1082,88.7,5.544,619.738
1083,100.3,6.269,620.426
1084,88.7,5.544,621.086
1085,114.7,7.169,621.723
1086,87.5,5.469,622.414
1087,100.0,6.25,623.078
1088,87.5,5.469,623.703
1089,113.6,7.1,624.32
1090,86.0,5.375,624.938
1091,100.3,6.269,625.5
1092,87.5,5.469,626.113
1093,100.0,6.25,626.766
1094,75.0,4.688,627.402
1095,87.5,5.469,628.055
1096,87.5,5.469,628.695
1097,100.0,6.25,629.391
1098,100.0,6.25,630.082
1099,85.2,5.325,630.672
1100,71.7,4.481,631.199
1101,87.5,5.469,631.801
1102,100.0,6.25,632.387
1103,100.0,6.25,632.875
1104,75.0,4.688,633.453
1105,100.0,6.25,634.129
1106,100.0,6.25,634.859
1107,99.4,6.213,635.422
1108,100.0,6.25,636.008
1109,100.0,6.25,636.598
1110,100.0,6.25,637.164
1111,100.3,6.269,653.672
1112,100.0,6.25,654.215
1113,87.5,5.469,654.809
1114,62.5,3.906,655.234
1115,100.3,6.269,655.859
1116,87.5,5.469,656.461
1117,99.4,6.213,657.117
1118,87.5,5.469,657.785
1119,100.0,6.25,658.477
1120,100.0,6.25,659.133
1121,100.3,6.269,659.777
1122,100.0,6.25,660.434
1123,100.0,6.25,661.102
1124,87.5,5.469,661.746
1125,87.5,5.469,662.359
1126,86.0,5.375,662.91
1127,75.0,4.688,663.422
1128,44.3,2.769,663.875
1129,87.5,5.469,664.09
1130,75.0,4.688,664.254
1131,100.0,6.25,664.48
1132,62.5,3.906,664.668
1133,100.0,6.25,664.852
1134,100.0,6.25,665.0
1135,87.5,5.469,665.211
1136,100.0,6.25,665.613
1137,100.0,6.25,665.879
1138,88.7,5.544,666.234
1139,100.0,6.25,666.602
1140,100.0,6.25,666.945
1141,87.5,5.469,667.363
1142,100.0,6.25,667.719
1143,100.0,6.25,668.129
1144,87.5,5.469,668.543
1145,87.5,5.469,668.934
1146,89.3,5.581,669.328
1147,100.0,6.25,669.723
1148,87.5,5.469,670.098
1149,112.5,7.031,670.551
1150,100.0,6.25,670.863
1151,87.5,5.469,671.238
1152,87.5,5.469,671.551
1153,100.0,6.25,671.918
1154,87.5,5.469,672.305
1155,100.0,6.25,672.68
1156,100.0,6.25,672.992
1157,77.6,4.85,673.164
1158,75.0,4.688,673.461
1159,75.0,4.688,673.703
1160,100.0,6.25,673.992
1161,112.5,7.031,674.164
1162,100.0,6.25,674.52
1163,87.5,5.469,674.871
1164,75.0,4.688,675.246
1165,87.5,5.469,675.547
1166,100.0,6.25,675.902
1167,100.0,6.25,676.129
1168,88.7,5.544,676.523
1169,87.5,5.469,676.906
1170,62.5,3.906,677.109
1171,100.0,6.25,677.367
1172,100.0,6.25,677.559
1173,91.9,5.744,652.797
1174,78.1,4.881,593.172
1175,16.6,1.038,593.18
1176,14.2,0.887,593.586
1177,0.0,0.0,593.602
1178,0.0,0.0,593.602
1179,14.3,0.894,593.629
1180,14.2,0.887,593.676
1181,0.0,0.0,593.676
1182,0.0,0.0,593.676
1183,0.0,0.0,593.676
1184,62.5,3.906,585.102
1185,100.0,6.25,585.508
1186,100.0,6.25,585.508
1187,87.5,5.469,585.508
1188,89.3,5.581,585.508
1189,87.5,5.469,587.512
1190,100.0,6.25,587.512
1191,100.0,6.25,587.512
1192,87.5,5.469,587.824
1193,100.0,6.25,587.949
1194,100.0,6.25,587.949
1195,100.0,6.25,587.949
1196,87.5,5.469,587.949
1197,100.0,6.25,587.949
1198,100.0,6.25,587.949
1199,87.5,5.469,587.949
1200,88.7,5.544,587.949
1201,100.0,6.25,587.949
1202,112.5,7.031,587.949
1203,100.0,6.25,587.949
1204,87.5,5.469,587.949
1205,100.0,6.25,589.949
1206,88.7,5.544,589.949
1207,100.0,6.25,589.949
1208,87.5,5.469,589.949
1209,112.5,7.031,589.949
1210,100.0,6.25,589.949
1211,87.5,5.469,589.949
1212,75.0,4.688,589.949
1213,100.0,6.25,590.02
1214,87.5,5.469,590.238
1215,100.0,6.25,590.582
1216,89.3,5.581,590.77
1217,100.0,6.25,591.082
1218,87.5,5.469,591.301
1219,100.0,6.25,591.527
1220,100.0,6.25,591.77
1221,50.0,3.125,592.02
1222,87.5,5.469,592.277
1223,100.0,6.25,592.453
1224,62.5,3.906,592.648
1225,100.0,6.25,592.895
1226,100.0,6.25,597.074
1227,87.5,5.469,597.336
1228,75.0,4.688,597.688
1229,87.5,5.469,598.031
1230,100.0,6.25,598.395
1231,77.6,4.85,598.645
1232,75.0,4.688,598.887
1233,100.0,6.25,599.137
1234,100.0,6.25,599.332
1235,100.0,6.25,599.547
1236,87.5,5.469,599.816
1237,100.0,6.25,600.109
1238,87.5,5.469,600.395
1239,87.5,5.469,600.695
1240,77.6,4.85,600.949
1241,75.0,4.688,601.191
1242,75.0,4.688,601.414
1243,114.7,7.169,601.637
1244,87.5,5.469,601.824
1245,88.7,5.544,602.094
1246,100.0,6.25,602.316
1247,87.5,5.469,602.57
1248,87.5,5.469,602.793
1249,100.0,6.25,603.02
1250,100.0,6.25,603.219
1251,100.0,6.25,603.461
1252,87.5,5.469,603.723
1253,100.0,6.25,603.953
1254,89.3,5.581,604.156
1255,100.0,6.25,604.355
1256,100.0,6.25,604.574
1257,87.5,5.469,604.762
1258,75.0,4.688,605.023
1259,87.5,5.469,605.277
1260,87.5,5.469,605.641
1261,100.0,6.25,605.875
1262,100.0,6.25,606.102
1263,88.7,5.544,606.301
1264,100.0,6.25,606.492
1265,100.0,6.25,606.691
1266,87.5,5.469,606.891
1267,100.0,6.25,607.141
1268,100.0,6.25,607.309
1269,87.5,5.469,615.512
1270,87.5,5.469,615.766
1271,78.1,4.881,615.953
1272,100.0,6.25,616.117
1273,87.5,5.469,616.309
1274,100.0,6.25,616.512
1275,87.5,5.469,616.727
1276,100.0,6.25,616.91
1277,50.0,3.125,617.148
1278,100.0,6.25,617.352
1279,87.5,5.469,617.535
1280,100.0,6.25,617.777
1281,100.0,6.25,618.039
1282,100.0,6.25,618.328
1283,100.0,6.25,618.578
1284,77.6,4.85,618.797
1285,100.0,6.25,619.105
1286,87.5,5.469,619.387
1287,100.0,6.25,619.645
1288,100.0,6.25,619.895
1289,100.0,6.25,620.172
1290,100.0,6.25,620.477
1291,100.0,6.25,620.789
1292,100.0,6.25,620.984
1293,88.7,5.544,621.207
1294,87.5,5.469,621.434
1295,87.5,5.469,621.742
1296,75.0,4.688,622.082
1297,75.0,4.688,622.27
1298,75.0,4.688,622.465
1299,87.5,5.469,622.711
1300,75.0,4.688,622.984
1301,87.5,5.469,623.297
1302,62.5,3.906,623.645
1303,100.0,6.25,623.789
1304,100.0,6.25,623.957
1305,78.1,4.881,624.145
1306,75.0,4.688,624.27
1307,87.5,5.469,624.438
1308,100.0,6.25,624.645
1309,62.5,3.906,624.887
1310,100.0,6.25,625.098
1311,100.0,6.25,625.336
1312,100.0,6.25,625.543
1313,100.0,6.25,625.746
1314,87.5,5.469,625.965
1315,87.5,5.469,626.207
1316,100.0,6.25,626.41
1317,66.5,4.156,626.676
1318,87.5,5.469,626.984
1319,87.5,5.469,627.184
1320,100.0,6.25,627.34
1321,87.5,5.469,627.496
1322,100.0,6.25,627.66
1323,87.5,5.469,627.848
1324,100.0,6.25,628.043
1325,100.0,6.25,628.262
1326,77.6,4.85,628.469
1327,87.5,5.469,628.699
1328,75.0,4.688,628.84
1329,87.5,5.469,629.035
1330,100.0,6.25,629.312
1331,87.5,5.469,629.438
1332,100.0,6.25,629.609
1333,75.0,4.688,629.762
1334,87.5,5.469,629.969
1335,87.5,5.469,630.145
1336,87.5,5.469,630.375
1337,87.5,5.469,630.562
1338,87.5,5.469,630.75
1339,100.0,6.25,630.949
1340,87.5,5.469,631.156
1341,87.5,5.469,631.309
1342,67.0,4.188,631.449
1343,100.0,6.25,631.633
1344,87.5,5.469,631.801
1345,112.5,7.031,631.961
1346,75.0,4.688,632.102
1347,100.0,6.25,632.312
1348,100.0,6.25,632.5
1349,100.0,6.25,632.633
1350,87.5,5.469,632.82
1351,88.7,5.544,632.988
1352,87.5,5.469,633.145
1353,100.0,6.25,633.328
1354,87.5,5.469,633.508
1355,100.0,6.25,633.668
1356,87.5,5.469,633.875
1357,100.0,6.25,634.004
1358,87.5,5.469,634.199
1359,100.0,6.25,634.383
1360,100.0,6.25,634.578
1361,100.0,6.25,634.777
1362,87.5,5.469,634.988
1363,89.3,5.581,635.184
1364,62.5,3.906,635.383
1365,87.5,5.469,635.629
1366,87.5,5.469,635.805
1367,75.0,4.688,635.941
1368,99.7,6.231,652.062
1369,87.5,5.469,652.203
1370,100.0,6.25,652.355
1371,87.5,5.469,652.527
1372,100.0,6.25,652.73
1373,100.0,6.25,652.941
1374,88.7,5.544,653.129
1375,87.5,5.469,653.27
1376,75.0,4.688,653.445
1377,100.0,6.25,653.629
1378,75.0,4.688,653.801
1379,87.5,5.469,654.02
1380,87.5,5.469,654.188
1381,100.0,6.25,654.363
1382,87.5,5.469,654.605
1383,100.0,6.25,654.797
1384,100.0,6.25,655.055
1385,100.0,6.25,655.227
1386,89.3,5.581,655.555
1387,100.0,6.25,655.906
1388,100.0,6.25,656.32
1389,100.0,6.25,656.664
1390,87.5,5.469,656.887
1391,87.5,5.469,657.074
1392,87.5,5.469,657.246
1393,100.0,6.25,657.43
1394,100.0,6.25,657.543
1395,87.5,5.469,657.742
1396,87.5,5.469,657.867
1397,88.7,5.544,658.008
1398,75.0,4.688,658.16
1399,87.5,5.469,658.336
1400,87.5,5.469,658.504
1401,100.0,6.25,658.672
1402,87.5,5.469,658.863
1403,100.0,6.25,659.031
1404,100.0,6.25,659.238
1405,87.5,5.469,659.434
1406,88.7,5.544,659.594
1407,100.0,6.25,659.77
1408,100.0,6.25,659.941
1409,112.5,7.031,660.109
1410,100.0,6.25,660.332
1411,87.5,5.469,660.512
1412,100.0,6.25,660.68
1413,100.0,6.25,660.805
1414,100.0,6.25,660.98
1415,100.0,6.25,661.145
1416,78.1,4.881,661.309
1417,87.5,5.469,661.48
1418,87.5,5.469,661.668
1419,100.0,6.25,661.832
1420,100.0,6.25,662.043
1421,75.0,4.688,662.242
1422,87.5,5.469,662.465
1423,100.0,6.25,662.727
1424,87.5,5.469,662.93
1425,87.5,5.469,663.117
1426,88.7,5.544,663.211
1427,87.5,5.469,663.383
1428,100.0,6.25,663.617
1429,112.5,7.031,663.812
1430,100.0,6.25,664.074
1431,100.0,6.25,664.324
1432,100.0,6.25,664.543
1433,75.0,4.688,664.762
1434,100.3,6.269,664.965
1435,87.5,5.469,665.152
1436,87.5,5.469,665.309
1437,113.6,7.1,665.477
1438,100.3,6.269,665.637
1439,87.5,5.469,665.809
1440,87.5,5.469,665.965
1441,100.0,6.25,666.18
1442,100.0,6.25,666.352
1443,71.7,4.481,666.508
1444,100.0,6.25,666.688
1445,87.5,5.469,666.906
1446,99.4,6.213,667.062
1447,86.0,5.375,667.258
1448,100.0,6.25,667.492
1449,100.0,6.25,667.633
1450,86.0,5.375,667.801
1451,87.5,5.469,667.957
1452,113.6,7.1,668.145
1453,86.0,5.375,668.309
1454,99.4,6.213,668.496
1455,114.7,7.169,668.637
1456,87.5,5.469,668.871
1457,100.3,6.269,669.059
1458,99.4,6.213,669.176
1459,114.7,7.169,669.332
1460,100.3,6.269,669.551
1461,100.0,6.25,669.789
1462,87.5,5.469,669.988
1463,99.4,6.213,670.129
1464,87.5,5.469,670.316
1465,100.0,6.25,670.484
1466,100.3,6.269,670.617
1467,87.5,5.469,670.777
1468,113.6,7.1,670.992
1469,87.5,5.469,671.246
1470,100.0,6.25,671.496
1471,87.5,5.469,671.629
1472,100.0,6.25,671.816
1473,75.0,4.688,672.105
1474,100.0,6.25,672.426
1475,87.5,5.469,672.812
1476,100.0,6.25,673.191
1477,89.3,5.581,673.535
1478,100.0,6.25,673.93
1479,100.0,6.25,674.281
1480,87.5,5.469,674.629
1481,87.5,5.469,674.949
1482,100.0,6.25,675.188
1483,100.0,6.25,675.516
1484,100.0,6.25,675.879
1485,100.0,6.25,676.316
1486,91.7,5.731,651.887
1487,87.5,5.469,595.262
1488,113.6,7.1,587.156
1489,89.3,5.581,589.16
1490,100.0,6.25,589.16
1491,112.5,7.031,589.16
1492,99.4,6.213,589.16
1493,100.0,6.25,589.16
1494,87.5,5.469,589.16
1495,100.0,6.25,591.16
1496,100.3,6.269,591.164
1497,100.3,6.269,591.164
1498,87.5,5.469,591.164
1499,100.0,6.25,591.164
1500,99.4,6.213,591.164
1501,75.0,4.688,591.285
1502,100.0,6.25,591.875
1503,100.0,6.25,592.527
1504,114.7,7.169,593.098
1505,100.0,6.25,597.629
1506,100.0,6.25,598.289
1507,100.0,6.25,598.914
1508,66.5,4.156,599.387
1509,100.0,6.25,600.039
1510,100.0,6.25,600.926
1511,100.0,6.25,601.594
1512,100.0,6.25,602.293
1513,87.5,5.469,602.93
1514,112.5,7.031,603.656
1515,100.0,6.25,604.391
1516,100.0,6.25,605.156
1517,87.5,5.469,605.844
1518,100.0,6.25,606.531
1519,87.5,5.469,607.141
1520,100.0,6.25,616.094
1521,87.5,5.469,616.785
1522,86.0,5.375,617.281
1523,100.3,6.269,617.777
1524,62.5,3.906,618.242
1525,100.0,6.25,618.691
1526,99.4,6.213,619.191
1527,100.0,6.25,619.586
1528,87.5,5.469,620.039
1529,100.0,6.25,620.57
1530,71.7,4.481,621.086
1531,100.0,6.25,621.621
1532,87.5,5.469,622.25
1533,88.7,5.544,622.977
1534,114.7,7.169,623.602
1535,100.0,6.25,624.219
1536,87.5,5.469,624.914
1537,100.0,6.25,625.531
1538,100.0,6.25,626.289
1539,88.7,5.544,627.004
1540,100.0,6.25,627.742
1541,100.0,6.25,628.508
1542,100.0,6.25,629.25
1543,87.5,5.469,629.941
1544,75.0,4.688,630.691
1545,100.0,6.25,631.441
1546,100.0,6.25,632.195
1547,114.7,7.169,632.926
1548,77.6,4.85,633.664
1549,100.0,6.25,634.398
1550,100.0,6.25,635.148
1551,114.7,7.169,635.863
1552,100.0,6.25,652.531
1553,77.6,4.85,653.227
1554,87.5,5.469,653.953
1555,114.7,7.169,654.625
1556,100.0,6.25,655.41
1557,100.0,6.25,656.105
1558,88.7,5.544,656.863
1559,100.0,6.25,657.57
1560,114.7,7.169,658.289
1561,87.5,5.469,659.023
1562,88.7,5.544,659.777
1563,100.0,6.25,660.539
1564,114.7,7.169,661.25
1565,100.0,6.25,661.934
1566,100.0,6.25,662.664
1567,100.0,6.25,663.441
1568,87.5,5.469,664.129
1569,100.0,6.25,664.887
1570,100.0,6.25,665.598
1571,88.7,5.544,666.367
1572,100.0,6.25,667.145
1573,100.3,6.269,667.816
1574,100.0,6.25,668.645
1575,88.7,5.544,669.395
1576,87.5,5.469,670.125
1577,114.7,7.169,670.832
1578,87.5,5.469,671.562
1579,88.7,5.544,672.328
1580,100.0,6.25,673.109
1581,114.7,7.169,673.816
1582,100.0,6.25,674.566
1583,66.5,4.156,675.207
1584,100.0,6.25,675.934
1585,87.5,5.469,676.668
1586,97.7,6.106,651.895
1587,85.2,5.325,597.27
1588,0.0,0.0,597.746
1589,0.0,0.0,597.746
1590,0.0,0.0,597.746
1591,0.0,0.0,597.746
1592,0.0,0.0,597.777
1593,0.0,0.0,597.777
1594,0.0,0.0,597.797
1595,0.0,0.0,597.797
1596,0.0,0.0,597.926
1597,50.0,3.125,599.27
1598,25.0,1.562,598.605
1599,0.0,0.0,598.605
1600,0.0,0.0,598.605
1601,0.0,0.0,598.605
1602,0.0,0.0,598.605
1603,0.0,0.0,598.605
1604,0.0,0.0,598.605
1605,0.0,0.0,598.617
1606,25.0,1.562,599.516
1607,75.0,4.688,599.691
1608,100.0,6.25,599.691
1609,88.7,5.544,601.695
1610,100.0,6.25,601.695
1611,112.5,7.031,601.695
1612,100.0,6.25,601.695
1613,100.0,6.25,601.695
1614,100.0,6.25,603.695
1615,100.0,6.25,603.695
1616,100.0,6.25,603.695
1617,100.0,6.25,603.695
1618,100.0,6.25,603.695
1619,100.0,6.25,603.695
1620,100.0,6.25,603.695
1621,87.5,5.469,607.695
1622,100.0,6.25,607.695
1623,100.0,6.25,607.695
1624,75.0,4.688,607.695
1625,89.3,5.581,607.695
1626,100.0,6.25,608.047
1627,100.0,6.25,608.82
1628,100.0,6.25,609.613
1629,88.7,5.544,610.371
1630,114.7,7.169,611.031
1631,100.0,6.25,611.773
1632,62.5,3.906,612.559
1633,77.6,4.85,613.273
1634,114.7,7.169,613.934
1635,87.5,5.469,622.621
1636,77.6,4.85,623.371
1637,100.0,6.25,624.047
1638,100.0,6.25,624.727
1639,100.0,6.25,625.316
1640,87.5,5.469,625.863
1641,87.5,5.469,626.488
1642,100.0,6.25,627.148
1643,62.5,3.906,627.734
1644,100.0,6.25,628.426
1645,62.5,3.906,628.984
1646,86.0,5.375,629.586
1647,100.0,6.25,630.219
1648,100.0,6.25,630.871
1649,100.0,6.25,631.473
1650,100.0,6.25,632.195
1651,87.5,5.469,632.793
1652,75.0,4.688,633.461
1653,56.8,3.55,634.055
1654,87.5,5.469,634.648
1655,100.0,6.25,635.242
1656,100.0,6.25,635.867
1657,75.0,4.688,636.469
1658,75.0,4.688,637.125
1659,100.3,6.269,637.75
1660,77.6,4.85,638.43
1661,100.0,6.25,639.066
1662,100.3,6.269,639.707
1663,87.5,5.469,640.395
1664,87.5,5.469,641.008
1665,112.5,7.031,641.625
1666,100.0,6.25,642.32
1667,87.5,5.469,658.871
1668,100.0,6.25,659.473
1669,87.5,5.469,660.109
1670,100.0,6.25,660.766
1671,100.0,6.25,661.496
1672,100.0,6.25,662.184
1673,100.0,6.25,662.824
1674,88.7,5.544,663.551
1675,100.0,6.25,664.273
1676,100.3,6.269,664.941
1677,88.7,5.544,665.711
1678,100.0,6.25,666.434
1679,100.0,6.25,667.137
1680,112.5,7.031,667.832
1681,100.0,6.25,668.535
1682,100.0,6.25,669.277
1683,100.0,6.25,670.008
1684,100.0,6.25,670.742
1685,89.3,5.581,671.473
1686,112.5,7.031,672.215
1687,100.0,6.25,672.957
1688,87.5,5.469,673.676
1689,100.0,6.25,674.34
1690,100.0,6.25,675.059
1691,100.0,6.25,675.812
1692,100.0,6.25,676.516
1693,87.5,5.469,677.176
1694,100.0,6.25,677.836
1695,87.5,5.469,678.543
1696,88.7,5.544,679.102
1697,100.3,6.269,679.75
1698,87.5,5.469,680.324
1699,88.7,5.544,681.023
1700,100.0,6.25,681.645
1701,112.5,7.031,682.16
1702,87.5,5.469,682.77
1703,95.9,5.994,658.297
1704,100.0,6.25,606.684
1705,14.3,0.894,606.684
1706,14.3,0.894,606.684
1707,0.0,0.0,606.684
1708,0.0,0.0,606.684
1709,0.0,0.0,606.684
1710,14.3,0.894,606.707
1711,14.3,0.894,606.73
1712,0.0,0.0,606.754
1713,0.0,0.0,606.785
1714,0.0,0.0,607.391
1715,12.5,0.781,613.055
1716,42.6,2.663,609.707
1717,0.0,0.0,609.715
1718,0.0,0.0,609.715
1719,0.0,0.0,609.715
1720,0.0,0.0,609.719
1721,14.2,0.887,610.105
1722,0.0,0.0,610.148
1723,14.3,0.894,610.152
1724,0.0,0.0,610.164
1725,0.0,0.0,610.785
1726,25.0,1.562,615.223
1727,87.5,5.469,611.895
1728,100.0,6.25,611.895
1729,100.3,6.269,613.898
1730,100.0,6.25,613.898
1731,88.7,5.544,613.898
1732,100.0,6.25,613.898
1733,114.7,7.169,613.898
1734,100.0,6.25,613.898
1735,87.5,5.469,615.898
1736,100.0,6.25,615.898
1737,100.0,6.25,615.898
1738,100.0,6.25,615.898
1739,100.0,6.25,615.898
1740,100.0,6.25,615.898
1741,75.0,4.688,615.898
1742,100.0,6.25,619.898
1743,100.0,6.25,619.898
1744,100.0,6.25,619.898
1745,100.0,6.25,619.898
1746,100.0,6.25,619.898
1747,100.0,6.25,619.898
1748,100.0,6.25,619.898
1749,100.0,6.25,619.898
1750,100.3,6.269,619.898
1751,88.7,5.544,619.898
1752,100.0,6.25,619.898
1753,100.0,6.25,619.898
1754,114.7,7.169,619.898
1755,100.0,6.25,619.898
1756,100.0,6.25,620.273
1757,88.7,5.544,628.957
1758,100.0,6.25,629.695
1759,114.7,7.169,630.418
1760,100.0,6.25,631.086
1761,100.0,6.25,631.621
1762,88.7,5.544,632.355
1763,114.7,7.169,633.02
1764,100.0,6.25,633.734
1765,88.7,5.544,634.398
1766,100.0,6.25,635.094
1767,100.3,6.269,635.711
1768,100.0,6.25,636.387
1769,88.7,5.544,637.117
1770,100.0,6.25,637.719
1771,114.7,7.169,638.285
1772,100.0,6.25,638.934
1773,100.0,6.25,639.613
1774,100.0,6.25,640.254
1775,100.0,6.25,640.938
1776,100.0,6.25,641.578
1777,100.0,6.25,642.215
1778,100.0,6.25,642.812
1779,87.5,5.469,643.422
1780,75.0,4.688,643.93
1781,87.5,5.469,644.516
1782,100.0,6.25,645.188
1783,113.6,7.1,645.766
1784,87.5,5.469,646.316
1785,112.5,7.031,646.891
1786,86.0,5.375,647.426
1787,100.0,6.25,648.043
1788,87.5,5.469,648.484
1789,86.0,5.375,648.887
1790,87.5,5.469,649.305
1791,113.6,7.1,665.637
1792,100.0,6.25,666.145
1793,75.0,4.688,666.648
1794,114.7,7.169,667.082
1795,71.0,4.438,667.457
1796,100.0,6.25,667.965
1797,114.7,7.169,668.434
1798,75.0,4.688,668.906
1799,114.7,7.169,669.348
1800,99.4,6.213,669.902
1801,87.5,5.469,670.395
1802,86.0,5.375,670.785
1803,86.0,5.375,671.176
1804,100.0,6.25,671.559
1805,100.0,6.25,672.152
1806,87.5,5.469,672.758
1807,113.6,7.1,673.355
1808,100.0,6.25,673.945
1809,100.0,6.25,674.598
1810,100.0,6.25,675.293
1811,100.0,6.25,675.953
1812,100.0,6.25,676.66
1813,100.0,6.25,677.406
1814,89.3,5.581,678.09
1815,113.6,7.1,678.801
1816,100.0,6.25,679.477
1817,89.3,5.581,680.09
1818,100.0,6.25,680.695
1819,113.6,7.1,681.273
1820,89.3,5.581,681.938
1821,100.0,6.25,682.699
1822,112.5,7.031,683.34
1823,100.0,6.25,684.008
1824,99.4,6.213,684.473
1825,89.3,5.581,685.23
1826,100.0,6.25,686.012
1827,87.5,5.469,686.711
1828,87.5,5.469,687.375
1829,100.0,6.25,688.074
1830,87.5,5.469,688.559
1831,112.5,7.031,689.242
1832,87.5,5.469,689.883
1833,100.0,6.25,666.703
1834,99.7,6.231,620.078
1835,14.3,0.894,620.078
1836,0.0,0.0,620.078
1837,0.0,0.0,620.078
1838,0.0,0.0,620.078
1839,0.0,0.0,620.078
1840,0.0,0.0,620.078
1841,0.0,0.0,620.078
1842,0.0,0.0,620.078
1843,0.0,0.0,620.078
1844,12.5,0.781,620.078
1845,14.3,0.894,620.086
1846,16.6,1.038,620.086
1847,0.0,0.0,620.086
1848,0.0,0.0,620.086
1849,0.0,0.0,620.086
1850,0.0,0.0,620.086
1851,0.0,0.0,620.086
1852,0.0,0.0,620.086
1853,0.0,0.0,620.086
1854,0.0,0.0,620.086
1855,0.0,0.0,620.086
1856,12.5,0.781,615.855
1857,87.5,5.469,615.855
1858,100.0,6.25,617.859
1859,100.0,6.25,617.859
1860,100.0,6.25,617.859
1861,100.0,6.25,617.859
1862,100.0,6.25,617.859
1863,87.5,5.469,617.859
1864,100.0,6.25,619.859
1865,100.0,6.25,619.859
1866,100.0,6.25,619.859
1867,100.0,6.25,619.859
1868,87.5,5.469,619.859
1869,100.0,6.25,619.859
1870,89.3,5.581,619.859
1871,100.0,6.25,619.859
1872,113.6,7.1,623.859
1873,100.0,6.25,623.859
1874,89.3,5.581,623.859
1875,100.0,6.25,623.859
1876,99.4,6.213,623.859
1877,87.5,5.469,623.859
1878,100.0,6.25,623.859
1879,78.1,4.881,623.859
1880,113.6,7.1,623.859
1881,100.0,6.25,623.859
1882,100.0,6.25,623.859
1883,89.3,5.581,623.859
1884,99.4,6.213,623.859
1885,100.0,6.25,623.859
1886,100.0,6.25,623.859
1887,89.3,5.581,623.859
1888,87.5,5.469,631.859
1889,113.6,7.1,631.859
1890,100.0,6.25,631.996
1891,100.0,6.25,632.699
1892,100.0,6.25,633.484
1893,100.0,6.25,633.992
1894,100.0,6.25,634.738
1895,87.5,5.469,635.426
1896,100.0,6.25,636.035
1897,100.0,6.25,636.602
1898,75.0,4.688,637.238
1899,100.0,6.25,637.98
1900,87.5,5.469,638.691
1901,87.5,5.469,639.34
1902,100.0,6.25,640.105
1903,100.0,6.25,640.746
1904,100.0,6.25,641.469
1905,100.0,6.25,642.223
1906,89.3,5.581,642.988
1907,100.0,6.25,643.723
1908,100.0,6.25,644.414
1909,87.5,5.469,645.078
1910,87.5,5.469,645.746
1911,100.0,6.25,646.301
1912,100.0,6.25,647.051
1913,100.0,6.25,647.762
1914,87.5,5.469,648.387
1915,87.5,5.469,649.164
1916,100.0,6.25,649.742
1917,112.5,7.031,650.414
1918,87.5,5.469,666.977
1919,100.0,6.25,667.68
1920,100.0,6.25,668.375
1921,112.5,7.031,669.102
1922,87.5,5.469,669.738
1923,100.0,6.25,670.48
1924,100.0,6.25,671.137
1925,100.0,6.25,671.848
1926,112.5,7.031,672.602
1927,85.2,5.325,673.289
1928,89.3,5.581,673.863
1929,100.0,6.25,674.391
1930,100.0,6.25,675.105
1931,113.6,7.1,675.762
1932,100.0,6.25,676.383
1933,100.0,6.25,677.043
1934,89.3,5.581,677.734
1935,100.0,6.25,678.453
1936,112.5,7.031,679.18
1937,100.0,6.25,679.902
1938,100.0,6.25,680.676
1939,87.5,5.469,681.281
1940,100.0,6.25,681.934
1941,100.0,6.25,682.648
1942,100.0,6.25,683.363
1943,100.0,6.25,684.051
1944,87.5,5.469,684.691
1945,100.0,6.25,685.383
1946,100.0,6.25,686.098
1947,100.0,6.25,686.746
1948,100.0,6.25,687.363
1949,100.0,6.25,687.914
1950,99.4,6.213,688.367
1951,100.3,6.269,688.883
1952,99.7,6.231,689.441
1953,87.5,5.469,689.902
1954,100.3,6.269,690.473
1955,87.5,5.469,690.98
1956,99.4,6.213,691.41
1957,98.0,6.125,667.074
1958,100.0,6.25,667.078
1959,37.5,2.344,622.453
1960,14.3,0.894,622.453
1961,14.2,0.887,622.477
1962,0.0,0.0,622.477
1963,0.0,0.0,622.477
1964,14.2,0.887,622.488
1965,0.0,0.0,622.488
1966,0.0,0.0,622.488
1967,25.0,1.562,622.488
1968,0.0,0.0,622.488
1969,14.3,0.894,622.488
1970,0.0,0.0,622.488
1971,14.3,0.894,620.793
1972,0.0,0.0,620.793
1973,0.0,0.0,620.793
1974,62.5,3.906,610.777
1975,75.0,4.688,610.789
1976,100.3,6.269,612.793
1977,87.5,5.469,612.793
1978,100.0,6.25,612.793
1979,114.7,7.169,612.793
1980,100.0,6.25,612.793
1981,88.7,5.544,612.793
1982,87.5,5.469,612.793
1983,114.7,7.169,612.793
1984,87.5,5.469,614.793
1985,100.0,6.25,614.793
1986,77.6,4.85,614.793
1987,114.7,7.169,614.801
1988,100.0,6.25,614.801
1989,100.0,6.25,614.801
1990,87.5,5.469,614.801
1991,100.0,6.25,614.801
1992,87.5,5.469,618.801
1993,100.0,6.25,618.801
1994,100.0,6.25,618.801
1995,100.0,6.25,618.801
1996,100.0,6.25,618.801
1997,100.0,6.25,618.801
1998,100.0,6.25,618.801
1999,100.0,6.25,618.801
2000,100.0,6.25,618.801
2001,87.5,5.469,618.801
2002,87.5,5.469,618.801
2003,100.0,6.25,618.801
2004,87.5,5.469,618.801
2005,100.0,6.25,618.801
2006,100.0,6.25,618.801
2007,100.0,6.25,618.801
2008,100.0,6.25,618.801
2009,100.0,6.25,618.801
2010,100.0,6.25,626.801
2011,100.0,6.25,626.801
2012,77.6,4.85,626.801
2013,100.3,6.269,627.164
2014,100.0,6.25,627.703
2015,100.0,6.25,628.348
2016,88.7,5.544,629.0
2017,100.0,6.25,629.625
2018,87.5,5.469,630.129
2019,75.0,4.688,630.73
2020,87.5,5.469,631.23
2021,87.5,5.469,631.691
2022,87.5,5.469,632.23
2023,87.5,5.469,632.797
2024,87.5,5.469,633.355
2025,75.0,4.688,633.824
2026,100.0,6.25,634.344
2027,75.0,4.688,634.91
2028,87.5,5.469,635.441
2029,87.5,5.469,636.094
2030,87.5,5.469,636.648
2031,100.0,6.25,637.168
2032,100.0,6.25,637.707
2033,100.0,6.25,638.223
2034,75.0,4.688,638.723
2035,100.0,6.25,639.301
2036,100.0,6.25,639.766
2037,87.5,5.469,640.426
2038,100.0,6.25,640.926
2039,100.0,6.25,641.48
2040,100.0,6.25,642.02
2041,88.7,5.544,642.672
2042,100.3,6.269,643.191
2043,87.5,5.469,643.793
2044,77.6,4.85,644.363
2045,100.0,6.25,644.887
2046,100.0,6.25,645.453
2047,114.7,7.169,661.957
2048,100.0,6.25,662.535
2049,88.7,5.544,663.18
2050,112.5,7.031,663.734
2051,71.7,4.481,664.367
2052,77.6,4.85,664.773
2053,100.0,6.25,665.27
2054,87.5,5.469,665.75
2055,100.0,6.25,666.492
2056,89.3,5.581,666.992
2057,100.0,6.25,667.457
2058,100.0,6.25,667.992
2059,87.5,5.469,668.504
2060,100.0,6.25,669.055
2061,75.0,4.688,669.551
2062,100.0,6.25,670.238
2063,100.0,6.25,670.801
2064,100.0,6.25,671.277
2065,77.6,4.85,671.723
2066,100.0,6.25,672.137
2067,71.7,4.481,672.477
2068,87.5,5.469,673.074
2069,100.0,6.25,673.66
2070,88.7,5.544,674.242
2071,100.0,6.25,674.801
2072,87.5,5.469,675.246
2073,100.0,6.25,675.926
2074,87.5,5.469,676.375
2075,100.0,6.25,676.91
2076,75.0,4.688,677.512
2077,100.0,6.25,678.051
2078,100.0,6.25,678.676
2079,100.0,6.25,679.25
2080,100.0,6.25,679.871
2081,87.5,5.469,680.57
2082,88.7,5.544,681.133
2083,87.5,5.469,681.648
2084,86.0,5.375,682.184
2085,88.7,5.544,682.742
2086,100.0,6.25,683.242
2087,100.0,6.25,683.766
2088,100.0,6.25,684.293
2089,100.0,6.25,684.742
2090,86.0,5.375,685.129
2091,75.0,4.688,685.633
2092,112.5,7.031,686.195
2093,90.7,5.669,663.164
2094,89.3,5.581,663.164
2095,99.4,6.213,663.164
2096,28.7,1.794,617.539
2097,12.5,0.781,617.539
2098,14.3,0.894,617.582
2099,0.0,0.0,617.582
2100,0.0,0.0,617.582
2101,0.0,0.0,617.582
2102,12.5,0.781,617.832
2103,14.3,0.894,618.168
2104,0.0,0.0,618.168
2105,0.0,0.0,618.168
2106,0.0,0.0,618.168
2107,28.4,1.775,613.168
2108,100.0,6.25,613.168
2109,87.5,5.469,613.168
2110,114.7,7.169,615.172
2111,100.0,6.25,615.172
2112,87.5,5.469,615.172
2113,100.0,6.25,615.172
2114,100.0,6.25,615.172
2115,100.0,6.25,615.172
2116,87.5,5.469,617.172
2117,100.0,6.25,617.172
2118,100.0,6.25,617.172
2119,100.0,6.25,617.172
2120,100.0,6.25,617.172
2121,77.6,4.85,617.254
2122,87.5,5.469,617.695
2123,100.0,6.25,617.695
2124,75.0,4.688,617.695
2125,87.5,5.469,621.695
2126,100.0,6.25,621.695
2127,50.0,3.125,621.695
2128,75.0,4.688,621.695
2129,112.5,7.031,621.695
2130,100.0,6.25,621.695
2131,87.5,5.469,621.695
2132,100.0,6.25,621.695
2133,87.5,5.469,621.695
2134,100.0,6.25,621.695
2135,87.5,5.469,621.695
2136,112.5,7.031,621.695
2137,100.0,6.25,621.695
2138,100.0,6.25,621.695
2139,100.0,6.25,621.695
2140,100.0,6.25,621.695
2141,100.0,6.25,629.695
2142,100.0,6.25,629.695
2143,100.0,6.25,629.695
2144,100.0,6.25,629.695
2145,100.0,6.25,630.008
2146,89.3,5.581,630.551
2147,100.0,6.25,631.195
2148,85.2,5.325,631.855
2149,87.5,5.469,632.559
2150,89.3,5.581,633.227
2151,87.5,5.469,633.871
2152,99.4,6.213,634.551
2153,89.3,5.581,635.141
2154,100.0,6.25,635.793
2155,100.0,6.25,636.461
2156,87.5,5.469,637.211
2157,100.0,6.25,637.871
2158,112.5,7.031,638.582
2159,87.5,5.469,639.164
2160,87.5,5.469,639.879
2161,100.0,6.25,640.5
2162,100.0,6.25,641.098
2163,100.0,6.25,641.781
2164,75.0,4.688,642.52
2165,75.0,4.688,643.137
2166,100.0,6.25,643.871
2167,75.0,4.688,644.578
2168,100.0,6.25,645.266
2169,87.5,5.469,645.914
2170,100.0,6.25,646.621
2171,87.5,5.469,647.223
2172,100.0,6.25,647.812
2173,100.0,6.25,664.277
2174,87.5,5.469,665.02
2175,100.0,6.25,665.711
2176,77.6,4.85,666.434
2177,100.3,6.269,667.008
2178,100.0,6.25,667.719
2179,100.0,6.25,668.434
2180,88.7,5.544,669.086
2181,100.0,6.25,669.672
2182,100.3,6.269,670.281
2183,88.7,5.544,670.895
2184,87.5,5.469,671.582
2185,100.0,6.25,672.215
2186,87.5,5.469,672.848
2187,87.5,5.469,673.547
2188,87.5,5.469,674.27
2189,112.5,7.031,675.016
2190,87.5,5.469,675.688
2191,87.5,5.469,676.348
2192,75.0,4.688,677.098
2193,100.0,6.25,677.82
2194,75.0,4.688,678.438
2195,100.0,6.25,679.059
2196,112.5,7.031,679.797
2197,75.0,4.688,680.422
2198,87.5,5.469,681.023
2199,87.5,5.469,681.574
2200,87.5,5.469,682.191
2201,100.0,6.25,682.934
2202,87.5,5.469,683.621
2203,100.0,6.25,684.332
2204,87.5,5.469,685.02
2205,87.5,5.469,685.703
2206,100.0,6.25,686.449
2207,100.0,6.25,686.875
2208,100.0,6.25,687.559
2209,100.0,6.25,688.285
2210,90.0,5.625,664.02
2211,71.0,4.438,620.395
2212,0.0,0.0,620.398
2213,28.7,1.794,620.43
2214,50.0,3.125,615.855
2215,100.0,6.25,615.855
2216,87.5,5.469,617.859
2217,100.0,6.25,617.859
2218,87.5,5.469,617.859
2219,87.5,5.469,617.859
2220,87.5,5.469,617.859
2221,100.0,6.25,617.859
2222,87.5,5.469,619.859
2223,87.5,5.469,619.859
2224,100.0,6.25,619.859
2225,87.5,5.469,620.012
2226,87.5,5.469,620.367
2227,75.0,4.688,620.367
2228,87.5,5.469,620.367
2229,87.5,5.469,620.367
2230,100.0,6.25,624.367
2231,88.7,5.544,624.367
2232,114.7,7.169,624.367
2233,66.5,4.156,624.367
2234,100.0,6.25,624.367
2235,100.0,6.25,624.367
2236,100.3,6.269,624.367
2237,100.0,6.25,624.367
2238,88.7,5.544,624.367
2239,87.5,5.469,624.367
2240,114.7,7.169,624.367
2241,100.0,6.25,624.367
2242,88.7,5.544,624.367
2243,100.0,6.25,624.367
2244,100.3,6.269,624.367
2245,100.0,6.25,632.367
2246,87.5,5.469,632.367
2247,100.0,6.25,632.367
2248,88.7,5.544,632.367
2249,100.3,6.269,632.367
2250,87.5,5.469,632.367
2251,100.0,6.25,632.367
2252,66.5,4.156,632.645
2253,100.3,6.269,633.309
2254,100.0,6.25,634.039
2255,66.5,4.156,634.66
2256,87.5,5.469,635.316
2257,114.7,7.169,635.91
2258,100.0,6.25,636.641
2259,88.7,5.544,637.383
2260,75.0,4.688,637.934
2261,114.7,7.169,638.5
2262,75.0,4.688,639.066
2263,100.0,6.25,639.766
2264,88.7,5.544,640.562
2265,100.0,6.25,641.172
2266,114.7,7.169,641.875
2267,87.5,5.469,642.562
2268,99.7,6.231,643.305
2269,100.0,6.25,644.039
2270,86.0,5.375,644.695
2271,88.7,5.544,645.336
2272,100.0,6.25,646.125
2273,75.0,4.688,646.805
2274,114.7,7.169,647.418
2275,88.7,5.544,648.109
2276,87.5,5.469,664.531
2277,100.0,6.25,665.117
2278,62.5,3.906,665.621
2279,100.3,6.269,666.164
2280,62.5,3.906,666.605
2281,113.6,7.1,667.16
2282,100.0,6.25,667.668
2283,100.0,6.25,668.359
2284,100.3,6.269,669.043
2285,75.0,4.688,669.453
2286,99.4,6.213,669.836
2287,100.3,6.269,670.367
2288,87.5,5.469,670.809
2289,87.5,5.469,671.41
2290,86.0,5.375,672.0
2291,75.0,4.688,672.434
2292,99.4,6.213,672.824
2293,87.5,5.469,673.242
2294,71.7,4.481,673.625
2295,100.0,6.25,674.18
2296,75.0,4.688,674.637
2297,87.5,5.469,675.148
2298,100.0,6.25,675.805
2299,62.5,3.906,676.395
2300,100.3,6.269,676.941
2301,88.7,5.544,677.637
2302,100.0,6.25,678.277
2303,75.0,4.688,678.902
2304,75.0,4.688,679.473
2305,75.0,4.688,680.039
2306,87.5,5.469,680.684
2307,100.0,6.25,681.312
2308,100.0,6.25,681.93
2309,87.5,5.469,682.465
2310,100.0,6.25,683.074
2311,100.0,6.25,683.672
2312,87.5,5.469,684.234
2313,62.5,3.906,684.668
2314,62.5,3.906,685.109
2315,100.0,6.25,685.508
2316,87.5,5.469,686.008
2317,86.0,5.375,686.512
2318,100.0,6.25,687.094
2319,77.6,4.85,687.5
2320,112.5,7.031,688.09
2321,87.5,5.469,688.664
2322,94.7,5.919,664.867
2323,71.7,4.481,624.254
2324,0.0,0.0,624.254
2325,0.0,0.0,624.254
2326,0.0,0.0,624.254
2327,0.0,0.0,624.254
2328,0.0,0.0,624.254
2329,0.0,0.0,624.254
2330,0.0,0.0,624.254
2331,0.0,0.0,624.254
2332,0.0,0.0,624.254
2333,0.0,0.0,624.254
2334,0.0,0.0,624.254
2335,0.0,0.0,624.254
2336,0.0,0.0,624.254
2337,0.0,0.0,624.254
2338,0.0,0.0,624.254
2339,0.0,0.0,624.254
2340,0.0,0.0,624.254
2341,0.0,0.0,624.254
2342,0.0,0.0,624.254
2343,0.0,0.0,624.254
2344,0.0,0.0,624.254
2345,0.0,0.0,624.254
2346,0.0,0.0,624.254
2347,0.0,0.0,624.254
2348,0.0,0.0,624.254
2349,0.0,0.0,624.254
2350,0.0,0.0,624.254
2351,0.0,0.0,624.254
2352,0.0,0.0,624.254
2353,0.0,0.0,624.254
2354,0.0,0.0,624.254
2355,0.0,0.0,624.254
2356,0.0,0.0,624.254
2357,0.0,0.0,624.254
2358,0.0,0.0,624.254
2359,0.0,0.0,624.254
2360,0.0,0.0,624.254
2361,0.0,0.0,624.254
2362,0.0,0.0,624.254
2363,0.0,0.0,624.254
2364,0.0,0.0,624.254
2365,14.3,0.894,624.254
2366,0.0,0.0,624.254
2367,0.0,0.0,624.254
2368,0.0,0.0,624.254
2369,0.0,0.0,624.254
2370,0.0,0.0,624.254
2371,0.0,0.0,624.254
2372,0.0,0.0,624.254
2373,0.0,0.0,624.254
2374,0.0,0.0,624.254
2375,0.0,0.0,624.254
2376,0.0,0.0,624.254
2377,0.0,0.0,624.254
2378,0.0,0.0,624.254
2379,0.0,0.0,624.254
2380,0.0,0.0,624.254
2381,0.0,0.0,624.254
2382,0.0,0.0,624.254
2383,0.0,0.0,624.254
2384,0.0,0.0,624.254
2385,0.0,0.0,624.254
2386,0.0,0.0,624.254
2387,0.0,0.0,624.254
2388,14.3,0.894,624.254
2389,0.0,0.0,624.254
2390,0.0,0.0,624.254
2391,0.0,0.0,624.254
2392,0.0,0.0,624.254
2393,0.0,0.0,624.254
2394,0.0,0.0,624.254
2395,0.0,0.0,624.254
2396,0.0,0.0,624.254
2397,0.0,0.0,624.254
2398,0.0,0.0,624.254
2399,0.0,0.0,624.254
2400,0.0,0.0,624.254
2401,0.0,0.0,624.254
2402,0.0,0.0,624.254
2403,0.0,0.0,624.254
2404,0.0,0.0,624.254
2405,0.0,0.0,624.254
2406,14.3,0.894,624.254
2407,0.0,0.0,624.254
2408,0.0,0.0,624.254
2409,0.0,0.0,624.254
2410,0.0,0.0,624.254
2411,0.0,0.0,624.254
2412,0.0,0.0,624.254
2413,0.0,0.0,624.254
2414,0.0,0.0,624.254
2415,0.0,0.0,624.254
2416,0.0,0.0,624.254
2417,0.0,0.0,624.254
2418,0.0,0.0,624.254
2419,0.0,0.0,624.254
2420,0.0,0.0,624.254
2421,0.0,0.0,624.254
2422,0.0,0.0,624.254
2423,0.0,0.0,624.254
2424,0.0,0.0,624.254
2425,0.0,0.0,624.254
2426,0.0,0.0,621.941
2427,0.0,0.0,621.941
2428,0.0,0.0,621.941
2429,0.0,0.0,621.941
2430,0.0,0.0,621.941
2431,0.0,0.0,621.941
2432,0.0,0.0,621.941
2433,0.0,0.0,621.941
2434,0.0,0.0,621.941
2435,0.0,0.0,621.941
2436,0.0,0.0,621.941
2437,0.0,0.0,621.941
2438,0.0,0.0,621.941
2439,0.0,0.0,621.941
2440,0.0,0.0,621.941
2441,0.0,0.0,621.941
2442,0.0,0.0,621.941
2443,0.0,0.0,621.941
2444,0.0,0.0,621.941
2445,0.0,0.0,621.941
2446,14.3,0.894,621.941
2447,0.0,0.0,621.941
2448,0.0,0.0,621.941
2449,0.0,0.0,621.941
2450,0.0,0.0,621.941
2451,0.0,0.0,621.941
2452,0.0,0.0,621.941
2453,0.0,0.0,621.941
2454,0.0,0.0,621.941
2455,0.0,0.0,621.941
2456,0.0,0.0,621.941
2457,0.0,0.0,621.941
2458,0.0,0.0,621.941
2459,0.0,0.0,621.941
2460,0.0,0.0,621.941
2461,0.0,0.0,621.941
2462,0.0,0.0,621.941
2463,0.0,0.0,621.941
2464,0.0,0.0,621.941
2465,0.0,0.0,621.941
2466,0.0,0.0,621.941
2467,0.0,0.0,621.941
2468,0.0,0.0,621.941
2469,0.0,0.0,621.941
2470,0.0,0.0,621.941
2471,0.0,0.0,621.941
2472,0.0,0.0,621.941
2473,0.0,0.0,621.941
2474,0.0,0.0,621.941
2475,0.0,0.0,621.941
2476,0.0,0.0,621.941
2477,0.0,0.0,621.941
2478,0.0,0.0,621.941
2479,0.0,0.0,621.941
2480,0.0,0.0,621.941
2481,0.0,0.0,621.941
2482,14.3,0.894,621.941
2483,0.0,0.0,621.941
2484,0.0,0.0,621.941
2485,0.0,0.0,621.941
2486,0.0,0.0,621.941
2487,0.0,0.0,621.941
2488,0.0,0.0,621.941
2489,0.0,0.0,621.941
2490,0.0,0.0,621.941
2491,0.0,0.0,621.941
2492,0.0,0.0,621.941
2493,0.0,0.0,621.941
2494,0.0,0.0,621.941
2495,0.0,0.0,621.941
2496,0.0,0.0,621.941
2497,0.0,0.0,621.941
2498,0.0,0.0,621.941
2499,0.0,0.0,621.941
2500,0.0,0.0,621.941
2501,0.0,0.0,621.941
2502,0.0,0.0,621.941
2503,0.0,0.0,621.941
2504,0.0,0.0,621.941
2505,0.0,0.0,621.941
2506,0.0,0.0,621.941
2507,0.0,0.0,621.941
2508,0.0,0.0,621.941
2509,0.0,0.0,621.941
2510,0.0,0.0,621.941
2511,0.0,0.0,621.941
2512,0.0,0.0,621.941
2513,0.0,0.0,621.941
2514,0.0,0.0,621.941
2515,0.0,0.0,621.941
2516,0.0,0.0,621.941
2517,0.0,0.0,621.941
2518,0.0,0.0,621.941
2519,0.0,0.0,621.941
2520,0.0,0.0,621.941
2521,0.0,0.0,621.941
2522,0.0,0.0,621.941
2523,0.0,0.0,621.941
2524,0.0,0.0,621.941
2525,0.0,0.0,621.941
2526,0.0,0.0,621.941
2527,0.0,0.0,621.941
2528,50.0,3.125,615.105
2529,100.0,6.25,615.605
2530,100.0,6.25,615.605
2531,100.0,6.25,617.102
2532,100.0,6.25,617.102
2533,100.0,6.25,617.102
2534,89.3,5.581,617.102
2535,100.0,6.25,617.102
2536,100.0,6.25,617.102
2537,100.0,6.25,617.102
2538,100.0,6.25,617.102
2539,75.0,4.688,617.102
2540,100.0,6.25,617.102
2541,87.5,5.469,617.102
2542,100.0,6.25,619.102
2543,100.0,6.25,619.102
2544,100.0,6.25,619.102
2545,87.5,5.469,619.102
2546,87.5,5.469,619.102
2547,88.7,5.544,619.102
2548,100.0,6.25,619.43
2549,100.0,6.25,619.539
2550,87.5,5.469,619.539
2551,75.0,4.688,619.539
2552,100.0,6.25,619.539
2553,100.0,6.25,619.539
2554,100.0,6.25,619.539
2555,87.5,5.469,623.539
2556,100.0,6.25,623.539
2557,78.1,4.881,623.539
2558,100.0,6.25,623.539
2559,112.5,7.031,623.539
2560,87.5,5.469,623.539
2561,100.0,6.25,623.559
2562,100.0,6.25,623.578
2563,100.0,6.25,623.578
2564,100.0,6.25,623.578
2565,44.3,2.769,623.578
2566,75.0,4.688,623.578
2567,87.5,5.469,623.578
2568,100.0,6.25,623.578
2569,87.5,5.469,623.578
2570,100.0,6.25,623.578
2571,100.0,6.25,623.578
2572,100.0,6.25,623.578
2573,100.0,6.25,623.578
2574,75.0,4.688,623.578
2575,87.5,5.469,623.578
2576,87.5,5.469,623.578
2577,88.7,5.544,623.578
2578,87.5,5.469,623.578
2579,87.5,5.469,623.578
2580,100.0,6.25,623.578
2581,87.5,5.469,623.578
2582,100.0,6.25,623.578
2583,100.0,6.25,631.578
2584,100.0,6.25,631.578
2585,100.0,6.25,631.578
2586,89.3,5.581,631.578
2587,87.5,5.469,631.578
2588,100.0,6.25,631.578
2589,100.0,6.25,631.578
2590,100.0,6.25,631.578
2591,75.0,4.688,631.578
2592,100.0,6.25,631.578
2593,100.0,6.25,631.578
2594,88.7,5.544,631.578
2595,87.5,5.469,631.578
2596,100.0,6.25,631.578
2597,100.0,6.25,631.578
2598,112.5,7.031,631.891
2599,100.0,6.25,632.273
2600,100.0,6.25,632.66
2601,100.0,6.25,633.051
2602,100.0,6.25,633.449
2603,87.5,5.469,633.852
2604,87.5,5.469,634.25
2605,77.6,4.85,634.637
2606,100.0,6.25,635.078
2607,87.5,5.469,635.453
2608,112.5,7.031,635.805
2609,87.5,5.469,636.188
2610,100.0,6.25,636.578
2611,100.0,6.25,636.949
2612,100.0,6.25,637.363
2613,100.0,6.25,637.73
2614,100.0,6.25,638.129
2615,100.0,6.25,638.523
2616,67.0,4.188,638.887
2617,100.0,6.25,639.266
2618,100.0,6.25,639.652
2619,112.5,7.031,640.035
2620,100.0,6.25,640.379
2621,100.0,6.25,640.77
2622,100.0,6.25,641.145
2623,100.0,6.25,641.5
2624,87.5,5.469,641.891
2625,100.0,6.25,642.297
2626,100.0,6.25,642.688
2627,88.7,5.544,643.062
2628,100.0,6.25,643.422
2629,87.5,5.469,643.801
2630,87.5,5.469,644.188
2631,62.5,3.906,644.531
2632,87.5,5.469,644.887
2633,100.0,6.25,645.227
2634,100.0,6.25,645.617
2635,100.0,6.25,646.012
2636,100.0,6.25,646.398
2637,100.0,6.25,662.676
2638,100.0,6.25,663.062
2639,89.3,5.581,663.469
2640,100.0,6.25,663.887
2641,112.5,7.031,664.262
2642,100.0,6.25,664.684
2643,100.0,6.25,665.094
2644,87.5,5.469,665.516
2645,100.0,6.25,665.953
2646,100.0,6.25,666.297
2647,100.0,6.25,666.691
2648,100.0,6.25,667.062
2649,62.5,3.906,667.309
2650,88.7,5.544,667.539
2651,87.5,5.469,667.797
2652,100.0,6.25,668.191
2653,100.0,6.25,668.594
2654,100.0,6.25,668.945
2655,100.0,6.25,669.312
2656,87.5,5.469,669.703
2657,100.0,6.25,670.055
2658,100.0,6.25,670.453
2659,100.0,6.25,670.629
2660,88.7,5.544,670.906
2661,87.5,5.469,671.172
2662,100.0,6.25,671.539
2663,100.0,6.25,671.953
2664,100.0,6.25,672.152
2665,100.0,6.25,672.492
2666,89.3,5.581,672.902
2667,87.5,5.469,673.328
2668,100.0,6.25,673.609
2669,112.5,7.031,674.023
2670,100.0,6.25,674.418
2671,100.0,6.25,674.836
2672,100.0,6.25,675.227
2673,100.0,6.25,675.605
2674,100.0,6.25,675.895
2675,77.6,4.85,676.02
2676,87.5,5.469,676.207
2677,87.5,5.469,676.547
2678,100.0,6.25,676.957
2679,100.0,6.25,677.344
2680,100.0,6.25,677.68
2681,100.0,6.25,677.848
2682,88.7,5.544,678.023
2683,87.5,5.469,678.238
2684,75.0,4.688,678.461
2685,100.0,6.25,678.695
2686,75.0,4.688,678.988
2687,87.5,5.469,679.363
2688,100.0,6.25,679.762
2689,87.5,5.469,680.145
2690,100.0,6.25,680.496
2691,100.0,6.25,680.902
2692,100.0,6.25,681.27
2693,78.1,4.881,681.551
2694,87.5,5.469,681.844
2695,112.5,7.031,682.203
2696,87.5,5.469,682.48
2697,100.0,6.25,682.891
2698,100.0,6.25,683.27
2699,100.0,6.25,683.59
2700,87.5,5.469,684.004
2701,88.7,5.544,684.34
2702,87.5,5.469,684.602
2703,100.0,6.25,684.777
2704,100.0,6.25,684.98
2705,87.5,5.469,685.176
2706,62.5,3.906,685.367
2707,75.0,4.688,685.477
2708,100.0,6.25,685.621
2709,87.5,5.469,685.926
2710,100.0,6.25,686.328
2711,100.0,6.25,686.637
2712,89.3,5.581,686.984
2713,95.8,5.987,662.855
2714,112.5,7.031,621.23
2715,0.0,0.0,621.23
2716,0.0,0.0,621.23
2717,0.0,0.0,621.23
2718,14.2,0.887,621.242
2719,0.0,0.0,621.246
2720,28.7,1.794,621.273
2721,0.0,0.0,621.277
2722,62.5,3.906,615.281
2723,100.0,6.25,615.785
2724,89.3,5.581,615.785
2725,100.0,6.25,615.785
2726,87.5,5.469,617.789
2727,112.5,7.031,617.789
2728,100.0,6.25,617.789
2729,100.0,6.25,617.789
2730,87.5,5.469,617.789
2731,100.0,6.25,617.789
2732,77.6,4.85,617.789
2733,100.0,6.25,617.789
2734,87.5,5.469,617.789
2735,100.0,6.25,617.789
2736,87.5,5.469,619.789
2737,87.5,5.469,619.789
2738,75.0,4.688,619.789
2739,88.7,5.544,619.789
2740,75.0,4.688,619.789
2741,75.0,4.688,619.789
2742,100.0,6.25,619.789
2743,87.5,5.469,619.789
2744,100.0,6.25,619.789
2745,100.0,6.25,619.789
2746,100.0,6.25,619.797
2747,100.0,6.25,619.934
2748,78.1,4.881,620.227
2749,100.0,6.25,620.309
2750,87.5,5.469,620.309
2751,100.0,6.25,624.309
2752,87.5,5.469,624.309
2753,100.0,6.25,624.309
2754,100.0,6.25,624.309
2755,75.0,4.688,624.309
2756,75.0,4.688,624.309
2757,100.0,6.25,624.309
2758,88.7,5.544,624.309
2759,75.0,4.688,624.309
2760,75.0,4.688,624.309
2761,112.5,7.031,624.309
2762,75.0,4.688,624.309
2763,75.0,4.688,624.309
2764,75.0,4.688,624.309
2765,100.0,6.25,624.309
2766,100.0,6.25,624.309
2767,89.3,5.581,624.309
2768,75.0,4.688,624.309
2769,87.5,5.469,624.309
2770,100.0,6.25,624.309
2771,100.0,6.25,624.309
2772,100.0,6.25,624.309
2773,100.0,6.25,624.309
2774,100.0,6.25,624.309
2775,88.7,5.544,624.309
2776,100.0,6.25,624.309
2777,87.5,5.469,624.309
2778,100.0,6.25,624.309
2779,100.0,6.25,632.309
2780,75.0,4.688,632.309
2781,100.0,6.25,632.309
2782,100.0,6.25,632.309
2783,87.5,5.469,632.309
2784,62.5,3.906,632.309
2785,87.5,5.469,632.309
2786,75.0,4.688,632.309
2787,87.5,5.469,632.309
2788,100.0,6.25,632.309
2789,100.0,6.25,632.309
2790,100.0,6.25,632.309
2791,100.0,6.25,632.309
2792,87.5,5.469,632.309
2793,88.7,5.544,632.309
2794,75.0,4.688,632.559
2795,87.5,5.469,632.941
2796,100.0,6.25,633.328
2797,87.5,5.469,633.719
2798,100.0,6.25,634.117
2799,100.0,6.25,634.535
2800,100.0,6.25,634.922
2801,100.0,6.25,635.324
2802,89.3,5.581,635.73
2803,87.5,5.469,636.133
2804,100.0,6.25,636.535
2805,87.5,5.469,636.918
2806,100.0,6.25,637.316
2807,100.0,6.25,637.711
2808,75.0,4.688,638.016
2809,100.0,6.25,638.434
2810,77.6,4.85,638.832
2811,100.0,6.25,639.238
2812,87.5,5.469,639.668
2813,100.0,6.25,640.039
2814,75.0,4.688,640.48
2815,100.0,6.25,640.855
2816,50.0,3.125,641.176
2817,100.0,6.25,641.34
2818,77.6,4.85,641.496
2819,87.5,5.469,641.664
2820,87.5,5.469,641.934
2821,62.5,3.906,642.238
2822,62.5,3.906,642.605
2823,75.0,4.688,642.945
2824,87.5,5.469,643.297
2825,78.1,4.881,643.668
2826,50.0,3.125,644.043
2827,87.5,5.469,644.418
2828,75.0,4.688,644.754
2829,100.0,6.25,645.055
2830,100.0,6.25,645.242
2831,100.0,6.25,645.586
2832,87.5,5.469,645.984
2833,100.0,6.25,646.344
2834,77.6,4.85,646.742
2835,87.5,5.469,647.105
2836,111.6,6.975,663.324
2837,100.0,6.25,663.527
2838,100.0,6.25,663.754
2839,87.5,5.469,664.02
2840,87.5,5.469,664.336
2841,87.5,5.469,664.656
2842,77.6,4.85,665.004
2843,87.5,5.469,665.371
2844,75.0,4.688,665.73
2845,87.5,5.469,666.078
2846,100.0,6.25,666.441
2847,75.0,4.688,666.836
2848,62.5,3.906,667.223
2849,75.0,4.688,667.605
2850,87.5,5.469,668.016
2851,55.4,3.462,668.422
2852,87.5,5.469,668.758
2853,75.0,4.688,669.141
2854,75.0,4.688,669.504
2855,75.0,4.688,669.859
2856,75.0,4.688,670.223
2857,75.0,4.688,670.539
2858,62.5,3.906,670.895
2859,75.0,4.688,671.23
2860,75.0,4.688,671.621
2861,62.5,3.906,671.949
2862,78.1,4.881,672.309
2863,62.5,3.906,672.672
2864,87.5,5.469,673.047
2865,100.0,6.25,673.422
2866,100.0,6.25,673.824
2867,100.0,6.25,674.238
2868,100.0,6.25,674.641
2869,75.0,4.688,675.043
2870,75.0,4.688,675.445
2871,77.6,4.85,675.863
2872,87.5,5.469,676.246
2873,112.5,7.031,676.648
2874,87.5,5.469,677.066
2875,75.0,4.688,677.488
2876,100.0,6.25,677.867
2877,87.5,5.469,678.254
2878,100.0,6.25,678.664
2879,100.0,6.25,679.078
2880,77.6,4.85,679.465
2881,87.5,5.469,679.832
2882,100.0,6.25,680.242
2883,100.0,6.25,680.633
2884,87.5,5.469,681.035
2885,75.0,4.688,681.426
2886,75.0,4.688,681.766
2887,100.0,6.25,682.176
2888,67.0,4.188,682.484
2889,100.0,6.25,682.688
2890,50.0,3.125,682.957
2891,87.5,5.469,683.332
2892,100.0,6.25,683.738
2893,100.0,6.25,684.129
2894,100.0,6.25,684.543
2895,75.0,4.688,684.754
2896,88.7,5.544,684.891
2897,87.5,5.469,685.031
2898,87.5,5.469,685.242
2899,87.5,5.469,685.562
2900,87.5,5.469,685.961
2901,87.5,5.469,686.238
2902,100.0,6.25,686.555
2903,87.5,5.469,686.977
2904,78.1,4.881,687.309
2905,87.5,5.469,687.68
2906,88.9,5.556,663.027
2907,100.0,6.25,623.402
2908,0.0,0.0,623.402
2909,0.0,0.0,623.402
2910,0.0,0.0,623.402
2911,0.0,0.0,623.402
2912,0.0,0.0,623.402
2913,28.4,1.775,623.402
2914,0.0,0.0,623.402
2915,0.0,0.0,623.406
2916,0.0,0.0,623.406
2917,0.0,0.0,623.406
2918,0.0,0.0,623.406
2919,0.0,0.0,623.406
2920,0.0,0.0,623.406
2921,0.0,0.0,623.406
2922,0.0,0.0,623.406
2923,0.0,0.0,623.406
2924,0.0,0.0,623.406
2925,0.0,0.0,623.406
2926,0.0,0.0,623.406
2927,0.0,0.0,623.406
2928,0.0,0.0,623.406
2929,14.3,0.894,623.723
2930,14.3,0.894,623.727
2931,0.0,0.0,623.727
2932,0.0,0.0,623.727
2933,0.0,0.0,623.727
2934,0.0,0.0,623.727
2935,0.0,0.0,623.727
2936,0.0,0.0,623.727
2937,0.0,0.0,623.727
2938,0.0,0.0,623.727
2939,0.0,0.0,623.727
2940,0.0,0.0,623.727
2941,0.0,0.0,623.727
2942,0.0,0.0,623.758
2943,50.0,3.125,624.668
2944,14.2,0.887,622.672
2945,14.3,0.894,622.672
2946,0.0,0.0,622.672
2947,0.0,0.0,622.672
2948,0.0,0.0,622.672
2949,0.0,0.0,622.672
2950,14.3,0.894,622.672
2951,14.2,0.887,622.676
2952,14.3,0.894,622.688
2953,0.0,0.0,622.688
2954,0.0,0.0,622.688
2955,0.0,0.0,622.688
2956,0.0,0.0,622.688
2957,0.0,0.0,622.688
2958,0.0,0.0,622.688
2959,0.0,0.0,622.688
2960,0.0,0.0,622.727
2961,66.8,4.175,622.746
2962,66.5,4.156,612.723
2963,75.0,4.688,612.926
2964,100.0,6.25,612.926
2965,100.0,6.25,612.926
2966,75.0,4.688,614.93
2967,87.5,5.469,614.93
2968,87.5,5.469,614.93
2969,87.5,5.469,614.93
2970,66.5,4.156,614.93
2971,100.0,6.25,614.93
2972,87.5,5.469,614.938
2973,100.0,6.25,614.914
2974,112.5,7.031,614.914
2975,75.0,4.688,614.914
2976,75.0,4.688,614.914
2977,100.0,6.25,616.914
2978,100.0,6.25,616.914
2979,89.3,5.581,616.914
2980,87.5,5.469,616.914
2981,87.5,5.469,616.914
2982,87.5,5.469,616.914
2983,100.0,6.25,616.914
2984,75.0,4.688,616.914
2985,75.0,4.688,616.914
2986,100.0,6.25,616.914
2987,100.0,6.25,616.914
2988,100.0,6.25,616.914
2989,100.0,6.25,616.914
2990,55.4,3.462,616.914
2991,87.5,5.469,620.914
2992,100.0,6.25,620.914
2993,87.5,5.469,620.914
2994,87.5,5.469,620.914
2995,100.0,6.25,620.914
2996,75.0,4.688,620.914
2997,87.5,5.469,620.914
2998,89.3,5.581,620.914
2999,100.0,6.25,620.914
3000,87.5,5.469,620.914
3001,100.0,6.25,620.914
3002,87.5,5.469,620.914
3003,87.5,5.469,620.914
3004,113.6,7.1,620.914
3005,100.0,6.25,620.914
3006,100.0,6.25,620.914
3007,100.0,6.25,620.914
3008,89.3,5.581,620.914
3009,100.0,6.25,620.914
3010,112.5,7.031,620.914
3011,100.0,6.25,620.914
3012,87.5,5.469,620.914
3013,100.0,6.25,620.914
3014,100.0,6.25,620.914
3015,77.6,4.85,620.914
3016,75.0,4.688,620.914
3017,100.0,6.25,620.914
3018,100.0,6.25,620.914
3019,87.5,5.469,620.914
3020,87.5,5.469,620.914
3021,87.5,5.469,620.914
3022,87.5,5.469,628.914
3023,100.0,6.25,628.914
3024,77.6,4.85,628.914
3025,100.0,6.25,628.914
3026,75.0,4.688,628.914
3027,87.5,5.469,628.914
3028,87.5,5.469,628.914
3029,100.0,6.25,628.914
3030,100.0,6.25,628.914
3031,100.0,6.25,628.914
3032,78.1,4.881,628.914
3033,75.0,4.688,628.914
3034,87.5,5.469,628.914
3035,87.5,5.469,628.914
3036,87.5,5.469,628.914
3037,87.5,5.469,628.914
3038,87.5,5.469,628.914
3039,88.7,5.544,628.914
3040,87.5,5.469,628.914
3041,75.0,4.688,628.914
3042,100.0,6.25,628.914
3043,112.5,7.031,628.914
3044,87.5,5.469,628.914
3045,87.5,5.469,628.914
3046,100.0,6.25,628.914
3047,87.5,5.469,628.914
3048,100.0,6.25,628.914
3049,77.6,4.85,628.914
3050,86.0,5.375,628.973
3051,86.0,5.375,629.277
3052,25.0,1.562,629.457
3053,100.0,6.25,629.926
3054,87.5,5.469,630.332
3055,85.2,5.325,630.621
3056,100.0,6.25,631.051
3057,78.1,4.881,631.434
3058,112.5,7.031,632.051
3059,100.0,6.25,632.551
3060,100.0,6.25,633.121
3061,85.2,5.325,633.684
3062,89.3,5.581,634.422
3063,87.5,5.469,635.121
3064,62.5,3.906,635.488
3065,85.2,5.325,635.871
3066,114.7,7.169,636.613
3067,100.0,6.25,637.246
3068,100.0,6.25,638.0
3069,88.7,5.544,638.723
3070,112.5,7.031,639.363
3071,100.4,6.275,656.051
3072,100.0,6.25,656.676
3073,87.5,5.469,657.328
3074,87.5,5.469,658.047
3075,112.5,7.031,658.805
3076,100.0,6.25,659.547
3077,100.0,6.25,660.332
3078,100.0,6.25,661.008
3079,100.0,6.25,661.797
3080,100.0,6.25,662.531
3081,100.0,6.25,663.359
3082,100.0,6.25,663.988
3083,100.0,6.25,664.703
3084,100.0,6.25,665.473
3085,100.0,6.25,666.227
3086,75.0,4.688,666.855
3087,85.2,5.325,667.289
3088,87.5,5.469,667.855
3089,75.0,4.688,668.32
3090,100.0,6.25,668.93
3091,114.7,7.169,669.512
3092,100.0,6.25,670.176
3093,100.3,6.269,670.918
3094,88.7,5.544,671.57
3095,86.0,5.375,672.168
3096,88.7,5.544,672.875
3097,87.5,5.469,673.566
3098,75.0,4.688,674.289
3099,100.3,6.269,674.812
3100,77.6,4.85,675.422
3101,100.0,6.25,676.07
3102,100.0,6.25,676.727
3103,114.7,7.169,677.395
3104,87.5,5.469,678.164
3105,100.0,6.25,678.812
3106,88.7,5.544,679.371
3107,100.0,6.25,680.082
3108,92.1,5.756,656.137
3109,71.7,4.481,618.516
3110,0.0,0.0,618.516
3111,0.0,0.0,618.516
3112,28.7,1.794,618.82
3113,14.2,0.887,619.125
3114,0.0,0.0,619.125
3115,0.0,0.0,619.125
3116,0.0,0.0,619.125
3117,0.0,0.0,619.125
3118,0.0,0.0,619.125
3119,0.0,0.0,619.125
3120,0.0,0.0,619.125
3121,0.0,0.0,619.125
3122,0.0,0.0,619.125
3123,0.0,0.0,619.125
3124,0.0,0.0,619.125
3125,0.0,0.0,619.125
3126,0.0,0.0,619.125
3127,0.0,0.0,619.125
3128,0.0,0.0,619.125
3129,0.0,0.0,619.125
3130,0.0,0.0,619.125
3131,0.0,0.0,619.125
3132,0.0,0.0,619.125
3133,37.5,2.344,615.125
3134,87.5,5.469,615.148
3135,100.0,6.25,617.152
3136,100.0,6.25,617.152
3137,100.0,6.25,617.152
3138,100.0,6.25,617.152
3139,100.0,6.25,617.152
3140,100.0,6.25,619.152
3141,100.0,6.25,619.152
3142,100.0,6.25,619.152
3143,100.0,6.25,619.152
3144,75.0,4.688,619.152
3145,100.0,6.25,619.152
3146,100.0,6.25,619.152
3147,87.5,5.469,623.152
3148,88.7,5.544,623.152
3149,100.0,6.25,623.164
3150,100.0,6.25,623.605
3151,112.5,7.031,623.605
3152,100.0,6.25,623.605
3153,89.3,5.581,623.605
3154,87.5,5.469,623.605
3155,87.5,5.469,623.605
3156,113.6,7.1,623.605
3157,100.0,6.25,623.605
3158,100.0,6.25,623.605
3159,89.3,5.581,623.605
3160,100.0,6.25,623.605
3161,112.5,7.031,631.605
3162,100.0,6.25,631.605
3163,100.0,6.25,631.605
3164,87.5,5.469,631.605
3165,100.0,6.25,631.605
3166,87.5,5.469,631.605
3167,100.0,6.25,631.605
3168,100.0,6.25,631.605
3169,87.5,5.469,631.605
3170,100.0,6.25,631.605
3171,112.5,7.031,631.605
3172,87.5,5.469,631.605
3173,112.5,7.031,631.605
3174,100.0,6.25,631.605
3175,100.0,6.25,631.605
3176,100.0,6.25,631.605
3177,87.5,5.469,632.047
3178,100.0,6.25,632.855
3179,87.5,5.469,633.578
3180,100.0,6.25,634.332
3181,87.5,5.469,635.105
3182,112.5,7.031,635.816
3183,100.0,6.25,636.574
3184,100.0,6.25,637.359
3185,100.0,6.25,638.102
3186,87.5,5.469,638.855
3187,112.5,7.031,639.555
3188,100.0,6.25,640.254
3189,87.5,5.469,656.793
3190,87.5,5.469,657.367
3191,113.6,7.1,657.73
3192,100.0,6.25,658.156
3193,78.1,4.881,658.758
3194,100.0,6.25,659.449
3195,100.0,6.25,660.156
3196,100.0,6.25,660.68
3197,75.0,4.688,661.227
3198,87.5,5.469,661.672
3199,75.0,4.688,662.121
3200,100.0,6.25,662.621
3201,100.0,6.25,663.059
3202,100.0,6.25,663.602
3203,100.0,6.25,664.07
3204,100.0,6.25,664.738
3205,87.5,5.469,665.426
3206,100.0,6.25,665.945
3207,100.0,6.25,666.418
3208,100.0,6.25,666.973
3209,87.5,5.469,667.66
3210,100.0,6.25,668.285
3211,87.5,5.469,668.75
3212,87.5,5.469,669.207
3213,100.0,6.25,669.652
3214,100.0,6.25,670.234
3215,100.0,6.25,670.785
3216,100.0,6.25,671.375
3217,87.5,5.469,671.988
3218,100.0,6.25,672.609
3219,100.0,6.25,673.223
3220,100.0,6.25,673.828
3221,77.6,4.85,674.543
3222,100.0,6.25,675.285
3223,112.5,7.031,676.039
3224,100.0,6.25,676.609
3225,100.0,6.25,677.25
3226,100.0,6.25,677.906
3227,100.0,6.25,678.512
3228,100.0,6.25,679.078
3229,87.5,5.469,679.625
3230,100.0,6.25,680.293
3231,100.0,6.25,680.961
3232,100.0,6.25,657.781
3233,86.0,5.375,621.156
3234,0.0,0.0,621.156
3235,0.0,0.0,621.156
3236,0.0,0.0,621.156
3237,0.0,0.0,621.156
3238,33.2,2.075,621.602
3239,0.0,0.0,621.602
3240,0.0,0.0,621.602
3241,0.0,0.0,621.602
3242,0.0,0.0,621.602
3243,0.0,0.0,621.602
3244,43.0,2.688,614.102
3245,14.2,0.887,614.496
3246,0.0,0.0,614.496
3247,0.0,0.0,614.496
3248,0.0,0.0,614.496
3249,0.0,0.0,614.496
3250,0.0,0.0,614.504
3251,87.5,5.469,614.613
3252,100.0,6.25,615.109
3253,100.0,6.25,617.113
3254,87.5,5.469,617.113
3255,100.0,6.25,617.113
3256,100.0,6.25,617.113
3257,87.5,5.469,617.113
3258,100.0,6.25,617.113
3259,87.5,5.469,619.113
3260,100.0,6.25,619.113
3261,100.0,6.25,619.113
3262,100.0,6.25,619.113
3263,100.0,6.25,619.113
3264,100.0,6.25,619.113
3265,100.0,6.25,619.113
3266,89.3,5.581,619.113
3267,112.5,7.031,619.113
3268,75.0,4.688,623.113
3269,87.5,5.469,623.113
3270,100.0,6.25,623.113
3271,75.0,4.688,623.113
3272,100.0,6.25,623.172
3273,100.0,6.25,623.516
3274,87.5,5.469,623.516
3275,87.5,5.469,623.516
3276,100.0,6.25,623.516
3277,87.5,5.469,623.516
3278,87.5,5.469,623.516
3279,87.5,5.469,623.516
3280,112.5,7.031,623.516
3281,100.0,6.25,623.516
3282,100.0,6.25,623.516
3283,100.0,6.25,623.516
3284,100.0,6.25,623.516
3285,100.0,6.25,631.516
3286,100.0,6.25,631.516
3287,100.0,6.25,631.516
3288,75.0,4.688,631.516
3289,100.0,6.25,631.516
3290,100.0,6.25,631.516
3291,75.0,4.688,631.516
3292,87.5,5.469,631.516
3293,87.5,5.469,631.516
3294,100.0,6.25,631.516
3295,100.0,6.25,631.516
3296,75.0,4.688,631.516
3297,75.0,4.688,631.516
3298,100.0,6.25,631.516
3299,100.0,6.25,631.516
3300,100.0,6.25,631.516
3301,100.0,6.25,631.516
3302,100.0,6.25,631.516
3303,100.0,6.25,631.574
3304,100.0,6.25,632.207
3305,87.5,5.469,632.793
3306,62.5,3.906,633.473
3307,87.5,5.469,634.035
3308,100.0,6.25,634.785
3309,87.5,5.469,635.504
3310,100.0,6.25,636.266
3311,100.0,6.25,636.871
3312,87.5,5.469,637.457
3313,87.5,5.469,638.113
3314,100.0,6.25,638.797
3315,75.0,4.688,639.379
3316,100.0,6.25,640.082
3317,100.0,6.25,656.539
3318,100.0,6.25,657.113
3319,100.0,6.25,657.789
3320,100.0,6.25,658.398
3321,100.0,6.25,659.02
3322,100.0,6.25,659.547
3323,100.0,6.25,660.16
3324,100.0,6.25,660.922
3325,75.0,4.688,661.418
3326,113.6,7.1,662.008
3327,100.0,6.25,662.59
3328,100.0,6.25,663.242
3329,100.0,6.25,663.867
3330,89.3,5.581,664.367
3331,99.4,6.213,664.992
3332,89.3,5.581,665.617
3333,87.5,5.469,666.094
3334,75.0,4.688,666.57
3335,100.0,6.25,667.145
3336,100.0,6.25,667.637
3337,100.0,6.25,668.0
3338,87.5,5.469,668.582
3339,100.0,6.25,669.223
3340,113.6,7.1,669.777
3341,100.0,6.25,670.273
3342,100.0,6.25,670.969
3343,100.0,6.25,671.668
3344,100.0,6.25,672.395
3345,89.3,5.581,673.078
3346,113.6,7.1,673.699
3347,100.0,6.25,674.324
3348,100.0,6.25,674.855
3349,87.5,5.469,675.512
3350,100.0,6.25,676.078
3351,100.0,6.25,676.547
3352,100.0,6.25,677.207
3353,100.0,6.25,677.832
3354,100.0,6.25,678.52
3355,100.0,6.25,679.152
3356,100.0,6.25,679.664
3357,87.5,5.469,680.398
3358,98.2,6.138,657.645
3359,100.0,6.25,622.02
3360,0.0,0.0,622.02
3361,14.2,0.887,622.098
3362,0.0,0.0,622.098
3363,16.6,1.038,622.117
3364,0.0,0.0,622.117
3365,0.0,0.0,622.117
3366,0.0,0.0,622.117
3367,0.0,0.0,622.117
3368,0.0,0.0,622.117
3369,0.0,0.0,622.117
3370,14.3,0.894,622.223
3371,0.0,0.0,622.223
3372,0.0,0.0,622.223
3373,0.0,0.0,622.223
3374,0.0,0.0,622.223
3375,0.0,0.0,622.223
3376,0.0,0.0,622.223
3377,25.0,1.562,618.031
3378,100.0,6.25,618.031
3379,100.0,6.25,620.035
3380,100.0,6.25,620.035
3381,100.0,6.25,620.035
3382,100.0,6.25,620.035
3383,100.0,6.25,620.035
3384,87.5,5.469,620.035
3385,100.0,6.25,620.035
3386,100.0,6.25,622.035
3387,87.5,5.469,622.035
3388,100.0,6.25,622.035
3389,87.5,5.469,622.035
3390,87.5,5.469,622.035
3391,77.6,4.85,622.035
3392,87.5,5.469,622.035
3393,100.0,6.25,622.035
3394,87.5,5.469,626.035
3395,87.5,5.469,626.035
3396,87.5,5.469,626.035
3397,75.0,4.688,626.035
3398,75.0,4.688,626.035
3399,62.5,3.906,626.035
3400,87.5,5.469,626.035
3401,87.5,5.469,626.035
3402,87.5,5.469,626.035
3403,87.5,5.469,626.035
3404,100.0,6.25,626.035
3405,100.0,6.25,626.035
3406,87.5,5.469,626.035
3407,87.5,5.469,626.035
3408,87.5,5.469,626.035
3409,87.5,5.469,634.035
3410,100.0,6.25,634.035
3411,100.0,6.25,634.035
3412,87.5,5.469,634.035
3413,100.0,6.25,634.035
3414,75.0,4.688,634.035
3415,87.5,5.469,634.035
3416,87.5,5.469,634.035
3417,100.0,6.25,634.035
3418,87.5,5.469,634.035
3419,87.5,5.469,634.035
3420,87.5,5.469,634.035
3421,87.5,5.469,634.035
3422,87.5,5.469,634.035
3423,100.0,6.25,634.035
3424,100.0,6.25,634.035
3425,75.0,4.688,634.035
3426,100.0,6.25,634.035
3427,100.0,6.25,634.133
3428,87.5,5.469,634.848
3429,87.5,5.469,635.508
3430,100.0,6.25,636.203
3431,100.0,6.25,636.922
3432,100.0,6.25,637.625
3433,87.5,5.469,638.285
3434,75.0,4.688,638.91
3435,100.0,6.25,639.598
3436,87.5,5.469,640.348
3437,75.0,4.688,640.93
3438,87.5,5.469,641.488
3439,87.5,5.469,658.152
3440,75.0,4.688,658.723
3441,87.5,5.469,659.348
3442,87.5,5.469,659.965
3443,75.0,4.688,660.641
3444,100.0,6.25,661.387
3445,87.5,5.469,662.109
3446,87.5,5.469,662.773
3447,87.5,5.469,663.531
3448,100.0,6.25,664.188
3449,100.0,6.25,664.973
3450,100.0,6.25,665.652
3451,87.5,5.469,666.355
3452,100.0,6.25,667.051
3453,87.5,5.469,667.672
3454,100.0,6.25,668.309
3455,75.0,4.688,668.996
3456,100.0,6.25,669.605
3457,87.5,5.469,670.32
3458,100.0,6.25,671.027
3459,100.0,6.25,671.656
3460,87.5,5.469,672.27
3461,89.3,5.581,672.926
3462,100.0,6.25,673.66
3463,85.2,5.325,674.402
3464,87.5,5.469,675.062
3465,89.3,5.581,675.812
3466,87.5,5.469,676.445
3467,99.4,6.213,677.082
3468,78.1,4.881,677.73
3469,100.0,6.25,678.371
3470,112.5,7.031,678.98
3471,100.0,6.25,679.688
3472,75.0,4.688,680.285
3473,112.5,7.031,681.023
3474,100.0,6.25,681.414
3475,87.5,5.469,682.145
3476,94.4,5.9,658.258
3477,85.2,5.325,621.633
3478,0.0,0.0,621.633
3479,0.0,0.0,621.633
3480,0.0,0.0,621.633
3481,0.0,0.0,621.633
3482,0.0,0.0,621.633
3483,0.0,0.0,621.633
3484,0.0,0.0,621.633
3485,0.0,0.0,621.633
3486,0.0,0.0,621.633
3487,0.0,0.0,621.633
3488,0.0,0.0,621.633
3489,0.0,0.0,621.633
3490,0.0,0.0,621.633
3491,67.0,4.188,618.633
3492,100.0,6.25,618.633
3493,99.4,6.213,620.637
3494,89.3,5.581,620.637
3495,100.0,6.25,620.637
3496,87.5,5.469,620.637
3497,75.0,4.688,620.637
3498,75.0,4.688,622.637
3499,112.5,7.031,622.637
3500,100.0,6.25,622.637
3501,87.5,5.469,622.637
3502,100.0,6.25,622.637
3503,100.0,6.25,622.637
3504,100.0,6.25,622.637
3505,88.7,5.544,622.637
3506,100.3,6.269,626.637
3507,75.0,4.688,626.637
3508,100.0,6.25,626.637
3509,100.0,6.25,626.637
3510,100.0,6.25,626.637
3511,87.5,5.469,626.645
3512,100.0,6.25,627.035
3513,100.0,6.25,627.035
3514,100.0,6.25,627.035
3515,100.0,6.25,627.035
3516,100.0,6.25,627.035
3517,88.7,5.544,627.035
3518,114.7,7.169,627.035
3519,87.5,5.469,627.035
3520,100.0,6.25,627.035
3521,100.0,6.25,627.035
3522,100.0,6.25,635.035
3523,87.5,5.469,635.035
3524,100.0,6.25,635.035
3525,100.0,6.25,635.035
3526,100.0,6.25,635.035
3527,100.0,6.25,635.035
3528,100.0,6.25,635.035
3529,100.0,6.25,635.035
3530,100.0,6.25,635.035
3531,87.5,5.469,635.035
3532,77.6,4.85,635.035
3533,100.0,6.25,635.035
3534,100.0,6.25,635.035
3535,87.5,5.469,635.035
3536,100.0,6.25,635.035
3537,100.0,6.25,635.035
3538,112.5,7.031,635.035
3539,87.5,5.469,635.035
3540,100.0,6.25,635.035
3541,87.5,5.469,635.16
3542,88.7,5.544,635.84
3543,87.5,5.469,636.555
3544,87.5,5.469,637.16
3545,75.0,4.688,637.75
3546,100.0,6.25,638.48
3547,87.5,5.469,639.234
3548,100.0,6.25,639.895
3549,100.0,6.25,640.613
3550,100.0,6.25,641.305
3551,100.0,6.25,641.973
3552,100.0,6.25,658.438
3553,100.0,6.25,659.082
3554,100.0,6.25,659.84
3555,78.1,4.881,660.598
3556,113.6,7.1,661.18
3557,100.0,6.25,661.918
3558,100.0,6.25,662.621
3559,67.0,4.188,663.238
3560,113.6,7.1,663.844
3561,100.0,6.25,664.594
3562,100.0,6.25,665.191
3563,89.3,5.581,665.797
3564,100.0,6.25,666.438
3565,99.4,6.213,667.125
3566,89.3,5.581,667.844
3567,100.0,6.25,668.594
3568,100.0,6.25,669.277
3569,85.2,5.325,669.906
3570,89.3,5.581,670.602
3571,112.5,7.031,671.312
3572,100.0,6.25,672.027
3573,100.0,6.25,672.738
3574,100.0,6.25,673.414
3575,100.0,6.25,674.176
3576,88.7,5.544,674.902
3577,114.7,7.169,675.57
3578,100.0,6.25,676.176
3579,100.0,6.25,676.973
3580,100.0,6.25,677.66
3581,77.6,4.85,678.34
3582,114.7,7.169,678.898
3583,100.0,6.25,679.52
3584,100.0,6.25,680.121
3585,88.7,5.544,680.75
3586,100.3,6.269,681.152
3587,100.0,6.25,681.746
3588,100.0,6.25,682.359
3589,95.8,5.987,658.27
3590,99.4,6.213,622.645
3591,0.0,0.0,622.645
3592,0.0,0.0,622.645
3593,0.0,0.0,622.645
3594,0.0,0.0,622.645
3595,50.0,3.125,619.645
3596,87.5,5.469,619.645
3597,100.0,6.25,621.648
3598,87.5,5.469,621.648
3599,100.0,6.25,621.648
3600,100.0,6.25,621.648
3601,87.5,5.469,621.648
3602,100.0,6.25,621.648
3603,100.0,6.25,623.648
3604,100.0,6.25,623.648
3605,100.0,6.25,623.648
3606,89.3,5.581,623.648
3607,113.6,7.1,623.648
3608,100.0,6.25,623.648
3609,100.0,6.25,623.648
3610,78.1,4.881,623.648
3611,113.6,7.1,627.648
3612,100.0,6.25,627.648
3613,100.0,6.25,627.648
3614,100.0,6.25,627.648
3615,100.0,6.25,627.648
3616,100.0,6.25,627.648
3617,100.0,6.25,627.66
3618,87.5,5.469,628.035
3619,100.0,6.25,628.035
3620,100.0,6.25,628.035
3621,100.0,6.25,628.035
3622,100.0,6.25,628.035
3623,100.0,6.25,628.035
3624,100.0,6.25,628.035
3625,100.0,6.25,628.035
3626,100.0,6.25,636.035
3627,100.0,6.25,636.035
3628,75.0,4.688,636.035
3629,100.0,6.25,636.035
3630,100.0,6.25,636.035
3631,87.5,5.469,636.035
3632,87.5,5.469,636.035
3633,100.0,6.25,636.035
3634,100.0,6.25,636.035
3635,87.5,5.469,636.035
3636,100.0,6.25,636.035
3637,100.0,6.25,636.035
3638,100.0,6.25,636.035
3639,100.0,6.25,636.035
3640,112.5,7.031,636.035
3641,86.0,5.375,636.035
3642,88.7,5.544,636.035
3643,100.0,6.25,636.035
3644,100.0,6.25,636.035
3645,100.3,6.269,636.035
3646,88.7,5.544,636.035
3647,100.0,6.25,636.035
3648,100.0,6.25,636.422
3649,100.3,6.269,637.0
3650,88.7,5.544,637.66
3651,100.0,6.25,638.293
3652,100.0,6.25,639.0
3653,100.0,6.25,639.641
3654,100.3,6.269,640.223
3655,77.6,4.85,640.91
3656,100.0,6.25,641.641
3657,100.0,6.25,658.223
3658,114.7,7.169,658.852
3659,100.0,6.25,659.594
3660,88.7,5.544,660.348
3661,100.0,6.25,661.047
3662,112.5,7.031,661.738
3663,100.0,6.25,662.402
3664,100.0,6.25,663.023
3665,100.0,6.25,663.641
3666,87.5,5.469,664.277
3667,112.5,7.031,665.016
3668,100.0,6.25,665.684
3669,100.0,6.25,666.355
3670,100.0,6.25,667.074
3671,100.0,6.25,667.699
3672,100.0,6.25,668.359
3673,89.3,5.581,669.074
3674,100.0,6.25,669.75
3675,113.6,7.1,670.473
3676,100.0,6.25,671.109
3677,89.3,5.581,671.863
3678,100.0,6.25,672.598
3679,100.0,6.25,673.285
3680,112.5,7.031,674.047
3681,100.0,6.25,674.77
3682,100.0,6.25,675.508
3683,87.5,5.469,676.035
3684,112.5,7.031,676.785
3685,100.0,6.25,677.418
3686,100.0,6.25,678.105
3687,87.5,5.469,678.789
3688,112.5,7.031,679.527
3689,100.0,6.25,680.238
3690,100.0,6.25,680.902
3691,100.0,6.25,681.441
3692,87.5,5.469,682.082
3693,101.7,6.356,658.289
3694,75.0,4.688,623.672
3695,0.0,0.0,623.672
3696,0.0,0.0,623.672
3697,0.0,0.0,623.672
3698,0.0,0.0,623.672
3699,0.0,0.0,623.672
3700,0.0,0.0,623.672
3701,0.0,0.0,623.672
3702,0.0,0.0,623.672
3703,0.0,0.0,623.672
3704,0.0,0.0,623.672
3705,0.0,0.0,623.672
3706,0.0,0.0,623.672
3707,0.0,0.0,623.672
3708,14.2,0.887,623.672
3709,0.0,0.0,623.672
3710,0.0,0.0,623.719
3711,0.0,0.0,623.719
3712,0.0,0.0,623.719
3713,0.0,0.0,623.719
3714,0.0,0.0,623.719
3715,0.0,0.0,623.719
3716,16.8,1.05,623.719
3717,0.0,0.0,623.719
3718,0.0,0.0,623.719
3719,37.5,2.344,621.09
3720,88.7,5.544,621.09
3721,100.0,6.25,623.094
3722,114.7,7.169,623.094
3723,75.0,4.688,623.094
3724,100.0,6.25,623.094
3725,100.0,6.25,623.094
3726,100.0,6.25,623.094
3727,100.0,6.25,625.094
3728,88.7,5.544,625.094
3729,114.7,7.169,625.094
3730,100.0,6.25,625.094
3731,100.0,6.25,625.094
3732,100.0,6.25,625.094
3733,100.0,6.25,625.094
3734,87.5,5.469,625.094
3735,88.7,5.544,629.094
3736,100.0,6.25,629.094
3737,87.5,5.469,629.094
3738,87.5,5.469,629.094
3739,87.5,5.469,629.094
3740,100.0,6.25,629.094
3741,100.0,6.25,629.094
3742,100.0,6.25,629.094
3743,100.3,6.269,629.094
3744,88.7,5.544,629.094
3745,100.0,6.25,629.094
3746,100.0,6.25,629.094
3747,100.3,6.269,629.094
3748,100.0,6.25,629.094
3749,88.7,5.544,629.094
3750,87.5,5.469,629.094
3751,100.0,6.25,637.094
3752,100.3,6.269,637.094
3753,87.5,5.469,637.094
3754,77.6,4.85,637.094
3755,100.0,6.25,637.094
3756,100.3,6.269,637.094
3757,100.0,6.25,637.094
3758,88.7,5.544,637.094
3759,100.0,6.25,637.094
3760,100.0,6.25,637.094
3761,100.0,6.25,637.094
3762,89.3,5.581,637.094
3763,100.0,6.25,637.094
3764,112.5,7.031,637.094
3765,87.5,5.469,637.094
3766,100.0,6.25,637.094
3767,87.5,5.469,637.094
3768,100.0,6.25,637.094
3769,87.5,5.469,637.094
3770,112.5,7.031,637.094
3771,100.0,6.25,637.094
3772,100.0,6.25,637.094
3773,87.5,5.469,637.094
3774,112.5,7.031,637.262
3775,87.5,5.469,637.918
3776,100.0,6.25,638.656
3777,87.5,5.469,639.344
3778,100.0,6.25,640.074
3779,87.5,5.469,640.77
3780,100.0,6.25,641.48
3781,113.6,7.1,642.086
3782,89.3,5.581,658.562
3783,100.0,6.25,659.184
3784,100.0,6.25,659.914
3785,99.4,6.213,660.547
3786,87.5,5.469,661.262
3787,100.4,6.275,661.945
3788,88.7,5.544,662.605
3789,87.5,5.469,663.273
3790,100.0,6.25,663.945
3791,100.0,6.25,664.703
3792,100.0,6.25,665.402
3793,100.0,6.25,666.117
3794,87.5,5.469,666.816
3795,112.5,7.031,667.535
3796,100.0,6.25,668.184
3797,100.0,6.25,668.867
3798,87.5,5.469,669.496
3799,100.0,6.25,670.129
3800,77.6,4.85,670.875
3801,100.0,6.25,671.508
3802,114.7,7.169,672.109
3803,100.0,6.25,672.832
3804,100.0,6.25,673.484
3805,90.1,5.631,674.266
3806,100.0,6.25,674.895
3807,87.5,5.469,675.555
3808,77.6,4.85,676.215
3809,100.0,6.25,676.953
3810,114.7,7.169,677.613
3811,100.0,6.25,678.34
3812,100.0,6.25,678.988
3813,100.0,6.25,679.668
3814,88.7,5.544,680.32
3815,100.3,6.269,680.941
3816,100.0,6.25,681.473
3817,100.0,6.25,682.113
3818,94.4,5.9,658.348
3819,71.7,4.481,626.723
3820,14.2,0.887,627.16
3821,0.0,0.0,627.168
3822,0.0,0.0,627.168
3823,0.0,0.0,627.168
3824,12.5,0.781,627.18
3825,14.3,0.894,627.176
3826,0.0,0.0,627.176
3827,0.0,0.0,627.176
3828,0.0,0.0,627.176
3829,0.0,0.0,627.176
3830,0.0,0.0,627.176
3831,0.0,0.0,627.18
3832,0.0,0.0,627.18
3833,0.0,0.0,627.18
3834,0.0,0.0,627.18
3835,0.0,0.0,627.18
3836,0.0,0.0,627.18
3837,0.0,0.0,627.18
3838,100.0,6.25,624.199
3839,100.0,6.25,626.203
3840,75.0,4.688,626.203
3841,77.6,4.85,626.203
3842,100.0,6.25,626.203
3843,112.5,7.031,626.203
3844,100.0,6.25,626.203
3845,87.5,5.469,626.203
3846,100.0,6.25,628.203
3847,112.5,7.031,628.203
3848,100.0,6.25,628.203
3849,86.0,5.375,628.203
3850,88.7,5.544,628.203
3851,100.0,6.25,628.203
3852,100.0,6.25,628.203
3853,87.5,5.469,632.203
3854,100.0,6.25,632.203
3855,100.0,6.25,632.203
3856,100.0,6.25,632.203
3857,100.0,6.25,632.203
3858,88.7,5.544,632.203
3859,100.0,6.25,632.203
3860,100.0,6.25,632.203
3861,100.0,6.25,632.203
3862,87.5,5.469,632.559
3863,112.5,7.031,632.559
3864,100.0,6.25,632.559
3865,100.0,6.25,632.559
3866,75.0,4.688,632.559
3867,100.0,6.25,632.559
3868,100.0,6.25,632.559
3869,100.0,6.25,640.559
3870,87.5,5.469,640.559
3871,100.0,6.25,640.559
3872,112.5,7.031,640.559
3873,100.0,6.25,640.559
3874,87.5,5.469,640.559
3875,100.0,6.25,640.559
3876,112.5,7.031,640.559
3877,100.0,6.25,640.559
3878,100.0,6.25,640.559
3879,87.5,5.469,640.559
3880,100.0,6.25,640.559
3881,112.5,7.031,640.559
3882,100.0,6.25,640.559
3883,87.5,5.469,640.559
3884,100.0,6.25,640.559
3885,100.0,6.25,640.559
3886,100.0,6.25,640.559
3887,89.3,5.581,640.559
3888,113.6,7.1,640.559
3889,89.3,5.581,640.559
3890,87.5,5.469,640.559
3891,100.0,6.25,640.559
3892,112.5,7.031,640.559
3893,100.0,6.25,640.559
3894,100.0,6.25,640.559
3895,87.5,5.469,640.559
3896,87.5,5.469,640.996
3897,100.0,6.25,641.641
3898,100.0,6.25,642.371
3899,100.0,6.25,658.922
3900,100.0,6.25,659.562
3901,100.0,6.25,660.324
3902,100.0,6.25,661.109
3903,100.0,6.25,661.742
3904,100.0,6.25,662.391
3905,100.0,6.25,663.082
3906,100.0,6.25,663.859
3907,100.0,6.25,664.547
3908,100.0,6.25,665.133
3909,100.0,6.25,665.848
3910,87.5,5.469,666.383
3911,100.0,6.25,667.133
3912,88.7,5.544,667.805
3913,114.7,7.169,668.438
3914,100.0,6.25,669.152
3915,100.0,6.25,669.875
3916,88.7,5.544,670.48
3917,114.7,7.169,671.07
3918,100.0,6.25,671.797
3919,100.0,6.25,672.492
3920,100.0,6.25,673.117
3921,88.7,5.544,673.816
3922,112.5,7.031,674.59
3923,100.0,6.25,675.316
3924,87.5,5.469,675.992
3925,87.5,5.469,676.688
3926,100.0,6.25,677.402
3927,100.0,6.25,678.062
3928,87.5,5.469,678.676
3929,87.5,5.469,679.367
3930,100.0,6.25,679.996
3931,112.5,7.031,680.684
3932,100.0,6.25,681.371
3933,100.0,6.25,681.875
3934,100.0,6.25,682.578
3935,87.5,5.469,683.207
3936,97.8,6.112,658.922
3937,112.5,7.031,629.297
3938,0.0,0.0,629.297
3939,0.0,0.0,629.297
3940,0.0,0.0,629.297
3941,0.0,0.0,629.297
3942,0.0,0.0,629.297
3943,0.0,0.0,629.297
3944,0.0,0.0,629.297
3945,0.0,0.0,629.297
3946,0.0,0.0,629.297
3947,0.0,0.0,629.297
3948,0.0,0.0,629.297
3949,0.0,0.0,629.297
3950,0.0,0.0,629.297
3951,0.0,0.0,629.297
3952,0.0,0.0,629.297
3953,0.0,0.0,629.297
3954,0.0,0.0,629.297
3955,0.0,0.0,629.297
3956,0.0,0.0,629.297
3957,0.0,0.0,629.297
3958,0.0,0.0,629.297
3959,0.0,0.0,629.297
3960,0.0,0.0,629.297
3961,0.0,0.0,629.297
3962,14.2,0.887,629.297
3963,0.0,0.0,629.297
3964,0.0,0.0,629.297
3965,0.0,0.0,629.297
3966,0.0,0.0,629.297
3967,0.0,0.0,629.297
3968,0.0,0.0,629.297
3969,0.0,0.0,629.297
3970,0.0,0.0,629.297
3971,0.0,0.0,629.297
3972,0.0,0.0,629.297
3973,0.0,0.0,629.297
3974,0.0,0.0,629.297
3975,0.0,0.0,629.297
3976,0.0,0.0,629.297
3977,0.0,0.0,629.297
3978,0.0,0.0,629.297
3979,0.0,0.0,629.297
3980,0.0,0.0,629.297
3981,0.0,0.0,629.297
3982,0.0,0.0,629.297
3983,0.0,0.0,629.297
3984,0.0,0.0,629.297
3985,0.0,0.0,629.297
3986,0.0,0.0,629.297
3987,0.0,0.0,629.297
3988,0.0,0.0,629.297
3989,0.0,0.0,629.297
3990,0.0,0.0,629.297
3991,0.0,0.0,629.297
3992,0.0,0.0,629.297
3993,0.0,0.0,629.297
3994,0.0,0.0,629.297
3995,0.0,0.0,629.297
3996,0.0,0.0,629.297
3997,0.0,0.0,629.297
3998,0.0,0.0,629.297
3999,0.0,0.0,629.297
4000,0.0,0.0,629.297
4001,0.0,0.0,629.297
4002,0.0,0.0,629.297
4003,0.0,0.0,629.297
4004,0.0,0.0,629.297
4005,0.0,0.0,629.297
4006,0.0,0.0,629.297
4007,0.0,0.0,629.297
4008,0.0,0.0,629.297
4009,0.0,0.0,629.297
4010,0.0,0.0,629.297
4011,0.0,0.0,629.297
4012,0.0,0.0,629.297
4013,0.0,0.0,629.297
4014,0.0,0.0,629.297
4015,0.0,0.0,629.297
4016,0.0,0.0,629.297
4017,0.0,0.0,629.297
4018,0.0,0.0,629.297
4019,0.0,0.0,629.297
4020,0.0,0.0,629.297
4021,0.0,0.0,629.297
4022,0.0,0.0,629.297
4023,0.0,0.0,629.297
4024,0.0,0.0,629.297
4025,0.0,0.0,629.297
4026,0.0,0.0,629.297
4027,0.0,0.0,629.297
4028,0.0,0.0,629.297
4029,14.2,0.887,629.297
4030,0.0,0.0,629.297
4031,0.0,0.0,629.297
4032,0.0,0.0,629.297
4033,0.0,0.0,629.297
4034,0.0,0.0,629.297
4035,0.0,0.0,629.297
4036,0.0,0.0,629.297
4037,0.0,0.0,629.297
4038,0.0,0.0,629.297
4039,0.0,0.0,629.297
4040,0.0,0.0,629.297
4041,0.0,0.0,629.297
4042,14.3,0.894,629.297
4043,0.0,0.0,629.297
4044,0.0,0.0,629.297
4045,0.0,0.0,629.297
4046,0.0,0.0,629.297
4047,0.0,0.0,629.297
4048,0.0,0.0,629.297
4049,0.0,0.0,629.297
4050,0.0,0.0,629.297
4051,0.0,0.0,629.297
4052,0.0,0.0,629.297
4053,0.0,0.0,629.297
4054,0.0,0.0,629.297
4055,0.0,0.0,629.297
4056,0.0,0.0,629.297
4057,0.0,0.0,629.297
4058,0.0,0.0,629.297
4059,0.0,0.0,629.297
4060,0.0,0.0,629.297
4061,0.0,0.0,629.297
4062,0.0,0.0,629.297
4063,0.0,0.0,629.297
4064,0.0,0.0,629.297
4065,0.0,0.0,629.297
4066,0.0,0.0,629.297
4067,0.0,0.0,629.297
4068,0.0,0.0,629.297
4069,0.0,0.0,629.297
4070,0.0,0.0,629.297
4071,0.0,0.0,629.297
4072,0.0,0.0,629.297
4073,0.0,0.0,629.297
4074,0.0,0.0,629.297
4075,0.0,0.0,629.297
4076,0.0,0.0,629.297
4077,0.0,0.0,629.297
4078,0.0,0.0,629.297
4079,0.0,0.0,629.297
4080,0.0,0.0,629.297
4081,0.0,0.0,629.297
4082,0.0,0.0,629.297
4083,0.0,0.0,629.297
4084,0.0,0.0,629.297
4085,0.0,0.0,629.297
4086,0.0,0.0,629.297
4087,0.0,0.0,629.297
4088,0.0,0.0,629.297
4089,0.0,0.0,629.297
4090,0.0,0.0,629.297
4091,0.0,0.0,629.297
4092,0.0,0.0,629.297
4093,0.0,0.0,629.297
4094,0.0,0.0,629.297
4095,0.0,0.0,629.297
4096,0.0,0.0,629.297
4097,0.0,0.0,629.297
4098,0.0,0.0,629.297
4099,0.0,0.0,629.297
4100,0.0,0.0,629.297
4101,0.0,0.0,629.297
4102,0.0,0.0,629.297
4103,14.2,0.887,629.297
4104,0.0,0.0,629.297
4105,0.0,0.0,629.297
4106,0.0,0.0,629.297
4107,0.0,0.0,629.297
4108,0.0,0.0,629.297
4109,0.0,0.0,629.297
4110,0.0,0.0,629.297
4111,0.0,0.0,629.297
4112,0.0,0.0,629.297
4113,0.0,0.0,629.297
4114,0.0,0.0,629.297
4115,0.0,0.0,629.297
4116,0.0,0.0,629.297
4117,0.0,0.0,629.297
4118,0.0,0.0,629.297
4119,0.0,0.0,629.297
4120,0.0,0.0,629.297
4121,0.0,0.0,629.297
4122,0.0,0.0,629.297
4123,0.0,0.0,629.297
4124,0.0,0.0,629.297
4125,0.0,0.0,629.297
4126,0.0,0.0,629.301
4127,0.0,0.0,629.301
4128,0.0,0.0,629.301
4129,0.0,0.0,629.301
4130,0.0,0.0,629.301
4131,0.0,0.0,629.301
4132,0.0,0.0,629.301
4133,14.2,0.887,629.301
4134,0.0,0.0,629.301
4135,0.0,0.0,629.301
4136,0.0,0.0,629.301
4137,0.0,0.0,629.301
4138,0.0,0.0,629.301
4139,25.0,1.562,625.309
4140,100.0,6.25,625.309
4141,100.0,6.25,627.312
4142,87.5,5.469,627.312
4143,87.5,5.469,627.312
4144,100.0,6.25,627.312
4145,112.5,7.031,627.312
4146,100.0,6.25,629.312
4147,87.5,5.469,629.312
4148,87.5,5.469,629.312
4149,112.5,7.031,629.316
4150,100.0,6.25,629.566
4151,87.5,5.469,629.566
4152,112.5,7.031,629.566
4153,100.0,6.25,633.566
4154,100.0,6.25,633.566
4155,100.0,6.25,633.566
4156,100.0,6.25,633.566
4157,100.0,6.25,633.566
4158,89.3,5.581,633.566
4159,100.0,6.25,633.566
4160,100.0,6.25,633.566
4161,100.0,6.25,633.566
4162,112.5,7.031,633.566
4163,100.0,6.25,633.566
4164,100.0,6.25,633.566
4165,87.5,5.469,633.566
4166,100.0,6.25,633.566
4167,100.0,6.25,641.566
4168,100.0,6.25,641.566
4169,87.5,5.469,641.566
4170,100.0,6.25,641.566
4171,100.0,6.25,641.566
4172,87.5,5.469,641.566
4173,100.0,6.25,641.566
4174,100.0,6.25,641.566
4175,100.0,6.25,641.566
4176,100.0,6.25,641.566
4177,100.0,6.25,641.566
4178,100.0,6.25,641.566
4179,100.0,6.25,641.566
4180,88.7,5.544,641.566
4181,100.0,6.25,641.566
4182,100.0,6.25,641.566
4183,100.0,6.25,641.566
4184,100.0,6.25,641.566
4185,100.0,6.25,641.566
4186,100.0,6.25,641.566
4187,112.5,7.031,641.566
4188,87.5,5.469,641.566
4189,87.5,5.469,641.566
4190,100.0,6.25,641.566
4191,100.0,6.25,641.566
4192,100.0,6.25,641.566
4193,100.0,6.25,641.566
4194,87.5,5.469,642.141
4195,100.0,6.25,642.812
4196,100.0,6.25,659.441
4197,100.0,6.25,660.191
4198,100.0,6.25,660.867
4199,100.0,6.25,661.543
4200,100.0,6.25,662.219
4201,112.5,7.031,663.062
4202,78.1,4.881,663.703
4203,100.0,6.25,664.262
4204,100.0,6.25,664.961
4205,100.0,6.25,665.734
4206,75.0,4.688,666.43
4207,100.0,6.25,667.184
4208,100.0,6.25,667.91
4209,112.5,7.031,668.59
4210,50.0,3.125,669.363
4211,75.0,4.688,670.129
4212,75.0,4.688,670.762
4213,100.0,6.25,671.492
4214,100.0,6.25,672.254
4215,87.5,5.469,672.918
4216,100.0,6.25,673.66
4217,87.5,5.469,674.434
4218,112.5,7.031,675.176
4219,75.0,4.688,675.895
4220,87.5,5.469,676.512
4221,100.0,6.25,677.168
4222,100.0,6.25,677.855
4223,62.5,3.906,678.422
4224,112.5,7.031,679.176
4225,100.0,6.25,679.895
4226,100.0,6.25,680.531
4227,100.0,6.25,681.219
4228,100.0,6.25,681.77
4229,50.0,3.125,682.102
4230,100.0,6.25,682.738
4231,91.1,5.694,658.98
4232,85.2,5.325,631.355
4233,0.0,0.0,631.355
4234,0.0,0.0,631.355
4235,14.3,0.894,631.355
4236,0.0,0.0,631.355
4237,0.0,0.0,631.355
4238,0.0,0.0,631.355
4239,0.0,0.0,631.355
4240,0.0,0.0,631.355
4241,0.0,0.0,631.355
4242,0.0,0.0,631.355
4243,0.0,0.0,631.355
4244,0.0,0.0,631.355
4245,0.0,0.0,631.355
4246,0.0,0.0,631.355
4247,0.0,0.0,631.352
4248,0.0,0.0,631.352
4249,0.0,0.0,631.352
4250,0.0,0.0,631.352
4251,0.0,0.0,631.352
4252,0.0,0.0,631.352
4253,0.0,0.0,631.355
4254,0.0,0.0,631.355
4255,12.5,0.781,630.367
4256,0.0,0.0,630.367
4257,0.0,0.0,630.367
4258,0.0,0.0,630.367
4259,0.0,0.0,630.367
4260,0.0,0.0,630.367
4261,0.0,0.0,630.367
4262,0.0,0.0,630.367
4263,0.0,0.0,630.367
4264,0.0,0.0,630.367
4265,0.0,0.0,630.367
4266,0.0,0.0,630.367
4267,0.0,0.0,630.367
4268,0.0,0.0,630.367
4269,0.0,0.0,630.367
4270,0.0,0.0,630.367
4271,0.0,0.0,630.367
4272,0.0,0.0,630.367
4273,0.0,0.0,630.367
4274,0.0,0.0,630.367
4275,0.0,0.0,630.367
4276,0.0,0.0,630.367
4277,0.0,0.0,630.367
4278,0.0,0.0,630.367
4279,0.0,0.0,630.367
4280,0.0,0.0,630.367
4281,0.0,0.0,630.367
4282,0.0,0.0,630.367
4283,0.0,0.0,630.367
4284,0.0,0.0,630.367
4285,0.0,0.0,630.367
4286,0.0,0.0,630.367
4287,0.0,0.0,630.367
4288,0.0,0.0,630.367
4289,0.0,0.0,630.367
4290,0.0,0.0,630.367
4291,0.0,0.0,630.367
4292,0.0,0.0,630.367
4293,0.0,0.0,630.367
4294,0.0,0.0,630.367
4295,0.0,0.0,630.367
4296,0.0,0.0,630.367
4297,0.0,0.0,630.367
4298,0.0,0.0,630.367
4299,0.0,0.0,630.367
4300,0.0,0.0,630.367
4301,0.0,0.0,630.367
4302,0.0,0.0,630.367
4303,0.0,0.0,630.367
4304,0.0,0.0,630.367
4305,0.0,0.0,630.367
4306,0.0,0.0,630.367
4307,0.0,0.0,630.367
4308,0.0,0.0,630.367
4309,0.0,0.0,630.367
4310,0.0,0.0,630.367
4311,0.0,0.0,630.367
4312,0.0,0.0,630.367
4313,0.0,0.0,630.367
4314,0.0,0.0,630.367
4315,0.0,0.0,630.367
4316,0.0,0.0,630.367
4317,0.0,0.0,630.367
4318,0.0,0.0,630.367
4319,0.0,0.0,630.367
4320,0.0,0.0,630.367
4321,0.0,0.0,630.367
4322,0.0,0.0,630.367
4323,0.0,0.0,630.367
4324,0.0,0.0,630.367
4325,0.0,0.0,630.367
4326,0.0,0.0,630.367
4327,0.0,0.0,630.367
4328,0.0,0.0,630.367
4329,0.0,0.0,630.367
4330,25.0,1.562,626.445
4331,100.0,6.25,626.445
4332,100.0,6.25,628.449
4333,100.0,6.25,628.449
4334,100.0,6.25,628.449
4335,100.0,6.25,628.449
4336,100.0,6.25,628.449
4337,100.0,6.25,628.449
4338,100.0,6.25,630.449
4339,100.0,6.25,630.449
4340,100.0,6.25,630.449
4341,100.0,6.25,630.449
4342,100.0,6.25,630.449
4343,100.0,6.25,630.449
4344,100.0,6.25,630.449
4345,100.0,6.25,630.449
4346,100.0,6.25,634.449
4347,100.0,6.25,634.453
4348,100.0,6.25,634.453
4349,89.3,5.581,634.453
4350,113.6,7.1,634.453
4351,100.0,6.25,634.453
4352,89.3,5.581,634.453
4353,100.0,6.25,634.453
4354,113.6,7.1,634.453
4355,100.0,6.25,634.641
4356,100.0,6.25,634.641
4357,100.0,6.25,634.641
4358,100.0,6.25,634.641
4359,100.0,6.25,634.641
4360,100.0,6.25,634.641
4361,100.0,6.25,642.641
4362,100.0,6.25,642.641
4363,100.0,6.25,642.641
4364,100.0,6.25,642.641
4365,87.5,5.469,642.641
4366,100.0,6.25,642.641
4367,89.3,5.581,642.641
4368,112.5,7.031,642.641
4369,100.0,6.25,642.641
4370,100.0,6.25,642.641
4371,100.0,6.25,642.641
4372,100.0,6.25,642.641
4373,100.0,6.25,642.641
4374,100.0,6.25,642.641
4375,75.0,4.688,642.641
4376,100.0,6.25,642.641
4377,112.5,7.031,642.641
4378,100.0,6.25,642.641
4379,87.5,5.469,642.641
4380,112.5,7.031,642.641
4381,75.0,4.688,642.641
4382,100.0,6.25,642.641
4383,87.5,5.469,642.641
4384,112.5,7.031,642.641
4385,100.0,6.25,642.641
4386,100.0,6.25,642.641
4387,100.0,6.25,642.641
4388,100.0,6.25,642.641
4389,88.7,5.544,642.641
4390,100.4,6.275,658.848
4391,87.5,5.469,659.52
4392,113.6,7.1,660.141
4393,100.0,6.25,660.891
4394,100.0,6.25,661.523
4395,100.0,6.25,662.262
4396,100.0,6.25,662.996
4397,100.0,6.25,663.785
4398,100.0,6.25,664.547
4399,89.3,5.581,665.301
4400,113.6,7.1,666.016
4401,100.0,6.25,666.734
4402,100.0,6.25,667.465
4403,89.3,5.581,668.262
4404,113.6,7.1,668.832
4405,100.0,6.25,669.512
4406,100.0,6.25,670.176
4407,100.0,6.25,670.832
4408,100.0,6.25,671.531
4409,100.0,6.25,672.262
4410,100.0,6.25,672.973
4411,100.0,6.25,673.703
4412,100.0,6.25,674.516
4413,100.0,6.25,675.184
4414,100.0,6.25,675.918
4415,100.0,6.25,676.672
4416,78.1,4.881,677.309
4417,113.6,7.1,678.02
4418,100.0,6.25,678.707
4419,100.0,6.25,679.434
4420,100.0,6.25,680.176
4421,100.0,6.25,680.895
4422,100.0,6.25,681.574
4423,100.0,6.25,682.133
4424,100.0,6.25,682.852
4425,98.0,6.125,658.957
4426,86.0,5.375,630.332
4427,0.0,0.0,630.332
4428,0.0,0.0,630.332
4429,0.0,0.0,630.332
4430,14.2,0.887,630.332
4431,0.0,0.0,630.332
4432,0.0,0.0,630.332
4433,0.0,0.0,630.332
4434,0.0,0.0,630.332
4435,0.0,0.0,630.348
4436,0.0,0.0,630.348
4437,0.0,0.0,630.348
4438,0.0,0.0,630.348
4439,0.0,0.0,630.348
4440,0.0,0.0,630.348
4441,14.3,0.894,630.617
4442,0.0,0.0,630.617
4443,0.0,0.0,630.617
4444,0.0,0.0,630.617
4445,0.0,0.0,630.617
4446,0.0,0.0,630.617
4447,0.0,0.0,630.617
4448,0.0,0.0,630.617
4449,0.0,0.0,630.617
4450,0.0,0.0,630.617
4451,0.0,0.0,630.617
4452,0.0,0.0,630.617
4453,14.2,0.887,630.648
4454,100.0,6.25,627.734
4455,100.0,6.25,629.809
4456,100.0,6.25,629.809
4457,100.0,6.25,629.809
4458,100.0,6.25,629.809
4459,100.0,6.25,629.809
4460,100.0,6.25,629.809
4461,100.0,6.25,631.809
4462,87.5,5.469,631.809
4463,100.0,6.25,631.809
4464,112.5,7.031,631.809
4465,100.0,6.25,631.809
4466,78.1,4.881,631.809
4467,100.0,6.25,631.809
4468,100.0,6.25,635.809
4469,100.0,6.25,635.809
4470,87.5,5.469,635.809
4471,112.5,7.031,635.809
4472,100.0,6.25,635.809
4473,100.0,6.25,635.809
4474,100.0,6.25,635.809
4475,100.0,6.25,635.809
4476,100.0,6.25,635.809
4477,87.5,5.469,635.809
4478,100.0,6.25,635.809
4479,100.0,6.25,635.809
4480,100.0,6.25,635.809
4481,100.0,6.25,635.809
4482,100.0,6.25,635.809
4483,100.0,6.25,635.809
4484,100.0,6.25,635.809
4485,88.7,5.544,643.809
4486,114.7,7.169,643.809
4487,100.0,6.25,643.809
4488,100.0,6.25,643.809
4489,100.0,6.25,643.809
4490,88.7,5.544,643.809
4491,112.5,7.031,643.809
4492,100.0,6.25,643.809
4493,100.0,6.25,643.809
4494,100.0,6.25,643.809
4495,88.7,5.544,643.809
4496,114.7,7.169,643.809
4497,100.0,6.25,643.809
4498,100.0,6.25,643.809
4499,88.7,5.544,643.809
4500,114.7,7.169,643.809
4501,100.0,6.25,643.809
4502,88.7,5.544,643.809
4503,100.0,6.25,643.809
4504,114.7,7.169,643.809
4505,100.0,6.25,643.809
4506,88.7,5.544,643.809
4507,100.0,6.25,643.809
4508,100.3,6.269,643.809
4509,100.0,6.25,643.812
4510,88.7,5.544,643.812
4511,100.0,6.25,643.812
4512,100.0,6.25,643.812
4513,114.7,7.169,643.812
4514,100.0,6.25,643.812
4515,77.6,4.85,643.812
4516,100.0,6.25,643.812
4517,100.3,6.269,659.812
4518,100.0,6.25,660.25
4519,100.0,6.25,660.938
4520,100.0,6.25,661.633
4521,100.0,6.25,662.383
4522,100.0,6.25,663.129
4523,100.0,6.25,663.848
4524,100.0,6.25,664.621
4525,100.0,6.25,665.309
4526,77.6,4.85,666.035
4527,100.0,6.25,666.742
4528,100.0,6.25,667.461
4529,100.0,6.25,668.184
4530,100.0,6.25,668.859
4531,100.0,6.25,669.602
4532,100.0,6.25,670.348
4533,100.0,6.25,671.086
4534,100.0,6.25,671.805
4535,112.5,7.031,672.484
4536,100.0,6.25,673.242
4537,100.0,6.25,673.992
4538,100.0,6.25,674.715
4539,100.0,6.25,675.48
4540,100.0,6.25,676.242
4541,100.0,6.25,676.973
4542,100.0,6.25,677.68
4543,100.0,6.25,678.391
4544,87.5,5.469,679.109
4545,100.0,6.25,679.863
4546,87.5,5.469,680.508
4547,100.0,6.25,681.148
4548,87.5,5.469,681.871
4549,100.0,6.25,682.508
4550,89.3,5.581,683.238
4551,102.0,6.375,659.492
4552,75.0,4.688,631.867
4553,0.0,0.0,631.867
4554,14.2,0.887,631.879
4555,0.0,0.0,631.879
4556,0.0,0.0,631.879
4557,0.0,0.0,631.879
4558,0.0,0.0,631.879
4559,0.0,0.0,631.879
4560,0.0,0.0,631.879
4561,0.0,0.0,631.879
4562,14.2,0.887,631.883
4563,0.0,0.0,631.883
4564,0.0,0.0,631.883
4565,0.0,0.0,631.883
4566,0.0,0.0,631.883
4567,0.0,0.0,631.883
4568,0.0,0.0,631.883
4569,0.0,0.0,631.887
4570,0.0,0.0,631.891
4571,0.0,0.0,631.891
4572,14.3,0.894,631.891
4573,0.0,0.0,631.891
4574,0.0,0.0,631.891
4575,0.0,0.0,631.891
4576,0.0,0.0,631.891
4577,0.0,0.0,631.891
4578,0.0,0.0,631.891
4579,0.0,0.0,631.891
4580,0.0,0.0,631.891
4581,0.0,0.0,631.891
4582,0.0,0.0,631.891
4583,0.0,0.0,631.891
4584,0.0,0.0,631.891
4585,0.0,0.0,631.891
4586,0.0,0.0,631.891
4587,0.0,0.0,631.891
4588,87.5,5.469,628.895
4589,100.0,6.25,630.898
4590,112.5,7.031,630.898
4591,100.0,6.25,630.898
4592,100.0,6.25,630.898
4593,100.0,6.25,630.898
4594,100.0,6.25,630.898
4595,100.0,6.25,632.898
4596,100.0,6.25,632.898
4597,100.0,6.25,632.898
4598,100.0,6.25,632.898
4599,89.3,5.581,632.898
4600,100.0,6.25,632.898
4601,100.0,6.25,636.898
4602,100.0,6.25,636.898
4603,100.0,6.25,636.898
4604,100.0,6.25,636.898
4605,100.0,6.25,636.898
4606,100.0,6.25,636.898
4607,100.0,6.25,636.898
4608,100.0,6.25,636.898
4609,75.0,4.688,636.898
4610,100.0,6.25,636.898
4611,100.0,6.25,636.898
4612,100.0,6.25,636.898
4613,100.0,6.25,636.898
4614,100.0,6.25,637.02
4615,100.0,6.25,645.703
4616,75.0,4.688,645.871
4617,88.7,5.544,645.871
4618,114.7,7.169,645.871
4619,77.6,4.85,645.871
4620,100.0,6.25,645.871
4621,100.0,6.25,645.871
4622,112.5,7.031,645.871
4623,100.0,6.25,645.871
4624,75.0,4.688,645.871
4625,87.5,5.469,645.871
4626,100.0,6.25,645.871
4627,87.5,5.469,645.871
4628,100.0,6.25,645.871
4629,87.5,5.469,645.871
4630,87.5,5.469,645.871
4631,87.5,5.469,645.871
4632,87.5,5.469,645.871
4633,87.5,5.469,645.871
4634,75.0,4.688,645.871
4635,75.0,4.688,645.871
4636,87.5,5.469,645.871
4637,100.0,6.25,645.871
4638,87.5,5.469,645.871
4639,100.0,6.25,645.871
4640,100.0,6.25,645.871
4641,87.5,5.469,645.871
4642,100.0,6.25,645.871
4643,100.0,6.25,645.871
4644,87.5,5.469,645.871
4645,88.7,5.544,661.871
4646,86.0,5.375,661.875
4647,87.5,5.469,661.875
4648,87.5,5.469,661.875
4649,87.5,5.469,662.145
4650,77.6,4.85,662.754
4651,100.0,6.25,663.473
4652,89.3,5.581,664.285
4653,100.0,6.25,665.043
4654,100.0,6.25,665.664
4655,87.5,5.469,666.379
4656,100.0,6.25,667.02
4657,100.0,6.25,667.734
4658,75.0,4.688,668.363
4659,100.0,6.25,668.945
4660,100.0,6.25,669.562
4661,87.5,5.469,670.191
4662,75.0,4.688,670.875
4663,100.0,6.25,671.52
4664,87.5,5.469,672.223
4665,100.0,6.25,672.953
4666,87.5,5.469,673.691
4667,100.0,6.25,674.445
4668,100.0,6.25,675.18
4669,100.0,6.25,675.871
4670,100.0,6.25,676.609
4671,100.0,6.25,677.375
4672,87.5,5.469,678.062
4673,87.5,5.469,678.812
4674,100.0,6.25,679.473
4675,100.0,6.25,680.16
4676,100.0,6.25,680.891
4677,100.0,6.25,681.523
4678,87.5,5.469,682.266
4679,100.0,6.25,682.707
4680,87.5,5.469,683.348
4681,100.0,6.25,684.016
4682,100.0,6.25,659.871
4683,86.0,5.375,634.246
4684,0.0,0.0,634.246
4685,14.3,0.894,634.246
4686,0.0,0.0,634.246
4687,0.0,0.0,634.246
4688,0.0,0.0,634.246
4689,0.0,0.0,634.246
4690,0.0,0.0,634.246
4691,0.0,0.0,634.246
4692,0.0,0.0,634.246
4693,0.0,0.0,634.246
4694,0.0,0.0,634.246
4695,0.0,0.0,634.246
4696,0.0,0.0,634.246
4697,0.0,0.0,634.246
4698,0.0,0.0,634.246
4699,0.0,0.0,634.246
4700,0.0,0.0,634.246
4701,0.0,0.0,634.246
4702,0.0,0.0,634.246
4703,0.0,0.0,634.246
4704,0.0,0.0,634.246
4705,0.0,0.0,634.246
4706,0.0,0.0,634.246
4707,0.0,0.0,634.246
4708,0.0,0.0,634.246
4709,0.0,0.0,634.246
4710,0.0,0.0,634.246
4711,0.0,0.0,634.246
4712,0.0,0.0,634.246
4713,0.0,0.0,634.246
4714,0.0,0.0,634.246
4715,0.0,0.0,634.246
4716,0.0,0.0,634.246
4717,0.0,0.0,634.246
4718,0.0,0.0,634.246
4719,0.0,0.0,634.246
4720,0.0,0.0,634.246
4721,0.0,0.0,634.246
4722,0.0,0.0,634.246
4723,0.0,0.0,634.246
4724,0.0,0.0,634.246
4725,0.0,0.0,634.246
4726,0.0,0.0,634.246
4727,0.0,0.0,634.246
4728,0.0,0.0,634.246
4729,0.0,0.0,634.246
4730,0.0,0.0,634.246
4731,0.0,0.0,634.246
4732,0.0,0.0,634.246
4733,0.0,0.0,634.246
4734,0.0,0.0,634.246
4735,0.0,0.0,634.246
4736,0.0,0.0,634.246
4737,0.0,0.0,634.246
4738,0.0,0.0,634.246
4739,0.0,0.0,634.246
4740,0.0,0.0,634.246
4741,0.0,0.0,634.246
4742,0.0,0.0,634.246
4743,0.0,0.0,634.246
4744,0.0,0.0,634.246
4745,0.0,0.0,634.246
4746,0.0,0.0,634.246
4747,0.0,0.0,634.246
4748,0.0,0.0,634.246
4749,14.2,0.887,634.246
4750,0.0,0.0,634.246
4751,0.0,0.0,634.246
4752,0.0,0.0,634.246
4753,0.0,0.0,634.246
4754,0.0,0.0,634.246
4755,28.7,1.794,634.27
4756,0.0,0.0,634.27
4757,0.0,0.0,634.27
4758,14.3,0.894,634.27
4759,14.3,0.894,634.27
4760,0.0,0.0,634.27
4761,0.0,0.0,634.27
4762,0.0,0.0,634.27
4763,0.0,0.0,634.27
4764,0.0,0.0,634.27
4765,0.0,0.0,634.27
4766,0.0,0.0,634.27
4767,0.0,0.0,634.27
4768,0.0,0.0,634.27
4769,0.0,0.0,634.27
4770,14.2,0.887,634.27
4771,0.0,0.0,634.27
4772,0.0,0.0,634.27
4773,0.0,0.0,634.27
4774,0.0,0.0,634.27
4775,0.0,0.0,634.27
4776,0.0,0.0,634.27
4777,0.0,0.0,634.27
4778,0.0,0.0,634.27
4779,0.0,0.0,634.27
4780,0.0,0.0,634.27
4781,0.0,0.0,634.27
4782,0.0,0.0,634.27
4783,0.0,0.0,634.27
4784,0.0,0.0,634.27
4785,0.0,0.0,634.27
4786,0.0,0.0,634.27
4787,0.0,0.0,634.27
4788,0.0,0.0,634.27
4789,0.0,0.0,634.27
4790,0.0,0.0,634.27
4791,0.0,0.0,634.27
4792,0.0,0.0,634.27
4793,0.0,0.0,634.27
4794,0.0,0.0,634.27
4795,0.0,0.0,634.27
4796,0.0,0.0,634.27
4797,0.0,0.0,634.27
4798,0.0,0.0,634.27
4799,0.0,0.0,634.27
4800,0.0,0.0,634.27
4801,0.0,0.0,634.27
4802,0.0,0.0,634.27
4803,0.0,0.0,634.27
4804,0.0,0.0,634.27
4805,0.0,0.0,634.27
4806,0.0,0.0,634.27
4807,0.0,0.0,634.27
4808,0.0,0.0,634.27
4809,0.0,0.0,634.27
4810,0.0,0.0,634.27
4811,0.0,0.0,634.27
4812,0.0,0.0,634.27
4813,0.0,0.0,634.27
4814,0.0,0.0,634.27
4815,0.0,0.0,634.27
4816,0.0,0.0,634.27
4817,0.0,0.0,634.27
4818,0.0,0.0,634.27
4819,0.0,0.0,634.27
4820,0.0,0.0,634.27
4821,0.0,0.0,634.27
4822,100.0,6.25,630.895
4823,100.0,6.25,630.895
4824,77.6,4.85,632.898
4825,100.0,6.25,632.898
4826,87.5,5.469,632.898
4827,100.0,6.25,632.898
4828,87.5,5.469,632.898
4829,100.0,6.25,634.898
4830,100.0,6.25,634.898
4831,100.0,6.25,634.898
4832,87.5,5.469,634.898
4833,100.0,6.25,634.898
4834,100.0,6.25,634.898
4835,100.0,6.25,634.898
4836,87.5,5.469,634.898
4837,100.3,6.269,638.898
4838,88.7,5.544,638.898
4839,100.0,6.25,638.898
4840,100.0,6.25,638.898
4841,114.7,7.169,638.898
4842,88.7,5.544,638.898
4843,75.0,4.688,638.898
4844,87.5,5.469,638.898
4845,87.5,5.469,638.898
4846,100.0,6.25,638.898
4847,100.0,6.25,638.898
4848,100.0,6.25,638.898
4849,86.0,5.375,638.898
4850,88.7,5.544,638.898
4851,100.4,6.275,638.898
4852,75.0,4.688,638.898
4853,100.0,6.25,646.898
4854,113.6,7.1,646.898
4855,89.3,5.581,646.898
4856,100.0,6.25,646.898
4857,100.0,6.25,646.898
4858,62.5,3.906,646.898
4859,99.4,6.213,646.898
4860,100.3,6.269,646.898
4861,100.0,6.25,646.898
4862,100.0,6.25,646.898
4863,100.0,6.25,646.898
4864,85.2,5.325,646.898
4865,100.0,6.25,646.898
4866,78.1,4.881,646.898
4867,99.4,6.213,646.898
4868,87.5,5.469,646.898
4869,100.0,6.25,646.898
4870,67.0,4.188,646.898
4871,99.4,6.213,646.898
4872,62.5,3.906,646.898
4873,100.0,6.25,646.898
4874,75.0,4.688,646.898
4875,75.0,4.688,646.898
4876,87.5,5.469,646.898
4877,87.5,5.469,646.898
4878,100.0,6.25,646.898
4879,87.5,5.469,646.898
4880,100.0,6.25,646.898
4881,87.5,5.469,646.898
4882,100.0,6.25,646.898
4883,100.0,6.25,646.898
4884,100.0,6.25,646.898
4885,87.5,5.469,646.898
4886,100.0,6.25,646.898
4887,100.0,6.25,646.898
4888,100.0,6.25,646.898
4889,100.0,6.25,646.898
4890,87.5,5.469,662.898
4891,100.0,6.25,662.898
4892,100.0,6.25,662.898
4893,100.0,6.25,662.898
4894,100.0,6.25,662.898
4895,100.0,6.25,663.336
4896,100.0,6.25,664.035
4897,100.0,6.25,664.766
4898,100.0,6.25,665.398
4899,100.0,6.25,665.98
4900,100.0,6.25,666.562
4901,100.0,6.25,667.23
4902,100.0,6.25,667.945
4903,100.0,6.25,668.656
4904,100.0,6.25,669.398
4905,75.0,4.688,669.902
4906,87.5,5.469,670.648
4907,100.0,6.25,671.336
4908,100.0,6.25,671.938
4909,100.3,6.269,672.605
4910,88.7,5.544,673.348
4911,100.0,6.25,673.973
4912,112.5,7.031,674.711
4913,87.5,5.469,675.336
4914,100.0,6.25,676.043
4915,100.0,6.25,676.703
4916,100.0,6.25,677.328
4917,75.0,4.688,677.859
4918,87.5,5.469,678.484
4919,100.0,6.25,679.262
4920,100.0,6.25,679.918
4921,100.0,6.25,680.645
4922,87.5,5.469,681.316
4923,112.5,7.031,682.0
4924,100.0,6.25,682.648
4925,100.0,6.25,683.152
4926,87.5,5.469,683.75
4927,94.9,5.931,659.898
4928,71.7,4.481,634.273
4929,0.0,0.0,634.273
4930,0.0,0.0,634.273
4931,14.3,0.894,634.348
4932,14.2,0.887,634.359
4933,0.0,0.0,634.359
4934,0.0,0.0,634.359
4935,0.0,0.0,634.359
4936,0.0,0.0,634.359
4937,0.0,0.0,634.359
4938,0.0,0.0,634.359
4939,14.3,0.894,635.008
4940,0.0,0.0,635.008
4941,0.0,0.0,635.008
4942,0.0,0.0,635.008
4943,0.0,0.0,635.008
4944,0.0,0.0,635.008
4945,0.0,0.0,635.008
4946,0.0,0.0,635.008
4947,0.0,0.0,635.008
4948,0.0,0.0,635.008
4949,0.0,0.0,635.008
4950,0.0,0.0,635.008
4951,0.0,0.0,635.008
4952,0.0,0.0,635.008
4953,0.0,0.0,635.008
4954,0.0,0.0,635.008
4955,0.0,0.0,635.008
4956,0.0,0.0,635.008
4957,0.0,0.0,635.008
4958,0.0,0.0,635.008
4959,0.0,0.0,635.008
4960,0.0,0.0,635.008
4961,0.0,0.0,635.008
4962,0.0,0.0,635.008
4963,0.0,0.0,635.008
4964,0.0,0.0,635.008
4965,0.0,0.0,635.008
4966,0.0,0.0,635.008
4967,33.2,2.075,635.023
4968,10.0,0.625,636.098
4969,114.7,7.169,636.727
4970,37.5,2.344,633.477
4971,0.0,0.0,633.477
4972,0.0,0.0,633.48
4973,0.0,0.0,633.48
4974,0.0,0.0,633.48
4975,14.3,0.894,633.738
4976,14.2,0.887,633.738
4977,0.0,0.0,633.758
4978,0.0,0.0,633.758
4979,0.0,0.0,633.758
4980,0.0,0.0,633.758
4981,0.0,0.0,633.758
4982,0.0,0.0,633.758
4983,0.0,0.0,633.758
4984,0.0,0.0,633.758
4985,0.0,0.0,633.758
4986,0.0,0.0,633.758
4987,14.3,0.894,633.758
4988,0.0,0.0,633.758
4989,0.0,0.0,633.758
4990,0.0,0.0,633.758
4991,0.0,0.0,633.758
4992,0.0,0.0,633.758
4993,0.0,0.0,633.758
4994,0.0,0.0,633.758
4995,0.0,0.0,633.758
4996,0.0,0.0,633.758
4997,0.0,0.0,633.758
4998,0.0,0.0,633.758
4999,0.0,0.0,633.758
5000,0.0,0.0,633.758
5001,0.0,0.0,633.758
5002,0.0,0.0,633.758
5003,0.0,0.0,633.766
5004,100.0,6.25,634.141
5005,86.0,5.375,634.512
5006,75.0,4.688,634.512
5007,100.0,6.25,636.516
5008,100.0,6.25,636.516
5009,99.4,6.213,636.516
5010,100.0,6.25,636.516
5011,100.0,6.25,636.516
5012,100.0,6.25,636.516
5013,86.0,5.375,636.516
5014,88.7,5.544,638.516
5015,114.7,7.169,638.516
5016,55.4,3.462,638.516
5017,87.5,5.469,638.516
5018,100.0,6.25,638.516
5019,75.0,4.688,638.516
5020,100.3,6.269,638.516
5021,100.0,6.25,638.516
5022,75.0,4.688,638.516
5023,62.5,3.906,642.516
5024,85.2,5.325,642.516
5025,78.1,4.881,642.516
5026,75.0,4.688,642.516
5027,100.0,6.25,642.516
5028,113.6,7.1,642.516
5029,100.0,6.25,642.516
5030,100.0,6.25,642.516
5031,100.3,6.269,642.516
5032,87.5,5.469,642.516
5033,87.5,5.469,642.516
5034,114.7,7.169,642.516
5035,100.0,6.25,642.516
5036,100.0,6.25,642.516
5037,100.0,6.25,642.516
5038,100.0,6.25,642.516
5039,100.0,6.25,642.516
5040,100.0,6.25,642.516
5041,87.5,5.469,650.516
5042,100.0,6.25,650.516
5043,100.0,6.25,650.516
5044,100.0,6.25,650.516
5045,100.0,6.25,650.516
5046,66.5,4.156,650.516
5047,100.0,6.25,650.516
5048,100.0,6.25,650.516
5049,75.0,4.688,650.516
5050,100.0,6.25,650.516
5051,87.5,5.469,650.516
5052,100.0,6.25,650.516
5053,75.0,4.688,650.516
5054,100.0,6.25,650.516
5055,100.0,6.25,650.516
5056,100.0,6.25,650.516
5057,100.0,6.25,650.516
5058,100.0,6.25,650.516
5059,100.0,6.25,650.516
5060,37.5,2.344,650.516
5061,100.0,6.25,650.516
5062,100.0,6.25,650.516
5063,100.0,6.25,650.516
5064,100.0,6.25,650.516
5065,100.0,6.25,650.516
5066,100.0,6.25,650.516
5067,100.0,6.25,650.516
5068,100.0,6.25,650.516
5069,87.5,5.469,650.516
5070,100.0,6.25,650.516
5071,100.0,6.25,650.516
5072,100.0,6.25,650.516
5073,87.5,5.469,650.516
5074,100.0,6.25,650.516
5075,87.5,5.469,650.516
5076,100.0,6.25,650.516
5077,100.0,6.25,650.516
5078,100.0,6.25,650.516
5079,100.0,6.25,650.516
5080,75.0,4.688,650.516
5081,87.5,5.469,650.516
5082,100.0,6.25,650.516
5083,100.0,6.25,650.516
5084,75.0,4.688,650.516
5085,114.7,7.169,650.516
5086,87.5,5.469,650.516
5087,75.0,4.688,650.516
5088,100.0,6.25,650.516
5089,100.0,6.25,666.516
5090,87.5,5.469,666.516
5091,100.0,6.25,666.516
5092,100.0,6.25,666.516
5093,112.5,7.031,666.711
5094,100.0,6.25,667.148
5095,100.0,6.25,667.559
5096,100.0,6.25,667.762
5097,87.5,5.469,668.109
5098,100.0,6.25,668.527
5099,112.5,7.031,668.965
5100,100.0,6.25,669.359
5101,100.0,6.25,669.746
5102,77.6,4.85,670.121
5103,100.3,6.269,670.52
5104,85.2,5.325,670.789
5105,100.0,6.25,671.141
5106,87.5,5.469,671.52
5107,114.7,7.169,671.883
5108,87.5,5.469,672.238
5109,114.7,7.169,672.637
5110,87.5,5.469,673.004
5111,100.0,6.25,673.418
5112,87.5,5.469,673.828
5113,100.0,6.25,674.152
5114,113.6,7.1,674.516
5115,100.0,6.25,674.809
5116,87.5,5.469,675.203
5117,100.0,6.25,675.516
5118,87.5,5.469,675.781
5119,86.0,5.375,676.098
5120,100.0,6.25,676.453
5121,100.0,6.25,676.809
5122,75.0,4.688,677.172
5123,87.5,5.469,677.539
5124,113.6,7.1,677.949
5125,100.0,6.25,678.297
5126,87.5,5.469,678.676
5127,86.0,5.375,679.035
5128,87.5,5.469,679.414
5129,87.5,5.469,679.801
5130,100.0,6.25,680.219
5131,112.5,7.031,680.672
5132,100.0,6.25,681.07
5133,87.5,5.469,681.484
5134,100.0,6.25,681.859
5135,100.0,6.25,682.219
5136,87.5,5.469,682.598
5137,114.7,7.169,682.984
5138,87.5,5.469,683.305
5139,85.2,5.325,683.676
5140,89.3,5.581,684.078
5141,87.5,5.469,684.395
5142,100.0,6.25,684.695
5143,113.6,7.1,685.113
5144,100.0,6.25,685.426
5145,100.0,6.25,685.801
5146,89.3,5.581,686.137
5147,87.5,5.469,686.469
5148,99.4,6.213,686.762
5149,100.4,6.275,687.039
5150,71.0,4.438,687.301
5151,100.0,6.25,687.609
5152,100.0,6.25,687.906
5153,62.5,3.906,688.113
5154,100.3,6.269,688.344
5155,100.0,6.25,688.562
5156,66.5,4.156,688.863
5157,100.3,6.269,689.168
5158,90.1,5.631,666.09
5159,112.5,7.031,640.465
5160,0.0,0.0,640.465
5161,0.0,0.0,640.465
5162,0.0,0.0,640.465
5163,0.0,0.0,640.465
5164,0.0,0.0,640.465
5165,14.3,0.894,640.465
5166,0.0,0.0,640.465
5167,0.0,0.0,640.465
5168,0.0,0.0,640.465
5169,0.0,0.0,640.465
5170,14.3,0.894,640.465
5171,0.0,0.0,640.465
5172,0.0,0.0,640.465
5173,14.3,0.894,640.465
5174,33.2,2.075,640.465
5175,0.0,0.0,640.465
5176,0.0,0.0,640.465
5177,0.0,0.0,640.465
5178,0.0,0.0,640.465
5179,14.3,0.894,640.465
5180,0.0,0.0,640.465
5181,0.0,0.0,640.465
5182,25.0,1.562,637.445
5183,114.7,7.169,637.445
5184,100.0,6.25,637.445
5185,100.0,6.25,637.445
5186,100.0,6.25,639.449
5187,75.0,4.688,639.449
5188,112.5,7.031,639.449
5189,87.5,5.469,639.449
5190,113.6,7.1,639.449
5191,100.0,6.25,639.449
5192,86.0,5.375,639.449
5193,75.0,4.688,639.449
5194,99.4,6.213,639.449
5195,75.0,4.688,639.449
5196,114.7,7.169,639.449
5197,87.5,5.469,641.449
5198,100.0,6.25,641.449
5199,100.0,6.25,641.449
5200,75.0,4.688,641.449
5201,114.7,7.169,641.449
5202,88.7,5.544,641.449
5203,87.5,5.469,641.449
5204,114.7,7.169,641.449
5205,100.0,6.25,641.449
5206,99.4,6.213,641.449
5207,100.0,6.25,641.449
5208,87.5,5.469,641.449
5209,100.0,6.25,641.449
5210,114.7,7.169,641.449
5211,100.0,6.25,645.449
5212,100.0,6.25,645.449
5213,100.0,6.25,645.449
5214,100.0,6.25,645.449
5215,87.5,5.469,645.449
5216,100.0,6.25,645.449
5217,100.0,6.25,645.449
5218,87.5,5.469,645.449
5219,100.0,6.25,645.449
5220,66.5,4.156,645.449
5221,100.3,6.269,645.449
5222,100.0,6.25,645.449
5223,100.0,6.25,645.449
5224,87.5,5.469,645.449
5225,87.5,5.469,645.449
5226,62.5,3.906,645.449
5227,100.0,6.25,645.449
5228,100.3,6.269,645.449
5229,100.0,6.25,645.449
5230,87.5,5.469,645.449
5231,87.5,5.469,645.449
5232,100.0,6.25,645.449
5233,87.5,5.469,645.449
5234,100.0,6.25,645.449
5235,87.5,5.469,645.449
5236,100.0,6.25,645.449
5237,66.5,4.156,645.449
5238,112.5,7.031,653.449
5239,75.0,4.688,653.449
5240,87.5,5.469,653.449
5241,75.0,4.688,653.449
5242,100.0,6.25,653.449
5243,87.5,5.469,653.449
5244,87.5,5.469,653.449
5245,77.6,4.85,653.449
5246,75.0,4.688,653.449
5247,75.0,4.688,653.449
5248,100.0,6.25,653.449
5249,87.5,5.469,653.449
5250,75.0,4.688,653.449
5251,75.0,4.688,653.449
5252,87.5,5.469,653.449
5253,75.0,4.688,653.449
5254,78.1,4.881,653.449
5255,87.5,5.469,653.449
5256,87.5,5.469,653.449
5257,100.0,6.25,653.449
5258,75.0,4.688,653.449
5259,87.5,5.469,653.449
5260,87.5,5.469,653.449
5261,100.0,6.25,653.449
5262,100.0,6.25,653.449
5263,87.5,5.469,653.449
5264,88.7,5.544,653.449
5265,75.0,4.688,653.449
5266,87.5,5.469,653.449
5267,87.5,5.469,653.449
5268,87.5,5.469,653.449
5269,87.5,5.469,653.449
5270,100.0,6.25,653.449
5271,75.0,4.688,653.449
5272,100.0,6.25,653.449
5273,75.0,4.688,653.449
5274,66.5,4.156,653.449
5275,75.0,4.688,653.449
5276,37.5,2.344,653.449
5277,62.5,3.906,653.449
5278,87.5,5.469,653.449
5279,75.0,4.688,653.449
5280,87.5,5.469,653.449
5281,62.5,3.906,653.449
5282,87.5,5.469,653.449
5283,89.3,5.581,653.449
5284,100.0,6.25,653.449
5285,87.5,5.469,653.449
5286,87.5,5.469,653.465
5287,87.5,5.469,653.465
5288,75.0,4.688,653.465
5289,75.0,4.688,653.465
5290,75.0,4.688,653.465
5291,62.5,3.906,669.465
5292,66.5,4.156,669.465
5293,87.5,5.469,669.465
5294,87.5,5.469,669.465
5295,75.0,4.688,669.465
5296,75.0,4.688,669.465
5297,87.5,5.469,669.465
5298,100.0,6.25,669.465
5299,100.0,6.25,669.867
5300,67.0,4.188,670.27
5301,75.0,4.688,670.715
5302,100.0,6.25,671.078
5303,87.5,5.469,671.488
5304,62.5,3.906,671.902
5305,75.0,4.688,672.277
5306,100.0,6.25,672.68
5307,75.0,4.688,673.09
5308,87.5,5.469,673.496
5309,77.6,4.85,673.906
5310,100.0,6.25,674.301
5311,87.5,5.469,674.754
5312,87.5,5.469,675.141
5313,100.0,6.25,675.465
5314,100.0,6.25,675.879
5315,87.5,5.469,676.285
5316,88.7,5.544,676.715
5317,75.0,4.688,677.074
5318,75.0,4.688,677.477
5319,100.0,6.25,677.887
5320,87.5,5.469,678.289
5321,100.0,6.25,678.691
5322,100.0,6.25,679.152
5323,75.0,4.688,679.477
5324,67.0,4.188,679.801
5325,100.0,6.25,680.215
5326,87.5,5.469,680.613
5327,87.5,5.469,680.98
5328,100.0,6.25,681.383
5329,112.5,7.031,681.84
5330,87.5,5.469,682.152
5331,100.0,6.25,682.477
5332,100.0,6.25,682.805
5333,87.5,5.469,683.152
5334,100.0,6.25,683.531
5335,87.5,5.469,683.93
5336,75.0,4.688,684.285
5337,75.0,4.688,684.656
5338,87.5,5.469,685.059
5339,77.6,4.85,685.465
5340,114.7,7.169,685.84
5341,100.0,6.25,686.254
5342,100.0,6.25,686.656
5343,87.5,5.469,687.047
5344,100.0,6.25,687.441
5345,100.0,6.25,687.832
5346,87.5,5.469,688.223
5347,87.5,5.469,688.613
5348,87.5,5.469,689.004
5349,75.0,4.688,689.23
5350,100.0,6.25,689.566
5351,100.0,6.25,689.941
5352,100.0,6.25,690.32
5353,100.0,6.25,690.754
5354,94.3,5.894,666.438
5355,100.0,6.25,642.812
5356,0.0,0.0,642.812
5357,0.0,0.0,642.812
5358,0.0,0.0,642.812
5359,0.0,0.0,642.812
5360,0.0,0.0,642.812
5361,0.0,0.0,642.812
5362,14.3,0.894,642.812
5363,0.0,0.0,642.812
5364,0.0,0.0,642.812
5365,0.0,0.0,642.812
5366,0.0,0.0,642.812
5367,0.0,0.0,642.812
5368,0.0,0.0,642.812
5369,0.0,0.0,642.812
5370,0.0,0.0,642.812
5371,0.0,0.0,642.812
5372,0.0,0.0,642.812
5373,0.0,0.0,642.812
5374,14.2,0.887,642.816
5375,0.0,0.0,642.816
5376,0.0,0.0,642.816
5377,0.0,0.0,642.816
5378,0.0,0.0,642.816
5379,0.0,0.0,642.816
5380,0.0,0.0,642.816
5381,0.0,0.0,642.816
5382,0.0,0.0,642.816
5383,0.0,0.0,642.816
5384,25.0,1.562,642.973
5385,43.0,2.688,642.973
5386,0.0,0.0,642.973
5387,0.0,0.0,642.973
5388,0.0,0.0,642.973
5389,0.0,0.0,642.973
5390,0.0,0.0,642.973
5391,0.0,0.0,642.973
5392,0.0,0.0,642.973
5393,28.7,1.794,642.973
5394,0.0,0.0,642.973
5395,0.0,0.0,642.973
5396,14.3,0.894,642.973
5397,0.0,0.0,642.973
5398,0.0,0.0,642.973
5399,0.0,0.0,642.973
5400,0.0,0.0,642.973
5401,25.0,1.562,643.254
5402,100.0,6.25,643.484
5403,100.0,6.25,643.488
5404,100.0,6.25,643.488
5405,100.0,6.25,645.492
5406,114.7,7.169,645.492
5407,87.5,5.469,645.492
5408,75.0,4.688,645.492
5409,100.0,6.25,645.492
5410,100.0,6.25,645.492
5411,100.0,6.25,645.492
5412,100.0,6.25,645.492
5413,100.0,6.25,645.492
5414,100.0,6.25,645.492
5415,88.7,5.544,647.492
5416,100.0,6.25,647.492
5417,114.7,7.169,647.492
5418,100.0,6.25,647.492
5419,88.7,5.544,647.492
5420,100.0,6.25,647.492
5421,114.7,7.169,647.492
5422,100.0,6.25,647.492
5423,77.6,4.85,647.492
5424,100.0,6.25,647.492
5425,87.5,5.469,647.492
5426,100.0,6.25,647.492
5427,100.0,6.25,647.492
5428,100.0,6.25,651.492
5429,100.0,6.25,651.492
5430,100.0,6.25,651.492
5431,100.0,6.25,651.492
5432,100.0,6.25,651.492
5433,100.0,6.25,651.492
5434,100.0,6.25,651.492
5435,100.0,6.25,651.492
5436,100.0,6.25,651.492
5437,100.0,6.25,651.492
5438,87.5,5.469,651.492
5439,100.0,6.25,651.492
5440,100.0,6.25,651.492
5441,87.5,5.469,651.492
5442,100.0,6.25,651.492
5443,87.5,5.469,651.492
5444,100.0,6.25,651.492
5445,62.5,3.906,651.492
5446,100.0,6.25,651.492
5447,100.0,6.25,651.492
5448,87.5,5.469,651.492
5449,87.5,5.469,651.492
5450,78.1,4.881,651.492
5451,100.0,6.25,651.492
5452,87.5,5.469,651.492
5453,87.5,5.469,651.492
5454,100.0,6.25,651.492
5455,87.5,5.469,659.492
5456,100.0,6.25,659.492
5457,87.5,5.469,659.504
5458,87.5,5.469,659.504
5459,100.0,6.25,659.504
5460,100.0,6.25,659.504
5461,100.0,6.25,659.504
5462,100.0,6.25,659.504
5463,87.5,5.469,659.504
5464,100.0,6.25,659.504
5465,100.0,6.25,659.504
5466,87.5,5.469,659.504
5467,100.0,6.25,659.504
5468,100.0,6.25,659.504
5469,87.5,5.469,659.504
5470,100.0,6.25,659.504
5471,100.0,6.25,659.504
5472,87.5,5.469,659.504
5473,100.0,6.25,659.504
5474,100.0,6.25,659.504
5475,100.0,6.25,659.504
5476,100.0,6.25,659.504
5477,100.0,6.25,659.504
5478,100.0,6.25,659.504
5479,100.0,6.25,659.504
5480,100.0,6.25,659.504
5481,100.0,6.25,659.504
5482,100.0,6.25,659.504
5483,87.5,5.469,659.504
5484,100.0,6.25,659.504
5485,100.0,6.25,659.504
5486,87.5,5.469,659.504
5487,100.0,6.25,659.508
5488,87.5,5.469,659.508
5489,100.0,6.25,659.508
5490,100.0,6.25,659.508
5491,100.0,6.25,659.508
5492,100.0,6.25,659.508
5493,100.0,6.25,659.508
5494,100.0,6.25,659.508
5495,100.0,6.25,659.508
5496,100.0,6.25,659.508
5497,100.0,6.25,659.508
5498,100.0,6.25,659.508
5499,100.0,6.25,659.508
5500,100.0,6.25,659.508
5501,100.0,6.25,659.508
5502,100.0,6.25,659.512
5503,100.0,6.25,659.512
5504,100.0,6.25,659.512
5505,100.0,6.25,659.512
5506,100.0,6.25,659.512
5507,87.5,5.469,675.512
5508,100.0,6.25,675.512
5509,100.0,6.25,675.512
5510,100.0,6.25,675.512
5511,100.0,6.25,675.512
5512,87.5,5.469,675.512
5513,88.7,5.544,675.512
5514,114.7,7.169,675.512
5515,100.0,6.25,675.512
5516,100.0,6.25,675.512
5517,99.7,6.231,675.512
5518,100.3,6.269,675.512
5519,100.0,6.25,675.512
5520,88.7,5.544,675.512
5521,100.0,6.25,675.512
5522,100.0,6.25,675.512
5523,100.0,6.25,675.512
5524,87.5,5.469,675.512
5525,87.5,5.469,675.512
5526,100.0,6.25,675.512
5527,87.5,5.469,675.699
5528,100.0,6.25,676.137
5529,100.0,6.25,676.508
5530,87.5,5.469,676.875
5531,87.5,5.469,677.324
5532,112.5,7.031,677.699
5533,100.0,6.25,678.074
5534,100.0,6.25,678.512
5535,100.0,6.25,678.875
5536,100.0,6.25,679.258
5537,100.0,6.25,679.699
5538,100.0,6.25,680.074
5539,100.0,6.25,680.473
5540,100.0,6.25,680.875
5541,100.0,6.25,681.297
5542,100.0,6.25,681.668
5543,100.0,6.25,682.074
5544,100.0,6.25,682.449
5545,100.0,6.25,682.828
5546,100.0,6.25,683.254
5547,100.0,6.25,683.699
5548,89.3,5.581,684.047
5549,100.0,6.25,684.449
5550,100.0,6.25,684.82
5551,100.0,6.25,685.215
5552,99.4,6.213,685.59
5553,100.0,6.25,686.016
5554,89.3,5.581,686.379
5555,112.5,7.031,686.781
5556,87.5,5.469,687.191
5557,87.5,5.469,687.547
5558,100.0,6.25,687.953
5559,100.0,6.25,688.34
5560,100.0,6.25,688.73
5561,100.0,6.25,689.109
5562,100.0,6.25,689.527
5563,88.7,5.544,689.938
5564,100.0,6.25,690.387
5565,100.0,6.25,690.641
5566,100.0,6.25,691.016
5567,87.5,5.469,691.32
5568,100.0,6.25,691.766
5569,100.0,6.25,692.109
5570,97.1,6.069,667.828
5571,100.0,6.25,646.203
5572,12.5,0.781,646.203
5573,14.2,0.887,646.203
5574,0.0,0.0,646.203
5575,0.0,0.0,646.203
5576,14.2,0.887,646.207
5577,12.5,0.781,646.207
5578,0.0,0.0,646.207
5579,0.0,0.0,646.207
5580,0.0,0.0,646.207
5581,62.5,3.906,643.207
5582,100.0,6.25,643.207
5583,100.0,6.25,643.227
5584,100.0,6.25,645.23
5585,100.0,6.25,645.23
5586,87.5,5.469,645.23
5587,89.3,5.581,645.23
5588,100.0,6.25,645.23
5589,112.5,7.031,645.23
5590,100.0,6.25,645.23
5591,100.0,6.25,645.23
5592,87.5,5.469,645.23
5593,100.0,6.25,645.23
5594,100.0,6.25,647.23
5595,88.7,5.544,647.23
5596,100.0,6.25,647.23
5597,87.5,5.469,647.23
5598,87.5,5.469,647.23
5599,112.5,7.031,647.23
5600,100.0,6.25,647.23
5601,100.0,6.25,647.23
5602,100.0,6.25,647.23
5603,100.0,6.25,647.23
5604,100.0,6.25,647.23
5605,100.0,6.25,647.23
5606,88.7,5.544,647.23
5607,100.0,6.25,651.23
5608,100.0,6.25,651.23
5609,100.0,6.25,651.23
5610,100.0,6.25,651.23
5611,100.0,6.25,651.23
5612,100.0,6.25,651.23
5613,100.0,6.25,651.23
5614,87.5,5.469,651.23
5615,100.0,6.25,651.23
5616,100.0,6.25,651.23
5617,89.3,5.581,651.23
5618,100.0,6.25,651.23
5619,100.0,6.25,651.23
5620,100.0,6.25,651.23
5621,100.0,6.25,651.23
5622,100.0,6.25,651.23
5623,100.0,6.25,651.23
5624,100.0,6.25,651.23
5625,100.0,6.25,651.23
5626,88.7,5.544,651.23
5627,100.0,6.25,651.23
5628,112.5,7.031,651.23
5629,100.0,6.25,651.23
5630,100.0,6.25,651.23
5631,100.0,6.25,651.23
5632,100.0,6.25,651.23
5633,99.7,6.231,659.23
5634,86.0,5.375,659.23
5635,87.5,5.469,659.23
5636,88.7,5.544,659.367
5637,87.5,5.469,659.539
5638,112.5,7.031,659.539
5639,100.0,6.25,659.539
5640,100.0,6.25,659.539
5641,87.5,5.469,659.539
5642,100.0,6.25,659.539
5643,100.0,6.25,659.539
5644,89.3,5.581,659.539
5645,100.0,6.25,659.539
5646,100.0,6.25,659.539
5647,100.0,6.25,659.539
5648,100.0,6.25,659.539
5649,100.0,6.25,659.539
5650,87.5,5.469,659.539
5651,87.5,5.469,659.539
5652,87.5,5.469,659.539
5653,100.0,6.25,659.539
5654,100.0,6.25,659.539
5655,100.0,6.25,659.539
5656,88.7,5.544,659.539
5657,100.0,6.25,659.539
5658,100.0,6.25,659.539
5659,100.0,6.25,659.539
5660,100.0,6.25,659.539
5661,100.0,6.25,659.539
5662,87.5,5.469,659.539
5663,100.0,6.25,659.539
5664,89.3,5.581,659.539
5665,100.0,6.25,659.539
5666,100.0,6.25,659.539
5667,100.0,6.25,659.539
5668,100.0,6.25,659.539
5669,100.0,6.25,659.539
5670,100.0,6.25,659.539
5671,87.5,5.469,659.539
5672,100.0,6.25,659.539
5673,87.5,5.469,659.539
5674,88.7,5.544,659.539
5675,112.5,7.031,659.539
5676,87.5,5.469,659.539
5677,87.5,5.469,659.539
5678,87.5,5.469,659.539
5679,100.0,6.25,659.539
5680,100.0,6.25,659.539
5681,100.0,6.25,659.539
5682,100.0,6.25,659.539
5683,88.7,5.544,659.539
5684,100.0,6.25,659.539
5685,112.5,7.031,675.539
5686,87.5,5.469,675.539
5687,100.0,6.25,675.539
5688,87.5,5.469,675.539
5689,100.0,6.25,675.539
5690,100.0,6.25,675.539
5691,100.0,6.25,675.539
5692,100.0,6.25,675.539
5693,78.1,4.881,675.539
5694,100.0,6.25,675.539
5695,112.5,7.031,675.539
5696,100.0,6.25,675.539
5697,87.5,5.469,675.539
5698,100.0,6.25,675.539
5699,100.0,6.25,675.539
5700,100.0,6.25,675.539
5701,87.5,5.469,675.539
5702,88.7,5.544,675.539
5703,100.0,6.25,675.539
5704,112.5,7.031,675.539
5705,62.5,3.906,675.539
5706,100.0,6.25,675.539
5707,100.0,6.25,675.539
5708,100.0,6.25,675.539
5709,87.5,5.469,675.867
5710,100.0,6.25,676.289
5711,100.0,6.25,676.676
5712,88.7,5.544,677.082
5713,100.0,6.25,677.492
5714,87.5,5.469,677.906
5715,87.5,5.469,678.309
5716,100.0,6.25,678.719
5717,100.0,6.25,679.125
5718,100.0,6.25,679.543
5719,100.0,6.25,679.965
5720,89.3,5.581,680.367
5721,100.0,6.25,680.766
5722,112.5,7.031,681.168
5723,88.7,5.544,681.527
5724,87.5,5.469,681.727
5725,100.0,6.25,681.965
5726,100.0,6.25,682.234
5727,100.0,6.25,682.637
5728,100.4,6.275,683.047
5729,100.0,6.25,683.477
5730,100.0,6.25,683.855
5731,100.0,6.25,684.289
5732,100.0,6.25,684.66
5733,88.7,5.544,685.07
5734,100.0,6.25,685.465
5735,100.0,6.25,685.867
5736,87.5,5.469,686.289
5737,100.0,6.25,686.676
5738,100.0,6.25,687.102
5739,100.0,6.25,687.527
5740,100.0,6.25,687.879
5741,100.0,6.25,688.27
5742,62.5,3.906,688.605
5743,88.7,5.544,689.012
5744,100.0,6.25,689.273
5745,100.0,6.25,689.648
5746,87.5,5.469,690.016
5747,100.0,6.25,690.414
5748,100.0,6.25,690.801
5749,100.0,6.25,666.457
5750,100.0,6.25,666.457
5751,62.5,3.906,645.832
5752,0.0,0.0,645.832
5753,0.0,0.0,645.832
5754,14.3,0.894,645.832
5755,14.2,0.887,645.832
5756,0.0,0.0,645.832
5757,0.0,0.0,645.832
5758,0.0,0.0,645.832
5759,0.0,0.0,645.832
5760,0.0,0.0,645.832
5761,0.0,0.0,645.832
5762,14.3,0.894,645.832
5763,0.0,0.0,645.832
5764,0.0,0.0,645.832
5765,0.0,0.0,645.832
5766,0.0,0.0,645.832
5767,0.0,0.0,645.832
5768,56.8,3.55,646.07
5769,14.3,0.894,646.07
5770,0.0,0.0,646.07
5771,0.0,0.0,646.07
5772,0.0,0.0,646.07
5773,0.0,0.0,646.07
5774,14.2,0.887,646.07
5775,0.0,0.0,646.07
5776,0.0,0.0,646.07
5777,0.0,0.0,646.07
5778,0.0,0.0,646.07
5779,0.0,0.0,646.07
5780,0.0,0.0,646.07
5781,0.0,0.0,646.07
5782,37.5,2.344,646.09
5783,100.0,6.25,646.09
5784,100.0,6.25,646.09
5785,100.0,6.25,646.355
5786,88.7,5.544,648.734
5787,75.0,4.688,648.797
5788,87.5,5.469,648.797
5789,100.0,6.25,648.797
5790,100.4,6.275,648.797
5791,87.5,5.469,648.797
5792,100.0,6.25,648.797
5793,100.0,6.25,648.797
5794,88.7,5.544,648.797
5795,100.0,6.25,648.797
5796,100.0,6.25,650.797
5797,75.0,4.688,650.797
5798,100.0,6.25,650.797
5799,100.0,6.25,650.797
5800,100.0,6.25,650.797
5801,100.0,6.25,650.797
5802,89.3,5.581,650.797
5803,100.0,6.25,650.797
5804,100.0,6.25,650.797
5805,112.5,7.031,650.797
5806,100.0,6.25,650.797
5807,100.0,6.25,650.797
5808,100.0,6.25,650.797
5809,100.0,6.25,654.797
5810,100.0,6.25,654.797
5811,66.5,4.156,654.797
5812,87.5,5.469,654.797
5813,87.5,5.469,654.797
5814,75.0,4.688,654.797
5815,100.0,6.25,654.797
5816,87.5,5.469,654.797
5817,75.0,4.688,654.797
5818,100.0,6.25,654.797
5819,100.0,6.25,654.797
5820,88.7,5.544,654.797
5821,87.5,5.469,654.797
5822,87.5,5.469,654.797
5823,112.5,7.031,654.797
5824,87.5,5.469,654.797
5825,87.5,5.469,654.797
5826,100.0,6.25,654.797
5827,89.3,5.581,654.797
5828,87.5,5.469,654.797
5829,100.0,6.25,654.797
5830,87.5,5.469,654.797
5831,100.0,6.25,654.797
5832,112.5,7.031,654.797
5833,87.5,5.469,654.797
5834,75.0,4.688,654.797
5835,100.0,6.25,662.797
5836,87.5,5.469,662.797
5837,77.6,4.85,662.797
5838,87.5,5.469,662.797
5839,62.5,3.906,662.797
5840,100.0,6.25,662.797
5841,87.5,5.469,662.797
5842,100.0,6.25,662.797
5843,100.0,6.25,662.797
5844,100.0,6.25,662.797
5845,77.6,4.85,662.797
5846,87.5,5.469,662.797
5847,75.0,4.688,662.797
5848,50.0,3.125,662.797
5849,87.5,5.469,662.797
5850,100.0,6.25,662.797
5851,100.0,6.25,662.797
5852,87.5,5.469,662.797
5853,75.0,4.688,662.797
5854,78.1,4.881,662.797
5855,87.5,5.469,662.797
5856,87.5,5.469,662.797
5857,100.0,6.25,662.797
5858,100.0,6.25,662.797
5859,100.0,6.25,662.797
5860,77.6,4.85,662.797
5861,87.5,5.469,662.797
5862,87.5,5.469,662.797
5863,75.0,4.688,662.797
5864,87.5,5.469,662.797
5865,100.0,6.25,662.797
5866,75.0,4.688,662.797
5867,100.0,6.25,662.797
5868,78.1,4.881,662.797
5869,87.5,5.469,662.797
5870,87.5,5.469,662.797
5871,100.0,6.25,662.797
5872,75.0,4.688,662.797
5873,87.5,5.469,662.797
5874,87.5,5.469,662.797
5875,66.5,4.156,662.797
5876,87.5,5.469,662.797
5877,87.5,5.469,662.797
5878,87.5,5.469,662.797
5879,87.5,5.469,662.797
5880,87.5,5.469,662.797
5881,87.5,5.469,662.797
5882,66.5,4.156,662.797
5883,87.5,5.469,662.797
5884,87.5,5.469,662.797
5885,87.5,5.469,662.797
5886,87.5,5.469,662.797
5887,87.5,5.469,678.797
5888,100.0,6.25,678.797
5889,87.5,5.469,678.797
5890,67.0,4.188,678.797
5891,75.0,4.688,678.797
5892,87.5,5.469,678.797
5893,87.5,5.469,678.797
5894,87.5,5.469,678.797
5895,87.5,5.469,678.797
5896,87.5,5.469,678.797
5897,75.0,4.688,678.797
5898,66.5,4.156,678.797
5899,75.0,4.688,678.797
5900,75.0,4.688,678.797
5901,100.0,6.25,678.797
5902,87.5,5.469,678.797
5903,100.0,6.25,678.797
5904,87.5,5.469,678.797
5905,100.0,6.25,678.797
5906,75.0,4.688,678.797
5907,100.0,6.25,678.797
5908,88.7,5.544,678.797
5909,100.0,6.25,678.797
5910,87.5,5.469,678.797
5911,87.5,5.469,678.797
5912,87.5,5.469,678.797
5913,100.0,6.25,679.164
5914,78.1,4.881,679.578
5915,75.0,4.688,679.996
5916,87.5,5.469,680.395
5917,100.0,6.25,680.812
5918,100.0,6.25,681.234
5919,100.0,6.25,681.672
5920,75.0,4.688,681.984
5921,100.0,6.25,682.422
5922,100.0,6.25,682.797
5923,75.0,4.688,683.176
5924,66.5,4.156,683.582
5925,87.5,5.469,684.008
5926,87.5,5.469,684.422
5927,100.0,6.25,684.801
5928,100.0,6.25,685.207
5929,87.5,5.469,685.625
5930,87.5,5.469,686.027
5931,78.1,4.881,686.438
5932,100.0,6.25,686.836
5933,87.5,5.469,687.297
5934,100.0,6.25,687.656
5935,100.0,6.25,688.109
5936,87.5,5.469,688.465
5937,100.0,6.25,688.879
5938,100.0,6.25,689.234
5939,88.7,5.544,689.586
5940,100.0,6.25,689.996
5941,112.5,7.031,690.406
5942,87.5,5.469,690.816
5943,100.0,6.25,691.211
5944,75.0,4.688,691.48
5945,88.7,5.544,691.797
5946,87.5,5.469,692.184
5947,87.5,5.469,692.609
5948,87.5,5.469,692.984
5949,85.5,5.344,668.625
5950,100.0,6.25,649.0
5951,0.0,0.0,649.0
5952,0.0,0.0,649.0
5953,112.5,7.031,647.797
5954,100.0,6.25,647.797
5955,100.0,6.25,647.797
5956,100.0,6.25,649.801
5957,100.0,6.25,649.801
5958,77.6,4.85,649.801
5959,100.0,6.25,649.801
5960,100.0,6.25,649.801
5961,100.0,6.25,649.801
5962,100.0,6.25,649.801
5963,100.0,6.25,649.801
5964,100.0,6.25,649.801
5965,89.3,5.581,651.801
5966,100.0,6.25,651.801
5967,112.5,7.031,651.801
5968,75.0,4.688,651.801
5969,100.0,6.25,651.801
5970,100.0,6.25,651.801
5971,87.5,5.469,651.801
5972,100.0,6.25,651.801
5973,87.5,5.469,651.801
5974,100.0,6.25,651.801
5975,100.0,6.25,651.801
5976,100.0,6.25,651.801
5977,100.0,6.25,651.801
5978,100.0,6.25,651.801
5979,100.0,6.25,655.801
5980,100.0,6.25,655.801
5981,100.0,6.25,655.801
5982,88.7,5.544,655.801
5983,100.3,6.269,655.801
5984,100.0,6.25,655.801
5985,100.0,6.25,655.801
5986,100.0,6.25,655.801
5987,87.5,5.469,655.801
5988,88.7,5.544,655.801
5989,100.0,6.25,655.801
5990,100.0,6.25,655.801
5991,87.5,5.469,655.801
5992,100.0,6.25,655.801
5993,100.0,6.25,655.801
5994,87.5,5.469,655.801
5995,87.5,5.469,655.801
5996,87.5,5.469,655.801
5997,87.5,5.469,655.801
5998,88.7,5.544,655.801
5999,100.0,6.25,655.801
6000,100.0,6.25,655.801
6001,114.7,7.169,655.801
6002,88.7,5.544,655.801
6003,100.0,6.25,655.801
6004,100.0,6.25,655.801
6005,100.0,6.25,663.801
6006,100.0,6.25,663.801
6007,100.0,6.25,663.801
6008,100.3,6.269,663.801
6009,100.0,6.25,663.801
6010,100.0,6.25,663.801
6011,100.0,6.25,663.801
6012,100.0,6.25,663.801
6013,100.0,6.25,663.801
6014,100.0,6.25,663.801
6015,100.0,6.25,663.801
6016,100.0,6.25,663.801
6017,100.0,6.25,663.801
6018,100.0,6.25,663.801
6019,87.5,5.469,663.801
6020,100.0,6.25,663.801
6021,100.0,6.25,663.801
6022,100.0,6.25,663.801
6023,100.0,6.25,663.801
6024,100.0,6.25,663.801
6025,87.5,5.469,663.801
6026,87.5,5.469,663.801
6027,87.5,5.469,663.801
6028,75.0,4.688,663.801
6029,100.0,6.25,663.801
6030,100.0,6.25,663.801
6031,100.0,6.25,663.801
6032,100.0,6.25,663.801
6033,100.0,6.25,663.801
6034,100.0,6.25,663.801
6035,100.0,6.25,663.801
6036,88.7,5.544,663.801
6037,100.0,6.25,663.801
6038,100.0,6.25,663.801
6039,100.0,6.25,663.801
6040,75.0,4.688,663.801
6041,100.0,6.25,663.801
6042,100.0,6.25,663.801
6043,100.0,6.25,663.801
6044,100.0,6.25,663.801
6045,100.0,6.25,663.801
6046,100.0,6.25,663.801
6047,100.0,6.25,663.801
6048,100.0,6.25,663.801
6049,87.5,5.469,663.801
6050,100.0,6.25,663.801
6051,100.0,6.25,663.801
6052,100.0,6.25,663.801
6053,100.0,6.25,663.801
6054,87.5,5.469,663.801
6055,89.3,5.581,663.801
6056,100.0,6.25,663.801
6057,87.5,5.469,663.801
6058,87.5,5.469,679.801
6059,100.0,6.25,679.801
6060,100.0,6.25,679.801
6061,100.0,6.25,679.801
6062,112.5,7.031,679.801
6063,100.0,6.25,679.801
6064,100.0,6.25,679.801
6065,100.0,6.25,679.801
6066,100.0,6.25,679.801
6067,100.0,6.25,679.801
6068,100.0,6.25,679.801
6069,100.0,6.25,679.801
6070,88.7,5.544,679.801
6071,87.5,5.469,679.801
6072,100.0,6.25,679.801
6073,100.0,6.25,679.801
6074,100.0,6.25,679.801
6075,112.5,7.031,679.801
6076,100.0,6.25,679.801
6077,100.0,6.25,679.801
6078,75.0,4.688,679.801
6079,100.0,6.25,679.801
6080,100.0,6.25,679.801
6081,100.0,6.25,679.801
6082,100.0,6.25,679.801
6083,100.0,6.25,679.801
6084,100.0,6.25,679.801
6085,100.0,6.25,679.801
6086,100.0,6.25,679.801
6087,100.0,6.25,680.074
6088,100.0,6.25,680.445
6089,88.7,5.544,680.828
6090,100.0,6.25,681.195
6091,114.7,7.169,681.566
6092,88.7,5.544,681.949
6093,100.0,6.25,682.355
6094,100.0,6.25,682.801
6095,100.0,6.25,683.141
6096,75.0,4.688,683.477
6097,112.5,7.031,683.891
6098,100.0,6.25,684.363
6099,100.0,6.25,684.719
6100,100.0,6.25,685.102
6101,87.5,5.469,685.508
6102,100.0,6.25,685.918
6103,100.0,6.25,686.332
6104,100.0,6.25,686.711
6105,100.0,6.25,687.176
6106,100.0,6.25,687.527
6107,78.1,4.881,687.934
6108,100.0,6.25,688.363
6109,100.0,6.25,688.738
6110,100.0,6.25,689.145
6111,100.0,6.25,689.531
6112,87.5,5.469,689.934
6113,100.0,6.25,690.332
6114,62.5,3.906,690.656
6115,100.0,6.25,691.105
6116,100.0,6.25,691.418
6117,75.0,4.688,691.672
6118,50.0,3.125,692.051
6119,87.5,5.469,692.445
6120,80.1,5.006,692.797
6121,94.5,5.906,668.648
6122,112.5,7.031,650.023
6123,0.0,0.0,650.023
6124,14.2,0.887,650.02
6125,0.0,0.0,650.02
6126,0.0,0.0,650.02
6127,16.6,1.038,649.02
6128,25.0,1.562,649.02
6129,0.0,0.0,649.02
6130,0.0,0.0,649.02
6131,12.5,0.781,646.02
6132,100.0,6.25,646.02
6133,100.0,6.25,646.02
6134,88.7,5.544,646.02
6135,100.0,6.25,648.023
6136,100.0,6.25,648.023
6137,100.0,6.25,648.023
6138,100.0,6.25,648.023
6139,87.5,5.469,648.023
6140,75.0,4.688,648.023
6141,87.5,5.469,648.023
6142,75.0,4.688,648.023
6143,112.5,7.031,648.023
6144,87.5,5.469,648.023
6145,87.5,5.469,650.023
6146,75.0,4.688,650.023
6147,87.5,5.469,650.023
6148,114.7,7.169,650.023
6149,100.0,6.25,650.023
6150,88.7,5.544,650.023
6151,100.0,6.25,650.023
6152,100.0,6.25,650.023
6153,75.0,4.688,650.023
6154,75.0,4.688,650.023
6155,100.0,6.25,650.023
6156,100.0,6.25,650.023
6157,100.0,6.25,650.008
6158,100.0,6.25,650.008
6159,100.0,6.25,650.008
6160,87.5,5.469,650.008
6161,87.5,5.469,654.008
6162,75.0,4.688,654.008
6163,75.0,4.688,654.008
6164,112.5,7.031,654.008
6165,100.0,6.25,654.008
6166,100.0,6.25,654.008
6167,100.0,6.25,654.008
6168,100.0,6.25,654.008
6169,100.0,6.25,654.008
6170,100.0,6.25,654.008
6171,100.0,6.25,654.008
6172,100.0,6.25,654.008
6173,100.0,6.25,654.008
6174,100.0,6.25,654.008
6175,100.0,6.25,654.008
6176,100.0,6.25,654.008
6177,100.0,6.25,654.008
6178,100.0,6.25,654.008
6179,100.0,6.25,654.008
6180,100.0,6.25,654.008
6181,100.0,6.25,654.008
6182,87.5,5.469,654.008
6183,100.0,6.25,654.008
6184,100.0,6.25,654.008
6185,100.0,6.25,654.008
6186,100.0,6.25,654.008
6187,100.0,6.25,654.008
6188,100.0,6.25,662.008
6189,100.0,6.25,662.008
6190,100.0,6.25,662.008
6191,100.0,6.25,662.008
6192,100.0,6.25,662.008
6193,100.0,6.25,662.008
6194,100.0,6.25,662.113
6195,100.0,6.25,662.492
6196,100.0,6.25,662.781
6197,100.0,6.25,662.781
6198,87.5,5.469,662.781
6199,100.0,6.25,662.781
6200,100.0,6.25,662.781
6201,100.0,6.25,662.781
6202,100.0,6.25,662.781
6203,100.0,6.25,662.781
6204,100.0,6.25,662.781
6205,100.0,6.25,662.781
6206,87.5,5.469,662.781
6207,100.0,6.25,662.781
6208,100.4,6.275,662.781
6209,87.5,5.469,662.781
6210,100.0,6.25,662.781
6211,100.0,6.25,662.781
6212,100.0,6.25,662.781
6213,100.0,6.25,662.781
6214,100.0,6.25,662.781
6215,100.0,6.25,662.781
6216,88.7,5.544,662.781
6217,100.0,6.25,662.781
6218,112.5,7.031,662.781
6219,100.0,6.25,662.781
6220,100.0,6.25,662.781
6221,100.0,6.25,662.781
6222,100.0,6.25,662.781
6223,88.7,5.544,662.781
6224,100.0,6.25,662.781
6225,87.5,5.469,662.781
6226,100.0,6.25,662.781
6227,100.0,6.25,662.781
6228,100.0,6.25,662.781
6229,78.1,4.881,662.781
6230,100.0,6.25,662.781
6231,100.0,6.25,662.781
6232,87.5,5.469,662.781
6233,112.5,7.031,662.781
6234,100.0,6.25,662.781
6235,100.0,6.25,662.781
6236,100.0,6.25,662.781
6237,88.7,5.544,662.781
6238,100.0,6.25,662.781
6239,100.0,6.25,662.781
6240,100.0,6.25,662.781
6241,100.0,6.25,662.781
6242,100.0,6.25,678.781
6243,89.3,5.581,678.781
6244,100.0,6.25,678.781
6245,112.5,7.031,678.781
6246,62.5,3.906,678.781
6247,100.0,6.25,678.781
6248,87.5,5.469,678.781
6249,100.0,6.25,678.781
6250,87.5,5.469,678.781
6251,77.6,4.85,678.781
6252,87.5,5.469,678.781
6253,87.5,5.469,678.781
6254,100.0,6.25,678.781
6255,100.0,6.25,678.781
6256,100.0,6.25,678.781
6257,100.0,6.25,678.781
6258,100.0,6.25,678.781
6259,88.7,5.544,678.781
6260,112.5,7.031,678.781
6261,100.0,6.25,678.781
6262,100.0,6.25,678.781
6263,100.0,6.25,678.781
6264,100.0,6.25,678.781
6265,100.0,6.25,678.781
6266,89.3,5.581,678.781
6267,100.0,6.25,678.781
6268,85.2,5.325,678.781
6269,87.5,5.469,678.781
6270,100.0,6.25,678.781
6271,100.0,6.25,678.781
6272,75.0,4.688,678.781
6273,100.0,6.25,678.832
6274,100.0,6.25,679.281
6275,87.5,5.469,679.59
6276,100.0,6.25,679.973
6277,100.0,6.25,680.383
6278,100.0,6.25,680.777
6279,89.3,5.581,681.164
6280,113.6,7.1,681.508
6281,87.5,5.469,681.902
6282,100.0,6.25,682.316
6283,89.3,5.581,682.738
6284,112.5,7.031,683.125
6285,100.0,6.25,683.531
6286,100.0,6.25,683.895
6287,87.5,5.469,684.281
6288,100.0,6.25,684.656
6289,88.7,5.544,685.051
6290,100.0,6.25,685.469
6291,100.0,6.25,685.816
6292,112.5,7.031,686.211
6293,87.5,5.469,686.598
6294,100.0,6.25,686.996
6295,100.0,6.25,687.383
6296,75.0,4.688,687.711
6297,112.5,7.031,688.148
6298,100.0,6.25,688.496
6299,100.0,6.25,688.895
6300,100.0,6.25,689.285
6301,88.7,5.544,689.715
6302,100.0,6.25,689.898
6303,100.0,6.25,690.277
6304,75.0,4.688,690.629
6305,112.5,7.031,691.0
6306,100.1,6.256,666.898
6307,100.0,6.25,666.898
6308,71.0,4.438,649.273
6309,0.0,0.0,649.273
6310,0.0,0.0,649.273
6311,0.0,0.0,649.273
6312,0.0,0.0,649.273
6313,0.0,0.0,649.273
6314,0.0,0.0,649.273
6315,0.0,0.0,649.273
6316,0.0,0.0,649.273
6317,0.0,0.0,649.273
6318,0.0,0.0,649.273
6319,0.0,0.0,649.273
6320,0.0,0.0,649.273
6321,0.0,0.0,649.273
6322,0.0,0.0,649.273
6323,0.0,0.0,649.273
6324,0.0,0.0,649.273
6325,0.0,0.0,649.273
6326,0.0,0.0,649.273
6327,0.0,0.0,649.273
6328,0.0,0.0,649.273
6329,0.0,0.0,649.273
6330,0.0,0.0,649.273
6331,0.0,0.0,649.273
6332,0.0,0.0,649.273
6333,0.0,0.0,649.273
6334,0.0,0.0,649.273
6335,0.0,0.0,649.273
6336,0.0,0.0,649.273
6337,0.0,0.0,649.273
6338,0.0,0.0,649.273
6339,0.0,0.0,649.273
6340,0.0,0.0,649.273
6341,0.0,0.0,649.273
6342,0.0,0.0,649.273
6343,0.0,0.0,649.273
6344,0.0,0.0,649.273
6345,28.7,1.794,649.273
6346,0.0,0.0,649.273
6347,0.0,0.0,649.273
6348,0.0,0.0,649.273
6349,14.2,0.887,649.273
6350,12.5,0.781,649.273
6351,0.0,0.0,649.273
6352,0.0,0.0,649.273
6353,0.0,0.0,649.273
6354,62.5,3.906,646.777
6355,75.0,4.688,646.777
6356,114.7,7.169,646.777
6357,100.0,6.25,648.781
6358,88.7,5.544,648.781
6359,100.0,6.25,648.781
6360,87.5,5.469,648.781
6361,100.0,6.25,648.781
6362,87.5,5.469,648.781
6363,87.5,5.469,648.781
6364,100.0,6.25,648.781
6365,100.0,6.25,648.781
6366,100.0,6.25,648.781
6367,100.0,6.25,650.781
6368,100.0,6.25,650.781
6369,75.0,4.688,650.781
6370,100.0,6.25,650.781
6371,89.3,5.581,650.781
6372,100.0,6.25,650.781
6373,87.5,5.469,650.781
6374,100.0,6.25,650.781
6375,100.0,6.25,650.781
6376,100.0,6.25,650.781
6377,100.0,6.25,650.781
6378,100.0,6.25,650.781
6379,100.0,6.25,650.781
6380,100.0,6.25,650.781
6381,87.5,5.469,654.781
6382,100.0,6.25,654.781
6383,100.0,6.25,654.781
6384,100.0,6.25,654.781
6385,100.0,6.25,654.781
6386,100.0,6.25,654.781
6387,88.7,5.544,654.781
6388,100.0,6.25,654.781
6389,100.0,6.25,654.781
6390,100.0,6.25,654.781
6391,100.0,6.25,654.781
6392,87.5,5.469,654.781
6393,100.0,6.25,654.781
6394,100.0,6.25,654.781
6395,100.0,6.25,654.781
6396,100.0,6.25,654.781
6397,87.5,5.469,654.781
6398,100.0,6.25,654.781
6399,100.0,6.25,654.781
6400,100.0,6.25,654.781
6401,88.7,5.544,654.781
6402,100.0,6.25,654.781
6403,87.5,5.469,654.781
6404,100.0,6.25,654.781
6405,62.5,3.906,654.781
6406,112.5,7.031,654.781
6407,62.5,3.906,654.781
6408,100.0,6.25,662.781
6409,75.0,4.688,662.781
6410,87.5,5.469,662.781
6411,100.0,6.25,662.781
6412,100.0,6.25,662.781
6413,67.0,4.188,662.781
6414,75.0,4.688,662.781
6415,75.0,4.688,662.781
6416,112.5,7.031,662.781
6417,100.0,6.25,662.781
6418,100.0,6.25,662.781
6419,100.0,6.25,662.781
6420,87.5,5.469,662.781
6421,87.5,5.469,662.781
6422,77.6,4.85,662.781
6423,100.0,6.25,662.781
6424,100.0,6.25,662.781
6425,87.5,5.469,662.781
6426,100.0,6.25,662.781
6427,100.0,6.25,662.781
6428,100.0,6.25,662.781
6429,100.0,6.25,662.781
6430,78.1,4.881,662.781
6431,75.0,4.688,662.781
6432,87.5,5.469,662.781
6433,75.0,4.688,662.781
6434,75.0,4.688,662.781
6435,100.0,6.25,662.781
6436,75.0,4.688,662.781
6437,75.0,4.688,662.781
6438,87.5,5.469,662.781
6439,75.0,4.688,662.781
6440,87.5,5.469,662.781
6441,77.6,4.85,662.781
6442,100.0,6.25,662.781
6443,75.0,4.688,662.781
6444,75.0,4.688,662.781
6445,100.0,6.25,662.781
6446,87.5,5.469,662.781
6447,87.5,5.469,662.781
6448,100.0,6.25,662.781
6449,100.0,6.25,662.781
6450,75.0,4.688,662.781
6451,75.0,4.688,662.781
6452,87.5,5.469,662.781
6453,66.5,4.156,662.781
6454,75.0,4.688,662.781
6455,112.5,7.031,662.781
6456,87.5,5.469,662.781
6457,87.5,5.469,662.781
6458,75.0,4.688,662.781
6459,87.5,5.469,662.781
6460,87.5,5.469,678.781
6461,75.0,4.688,678.781
6462,100.0,6.25,678.781
6463,87.5,5.469,678.781
6464,62.5,3.906,678.781
6465,100.0,6.25,678.781
6466,78.1,4.881,678.781
6467,62.5,3.906,678.781
6468,75.0,4.688,678.781
6469,75.0,4.688,678.781
6470,87.5,5.469,678.781
6471,112.5,7.031,678.781
6472,12.5,0.781,678.781
6473,87.5,5.469,678.781
6474,87.5,5.469,678.781
6475,87.5,5.469,678.781
6476,100.0,6.25,678.781
6477,75.0,4.688,678.781
6478,87.5,5.469,678.781
6479,87.5,5.469,678.781
6480,75.0,4.688,678.781
6481,87.5,5.469,678.781
6482,100.0,6.25,678.781
6483,87.5,5.469,678.781
6484,77.6,4.85,678.781
6485,100.0,6.25,678.781
6486,87.5,5.469,678.781
6487,75.0,4.688,678.781
6488,87.5,5.469,678.781
6489,75.0,4.688,678.781
6490,100.0,6.25,678.781
6491,87.5,5.469,679.031
6492,87.5,5.469,679.434
6493,75.0,4.688,679.844
6494,87.5,5.469,680.254
6495,62.5,3.906,680.617
6496,87.5,5.469,681.004
6497,87.5,5.469,681.406
6498,87.5,5.469,681.781
6499,87.5,5.469,682.207
6500,87.5,5.469,682.625
6501,75.0,4.688,683.016
6502,87.5,5.469,683.469
6503,75.0,4.688,683.812
6504,88.7,5.544,684.203
6505,87.5,5.469,684.562
6506,114.7,7.169,684.914
6507,77.6,4.85,685.32
6508,100.0,6.25,685.723
6509,100.0,6.25,686.113
6510,87.5,5.469,686.512
6511,75.0,4.688,686.91
6512,75.0,4.688,687.305
6513,87.5,5.469,687.703
6514,87.5,5.469,688.098
6515,75.0,4.688,688.492
6516,62.5,3.906,688.887
6517,50.0,3.125,689.281
6518,87.5,5.469,689.66
6519,75.0,4.688,689.883
6520,87.5,5.469,690.215
6521,87.5,5.469,690.645
6522,75.0,4.688,691.02
6523,90.7,5.669,666.918
6524,112.5,7.031,648.293
6525,0.0,0.0,648.293
6526,14.3,0.894,648.293
6527,0.0,0.0,648.293
6528,0.0,0.0,648.293
6529,0.0,0.0,648.293
6530,14.2,0.887,648.293
6531,0.0,0.0,648.293
6532,0.0,0.0,648.293
6533,0.0,0.0,648.293
6534,0.0,0.0,648.293
6535,0.0,0.0,648.293
6536,0.0,0.0,648.293
6537,0.0,0.0,648.293
6538,0.0,0.0,648.293
6539,0.0,0.0,648.293
6540,0.0,0.0,648.293
6541,0.0,0.0,648.293
6542,0.0,0.0,648.293
6543,0.0,0.0,648.293
6544,0.0,0.0,648.293
6545,0.0,0.0,648.293
6546,0.0,0.0,648.293
6547,0.0,0.0,648.293
6548,0.0,0.0,648.293
6549,0.0,0.0,648.293
6550,0.0,0.0,648.305
6551,0.0,0.0,648.305
6552,0.0,0.0,648.305
6553,0.0,0.0,648.305
6554,0.0,0.0,648.305
6555,0.0,0.0,648.305
6556,0.0,0.0,648.305
6557,0.0,0.0,648.305
6558,0.0,0.0,648.305
6559,0.0,0.0,648.305
6560,0.0,0.0,648.305
6561,0.0,0.0,648.305
6562,0.0,0.0,648.305
6563,0.0,0.0,648.305
6564,0.0,0.0,648.305
6565,0.0,0.0,648.367
6566,87.5,5.469,648.652
6567,14.3,0.894,648.656
6568,0.0,0.0,648.656
6569,0.0,0.0,648.656
6570,0.0,0.0,648.656
6571,0.0,0.0,648.656
6572,0.0,0.0,648.656
6573,0.0,0.0,648.656
6574,28.7,1.794,648.656
6575,0.0,0.0,648.656
6576,0.0,0.0,648.656
6577,0.0,0.0,648.656
6578,0.0,0.0,648.656
6579,0.0,0.0,648.656
6580,0.0,0.0,648.656
6581,0.0,0.0,648.656
6582,0.0,0.0,648.656
6583,0.0,0.0,648.656
6584,0.0,0.0,648.656
6585,0.0,0.0,648.656
6586,0.0,0.0,648.656
6587,0.0,0.0,648.656
6588,0.0,0.0,648.656
6589,14.3,0.894,648.656
6590,0.0,0.0,648.656
6591,37.5,2.344,649.855
6592,112.5,7.031,649.141
6593,100.0,6.25,649.141
6594,100.0,6.25,649.141
6595,100.0,6.25,648.195
6596,100.0,6.25,648.195
6597,100.0,6.25,648.195
6598,87.5,5.469,648.195
6599,87.5,5.469,648.195
6600,87.5,5.469,648.195
6601,100.0,6.25,648.195
6602,75.0,4.688,648.195
6603,100.0,6.25,648.195
6604,75.0,4.688,648.195
6605,112.5,7.031,650.195
6606,100.0,6.25,650.195
6607,100.0,6.25,650.195
6608,100.0,6.25,650.195
6609,100.0,6.25,650.195
6610,100.0,6.25,650.195
6611,100.0,6.25,650.195
6612,100.0,6.25,650.195
6613,100.0,6.25,650.195
6614,87.5,5.469,650.195
6615,88.7,5.544,650.195
6616,114.7,7.169,650.195
6617,100.0,6.25,650.195
6618,100.0,6.25,654.195
6619,100.0,6.25,654.195
6620,100.0,6.25,654.195
6621,100.0,6.25,654.195
6622,100.0,6.25,654.195
6623,100.0,6.25,654.195
6624,100.0,6.25,654.195
6625,100.0,6.25,654.195
6626,100.0,6.25,654.195
6627,100.0,6.25,654.195
6628,87.5,5.469,654.195
6629,100.0,6.25,654.195
6630,100.0,6.25,654.25
6631,87.5,5.469,654.25
6632,100.0,6.25,654.25
6633,100.0,6.25,654.25
6634,87.5,5.469,654.25
6635,100.0,6.25,654.25
6636,100.0,6.25,654.25
6637,100.0,6.25,654.25
6638,87.5,5.469,654.25
6639,87.5,5.469,654.25
6640,100.0,6.25,654.25
6641,100.0,6.25,654.25
6642,100.0,6.25,654.25
6643,100.0,6.25,654.25
6644,100.0,6.25,662.25
6645,33.2,2.075,662.25
6646,112.5,7.031,662.25
6647,62.5,3.906,662.25
6648,87.5,5.469,662.25
6649,100.0,6.25,662.25
6650,100.0,6.25,662.25
6651,100.0,6.25,662.25
6652,100.0,6.25,662.25
6653,100.0,6.25,662.25
6654,100.0,6.25,662.25
6655,100.0,6.25,662.25
6656,100.0,6.25,662.25
6657,100.0,6.25,662.25
6658,100.0,6.25,662.25
6659,87.5,5.469,662.25
6660,87.5,5.469,662.25
6661,100.0,6.25,662.25
6662,87.5,5.469,662.25
6663,100.0,6.25,662.25
6664,100.0,6.25,662.25
6665,100.0,6.25,662.25
6666,100.0,6.25,662.25
6667,100.0,6.25,662.25
6668,100.0,6.25,662.25
6669,87.5,5.469,662.25
6670,100.0,6.25,662.25
6671,100.0,6.25,662.25
6672,100.0,6.25,662.25
6673,100.0,6.25,662.25
6674,100.0,6.25,662.25
6675,100.0,6.25,662.25
6676,87.5,5.469,662.25
6677,87.5,5.469,662.25
6678,100.0,6.25,662.25
6679,87.5,5.469,662.25
6680,100.0,6.25,662.25
6681,88.7,5.544,662.25
6682,100.0,6.25,662.25
6683,100.0,6.25,662.25
6684,100.0,6.25,662.25
6685,87.5,5.469,662.25
6686,87.5,5.469,662.25
6687,87.5,5.469,662.25
6688,87.5,5.469,662.25
6689,87.5,5.469,662.25
6690,100.0,6.25,662.25
6691,87.5,5.469,662.25
6692,100.0,6.25,662.25
6693,87.5,5.469,662.25
6694,87.5,5.469,662.25
6695,100.0,6.25,662.25
6696,87.5,5.469,662.25
6697,100.0,6.25,678.25
6698,87.5,5.469,678.25
6699,112.5,7.031,678.25
6700,87.5,5.469,678.25
6701,100.0,6.25,678.25
6702,100.0,6.25,678.25
6703,100.0,6.25,678.25
6704,100.0,6.25,678.25
6705,100.0,6.25,678.25
6706,100.0,6.25,678.25
6707,100.0,6.25,678.25
6708,100.0,6.25,678.25
6709,89.3,5.581,678.25
6710,100.0,6.25,678.25
6711,100.0,6.25,678.25
6712,100.0,6.25,678.25
6713,100.0,6.25,678.25
6714,100.0,6.25,678.25
6715,87.5,5.469,678.25
6716,100.0,6.25,678.25
6717,88.7,5.544,678.25
6718,100.0,6.25,678.25
6719,87.5,5.469,678.25
6720,100.0,6.25,678.25
6721,100.0,6.25,678.25
6722,100.0,6.25,678.25
6723,100.0,6.25,678.25
6724,88.7,5.544,678.543
6725,100.3,6.269,678.855
6726,100.0,6.25,679.254
6727,88.7,5.544,679.656
6728,87.5,5.469,680.051
6729,100.0,6.25,680.449
6730,100.0,6.25,680.855
6731,100.0,6.25,681.27
6732,100.0,6.25,681.699
6733,100.0,6.25,682.059
6734,100.0,6.25,682.512
6735,100.0,6.25,682.875
6736,100.0,6.25,683.297
6737,87.5,5.469,683.684
6738,100.0,6.25,684.102
6739,89.3,5.581,684.496
6740,100.0,6.25,684.949
6741,75.0,4.688,685.312
6742,100.0,6.25,685.715
6743,87.5,5.469,686.02
6744,100.0,6.25,686.426
6745,100.0,6.25,686.875
6746,100.0,6.25,687.23
6747,100.0,6.25,687.625
6748,100.0,6.25,688.066
6749,100.0,6.25,688.445
6750,88.7,5.544,688.883
6751,100.0,6.25,689.223
6752,100.0,6.25,689.621
6753,112.5,7.031,690.07
6754,100.0,6.25,690.406
6755,100.0,6.25,690.652
6756,100.0,6.25,691.051
6757,100.0,6.25,691.449
6758,87.5,5.469,691.828
6759,91.8,5.737,669.531
6760,87.5,5.469,649.906
6761,0.0,0.0,649.906
6762,14.3,0.894,650.176
6763,0.0,0.0,650.176
6764,0.0,0.0,650.176
6765,12.5,0.781,650.195
6766,28.7,1.794,650.238
6767,0.0,0.0,650.238
6768,0.0,0.0,650.238
6769,37.5,2.344,649.016
6770,100.0,6.25,649.039
6771,100.0,6.25,649.039
6772,55.4,3.462,649.039
6773,100.0,6.25,651.043
6774,112.5,7.031,651.043
6775,87.5,5.469,651.043
6776,100.0,6.25,651.043
6777,100.0,6.25,651.043
6778,100.0,6.25,651.043
6779,87.5,5.469,651.043
6780,100.0,6.25,651.043
6781,89.3,5.581,651.047
6782,100.0,6.25,653.047
6783,100.0,6.25,653.047
6784,100.0,6.25,653.047
6785,87.5,5.469,653.047
6786,100.0,6.25,653.047
6787,100.0,6.25,653.047
6788,100.0,6.25,653.047
6789,100.0,6.25,653.047
6790,100.0,6.25,653.047
6791,100.0,6.25,653.047
6792,87.5,5.469,653.047
6793,88.7,5.544,653.047
6794,100.0,6.25,653.047
6795,100.0,6.25,653.047
6796,112.5,7.031,657.047
6797,100.0,6.25,657.047
6798,100.0,6.25,657.047
6799,100.0,6.25,657.047
6800,100.0,6.25,657.047
6801,100.0,6.25,657.047
6802,100.0,6.25,657.047
6803,88.7,5.544,657.047
6804,100.0,6.25,657.047
6805,100.0,6.25,657.047
6806,100.0,6.25,657.047
6807,100.0,6.25,657.047
6808,100.0,6.25,657.047
6809,100.0,6.25,657.047
6810,100.0,6.25,657.047
6811,87.5,5.469,657.047
6812,100.0,6.25,657.047
6813,100.0,6.25,657.047
6814,100.0,6.25,657.047
6815,89.3,5.581,657.047
6816,100.0,6.25,657.047
6817,100.0,6.25,657.047
6818,100.0,6.25,657.047
6819,87.5,5.469,657.047
6820,100.0,6.25,657.047
6821,87.5,5.469,665.047
6822,100.0,6.25,665.047
6823,100.0,6.25,665.047
6824,88.7,5.544,665.047
6825,100.0,6.25,665.047
6826,112.5,7.031,665.047
6827,37.5,2.344,665.047
6828,112.5,7.031,665.047
6829,100.0,6.25,665.047
6830,100.0,6.25,665.047
6831,100.0,6.25,665.047
6832,100.0,6.25,665.047
6833,100.0,6.25,665.047
6834,89.3,5.581,665.047
6835,100.0,6.25,665.07
6836,112.5,7.031,665.266
6837,75.0,4.688,665.277
6838,100.0,6.25,665.277
6839,100.0,6.25,665.277
6840,100.0,6.25,665.277
6841,87.5,5.469,665.277
6842,100.0,6.25,665.277
6843,100.0,6.25,665.277
6844,100.0,6.25,665.277
6845,37.5,2.344,665.277
6846,99.4,6.213,665.277
6847,100.3,6.269,665.277
6848,88.7,5.544,665.277
6849,100.3,6.269,665.277
6850,100.0,6.25,665.277
6851,87.5,5.469,665.277
6852,88.7,5.544,665.277
6853,100.0,6.25,665.277
6854,87.5,5.469,665.277
6855,87.5,5.469,665.277
6856,75.0,4.688,665.277
6857,100.0,6.25,665.277
6858,100.0,6.25,665.277
6859,87.5,5.469,665.277
6860,78.1,4.881,665.277
6861,87.5,5.469,665.277
6862,87.5,5.469,665.277
6863,87.5,5.469,665.277
6864,87.5,5.469,665.277
6865,100.0,6.25,665.277
6866,100.0,6.25,665.277
6867,87.5,5.469,665.277
6868,100.0,6.25,665.277
6869,100.0,6.25,665.277
6870,88.7,5.544,665.277
6871,100.0,6.25,665.277
6872,100.0,6.25,665.277
6873,100.0,6.25,665.277
6874,87.5,5.469,665.277
6875,100.0,6.25,665.277
6876,100.0,6.25,665.277
6877,88.7,5.544,681.277
6878,100.0,6.25,681.277
6879,100.0,6.25,681.277
6880,75.0,4.688,681.277
6881,87.5,5.469,681.277
6882,75.0,4.688,681.277
6883,100.0,6.25,681.277
6884,100.0,6.25,681.277
6885,87.5,5.469,681.277
6886,87.5,5.469,681.277
6887,89.3,5.581,681.277
6888,100.0,6.25,681.277
6889,87.5,5.469,681.277
6890,112.5,7.031,681.277
6891,87.5,5.469,681.277
6892,87.5,5.469,681.277
6893,100.0,6.25,681.277
6894,100.0,6.25,681.277
6895,100.0,6.25,681.277
6896,88.7,5.544,681.277
6897,100.0,6.25,681.277
6898,100.0,6.25,681.277
6899,114.7,7.169,681.277
6900,87.5,5.469,681.277
6901,100.0,6.25,681.277
6902,100.0,6.25,681.277
6903,100.0,6.25,681.277
6904,100.0,6.25,681.277
6905,75.0,4.688,681.277
6906,100.0,6.25,681.277
6907,100.0,6.25,681.277
6908,75.0,4.688,681.277
6909,87.5,5.469,681.277
6910,100.0,6.25,681.277
6911,100.0,6.25,681.305
6912,62.5,3.906,681.672
6913,100.0,6.25,682.035
6914,100.0,6.25,682.434
6915,62.5,3.906,682.84
6916,100.0,6.25,683.164
6917,113.6,7.1,683.543
6918,75.0,4.688,683.883
6919,100.0,6.25,684.258
6920,100.0,6.25,684.637
6921,87.5,5.469,685.027
6922,100.0,6.25,685.402
6923,100.0,6.25,685.805
6924,100.0,6.25,686.195
6925,50.0,3.125,686.59
6926,100.0,6.25,686.965
6927,112.5,7.031,687.309
6928,62.5,3.906,687.672
6929,100.0,6.25,688.055
6930,100.0,6.25,688.453
6931,112.5,7.031,688.902
6932,87.5,5.469,689.215
6933,87.5,5.469,689.555
6934,87.5,5.469,689.883
6935,100.0,6.25,690.258
6936,87.5,5.469,690.625
6937,100.0,6.25,690.965
6938,114.7,7.169,691.293
6939,87.5,5.469,691.531
6940,75.0,4.688,691.957
6941,87.5,5.469,692.289
6942,75.0,4.688,692.672
6943,87.5,5.469,693.055
6944,89.1,5.569,669.699
6945,75.0,4.688,669.699
6946,43.0,2.688,652.074
6947,0.0,0.0,652.074
6948,0.0,0.0,652.074
6949,0.0,0.0,652.074
6950,14.3,0.894,652.078
6951,0.0,0.0,652.078
6952,0.0,0.0,652.078
6953,16.8,1.05,652.398
6954,0.0,0.0,652.398
6955,28.4,1.775,650.621
6956,87.5,5.469,650.621
6957,87.5,5.469,650.621
6958,100.0,6.25,650.621
6959,100.0,6.25,652.625
6960,100.0,6.25,652.625
6961,87.5,5.469,652.625
6962,87.5,5.469,652.625
6963,87.5,5.469,652.625
6964,100.0,6.25,652.625
6965,87.5,5.469,652.625
6966,100.0,6.25,652.625
6967,87.5,5.469,652.625
6968,100.0,6.25,652.625
6969,87.5,5.469,654.625
6970,75.0,4.688,654.625
6971,100.0,6.25,654.625
6972,100.0,6.25,654.625
6973,100.0,6.25,654.625
6974,100.0,6.25,654.625
6975,100.0,6.25,654.625
6976,75.0,4.688,654.625
6977,114.7,7.169,654.625
6978,88.7,5.544,654.625
6979,114.7,7.169,654.625
6980,100.0,6.25,654.625
6981,100.0,6.25,654.625
6982,100.0,6.25,654.625
6983,100.0,6.25,658.625
6984,87.5,5.469,658.625
6985,100.0,6.25,658.625
6986,100.0,6.25,658.625
6987,87.5,5.469,658.625
6988,87.5,5.469,658.625
6989,87.5,5.469,658.625
6990,75.0,4.688,658.625
6991,100.0,6.25,658.625
6992,100.0,6.25,658.625
6993,100.0,6.25,658.625
6994,113.6,7.1,658.625
6995,100.0,6.25,658.625
6996,87.5,5.469,658.625
6997,100.0,6.25,658.625
6998,100.0,6.25,658.625
6999,75.0,4.688,658.625
7000,87.5,5.469,658.625
7001,87.5,5.469,658.625
7002,75.0,4.688,658.625
7003,62.5,3.906,658.625
7004,75.0,4.688,658.625
7005,75.0,4.688,658.625
7006,87.5,5.469,658.625
7007,75.0,4.688,658.625
7008,114.7,7.169,658.625
7009,87.5,5.469,658.625
7010,75.0,4.688,658.625
7011,100.0,6.25,666.625
7012,100.0,6.25,666.625
7013,87.5,5.469,666.625
7014,100.0,6.25,666.625
7015,87.5,5.469,666.625
7016,75.0,4.688,666.625
7017,100.0,6.25,666.625
7018,87.5,5.469,666.625
7019,87.5,5.469,666.625
7020,100.0,6.25,666.625
7021,70.1,4.381,666.656
7022,100.0,6.25,666.668
7023,87.5,5.469,666.668
7024,75.0,4.688,666.668
7025,87.5,5.469,666.668
7026,100.0,6.25,666.668
7027,87.5,5.469,666.668
7028,100.0,6.25,666.668
7029,85.2,5.325,666.668
7030,100.0,6.25,666.668
7031,100.0,6.25,666.668
7032,75.0,4.688,666.668
7033,100.0,6.25,666.668
7034,87.5,5.469,666.668
7035,87.5,5.469,666.668
7036,87.5,5.469,666.668
7037,100.0,6.25,666.668
7038,87.5,5.469,666.668
7039,87.5,5.469,666.668
7040,87.5,5.469,666.668
7041,100.0,6.25,666.668
7042,75.0,4.688,666.668
7043,75.0,4.688,666.668
7044,75.0,4.688,666.668
7045,100.3,6.269,666.668
7046,87.5,5.469,666.668
7047,75.0,4.688,666.668
7048,87.5,5.469,666.668
7049,75.0,4.688,666.668
7050,62.5,3.906,666.668
7051,87.5,5.469,666.668
7052,87.5,5.469,666.668
7053,100.0,6.25,666.668
7054,75.0,4.688,666.668
7055,87.5,5.469,666.668
7056,100.3,6.269,666.668
7057,62.5,3.906,666.668
7058,75.0,4.688,666.668
7059,75.0,4.688,666.668
7060,87.5,5.469,666.668
7061,75.0,4.688,666.668
7062,100.0,6.25,666.668
7063,75.0,4.688,666.668
7064,87.5,5.469,666.668
7065,87.5,5.469,666.668
7066,100.0,6.25,666.668
7067,87.5,5.469,666.668
7068,87.5,5.469,666.668
7069,113.6,7.1,666.668
7070,100.0,6.25,666.668
7071,100.0,6.25,666.668
7072,100.0,6.25,666.668
7073,100.0,6.25,666.668
7074,87.5,5.469,666.668
7075,100.0,6.25,666.668
7076,75.0,4.688,666.668
7077,100.0,6.25,682.668
7078,100.0,6.25,682.668
7079,100.0,6.25,682.668
7080,75.0,4.688,682.668
7081,75.0,4.688,682.668
7082,87.5,5.469,682.668
7083,87.5,5.469,682.668
7084,100.0,6.25,682.668
7085,62.5,3.906,682.668
7086,87.5,5.469,682.668
7087,75.0,4.688,682.668
7088,75.0,4.688,682.668
7089,75.0,4.688,682.668
7090,87.5,5.469,682.668
7091,75.0,4.688,682.668
7092,100.0,6.25,682.668
7093,87.5,5.469,682.668
7094,62.5,3.906,682.668
7095,75.0,4.688,682.668
7096,62.5,3.906,682.668
7097,112.5,7.031,682.668
7098,100.0,6.25,682.668
7099,87.5,5.469,682.668
7100,62.5,3.906,682.668
7101,100.0,6.25,682.668
7102,87.5,5.469,682.668
7103,75.0,4.688,682.668
7104,87.5,5.469,682.668
7105,62.5,3.906,682.668
7106,75.0,4.688,682.668
7107,87.5,5.469,682.668
7108,100.0,6.25,682.668
7109,75.0,4.688,682.668
7110,87.5,5.469,682.668
7111,50.0,3.125,682.668
7112,100.0,6.25,682.668
7113,100.0,6.25,682.668
7114,100.0,6.25,682.668
7115,100.0,6.25,682.668
7116,37.5,2.344,682.668
7117,87.5,5.469,682.668
7118,78.1,4.881,682.668
7119,87.5,5.469,682.668
7120,87.5,5.469,682.668
7121,75.0,4.688,682.668
7122,100.0,6.25,682.676
7123,87.5,5.469,683.105
7124,100.0,6.25,683.414
7125,99.4,6.213,683.766
7126,67.0,4.188,684.027
7127,100.0,6.25,684.359
7128,75.0,4.688,684.699
7129,99.4,6.213,684.992
7130,87.5,5.469,685.266
7131,100.0,6.25,685.594
7132,100.0,6.25,685.98
7133,78.1,4.881,686.371
7134,75.0,4.688,686.703
7135,100.0,6.25,686.945
7136,100.0,6.25,687.23
7137,112.5,7.031,687.469
7138,88.7,5.544,687.715
7139,100.0,6.25,688.105
7140,100.0,6.25,688.336
7141,100.0,6.25,688.598
7142,75.0,4.688,688.855
7143,100.0,6.25,689.043
7144,87.5,5.469,689.293
7145,87.5,5.469,689.445
7146,100.0,6.25,689.66
7147,100.0,6.25,689.895
7148,88.7,5.544,690.105
7149,100.0,6.25,690.336
7150,100.0,6.25,690.613
7151,112.5,7.031,690.984
7152,100.0,6.25,691.328
7153,100.0,6.25,691.543
7154,75.0,4.688,691.727
7155,87.5,5.469,691.941
7156,100.0,6.25,692.254
7157,89.3,5.581,692.551
7158,100.0,6.25,692.883
7159,112.5,7.031,692.984
7160,100.0,6.25,693.199
7161,75.0,4.688,693.379
7162,87.5,5.469,693.574
7163,100.0,6.25,693.859
7164,87.5,5.469,694.285
7165,100.0,6.25,694.473
7166,93.8,5.862,670.137
7167,88.7,5.544,652.512
7168,0.0,0.0,652.512
7169,0.0,0.0,652.512
7170,0.0,0.0,652.512
7171,100.0,6.25,652.516
7172,87.5,5.469,652.516
7173,100.0,6.25,652.516
7174,87.5,5.469,654.52
7175,100.0,6.25,654.52
7176,100.0,6.25,654.52
7177,100.0,6.25,654.52
7178,100.0,6.25,654.52
7179,87.5,5.469,654.52
7180,87.5,5.469,654.52
7181,100.0,6.25,654.52
7182,100.0,6.25,654.52
7183,100.0,6.25,656.52
7184,87.5,5.469,656.52
7185,77.6,4.85,656.52
7186,100.0,6.25,656.52
7187,100.3,6.269,656.52
7188,88.7,5.544,656.52
7189,100.3,6.269,656.52
7190,113.6,7.1,656.52
7191,78.1,4.881,656.52
7192,100.0,6.25,656.52
7193,99.4,6.213,656.52
7194,87.5,5.469,656.52
7195,87.5,5.469,656.52
7196,75.0,4.688,656.52
7197,100.0,6.25,656.52
7198,100.0,6.25,660.52
7199,100.0,6.25,660.52
7200,100.0,6.25,660.52
7201,100.0,6.25,660.52
7202,100.0,6.25,660.52
7203,87.5,5.469,660.52
7204,100.0,6.25,660.52
7205,75.0,4.688,660.52
7206,87.5,5.469,660.52
7207,100.0,6.25,660.52
7208,100.3,6.269,660.52
7209,87.5,5.469,660.52
7210,87.5,5.469,660.52
7211,100.0,6.25,660.52
7212,87.5,5.469,660.52
7213,114.7,7.169,660.52
7214,87.5,5.469,660.52
7215,87.5,5.469,660.52
7216,88.7,5.544,660.52
7217,87.5,5.469,660.52
7218,100.3,6.269,660.52
7219,100.0,6.25,660.52
7220,100.0,6.25,660.52
7221,100.0,6.25,660.52
7222,85.2,5.325,660.52
7223,87.5,5.469,660.52
7224,87.5,5.469,660.52
7225,100.0,6.25,660.52
7226,75.0,4.688,660.52
7227,114.7,7.169,660.52
7228,87.5,5.469,660.52
7229,100.0,6.25,668.52
7230,75.0,4.688,668.52
7231,87.5,5.469,668.52
7232,100.0,6.25,668.52
7233,87.5,5.469,668.52
7234,100.0,6.25,668.52
7235,55.4,3.462,668.52
7236,89.3,5.581,668.52
7237,75.0,4.688,668.52
7238,99.4,6.213,668.52
7239,78.1,4.881,668.52
7240,50.0,3.125,668.52
7241,75.0,4.688,668.52
7242,112.5,7.031,668.52
7243,100.0,6.25,668.52
7244,75.0,4.688,668.52
7245,85.2,5.325,668.52
7246,87.5,5.469,668.52
7247,100.0,6.25,668.52
7248,75.0,4.688,668.52
7249,100.0,6.25,668.52
7250,75.0,4.688,668.52
7251,87.5,5.469,668.52
7252,100.0,6.25,668.52
7253,100.0,6.25,668.52
7254,87.5,5.469,668.52
7255,100.3,6.269,668.52
7256,87.5,5.469,668.52
7257,85.2,5.325,668.668
7258,87.5,5.469,668.691
7259,114.7,7.169,668.691
7260,100.0,6.25,668.691
7261,87.5,5.469,668.691
7262,87.5,5.469,668.691
7263,86.0,5.375,668.691
7264,85.2,5.325,668.691
7265,100.0,6.25,668.691
7266,87.5,5.469,668.691
7267,71.7,4.481,668.691
7268,87.5,5.469,668.691
7269,87.5,5.469,668.691
7270,100.0,6.25,668.691
7271,100.3,6.269,668.691
7272,75.0,4.688,668.691
7273,113.6,7.1,668.691
7274,100.0,6.25,668.699
7275,75.0,4.688,668.699
7276,112.5,7.031,668.699
7277,100.0,6.25,668.699
7278,100.3,6.269,668.699
7279,75.0,4.688,668.699
7280,87.5,5.469,668.699
7281,99.4,6.213,668.699
7282,75.0,4.688,668.699
7283,100.0,6.25,668.699
7284,87.5,5.469,668.699
7285,87.5,5.469,668.699
7286,100.0,6.25,668.699
7287,75.0,4.688,668.699
7288,75.0,4.688,668.699
7289,100.3,6.269,668.699
7290,100.0,6.25,668.699
7291,75.0,4.688,668.699
7292,100.0,6.25,668.699
7293,100.0,6.25,668.699
7294,87.5,5.469,668.699
7295,86.0,5.375,668.699
7296,88.7,5.544,668.699
7297,100.0,6.25,668.699
7298,100.0,6.25,668.699
7299,100.0,6.25,668.699
7300,100.0,6.25,668.699
7301,86.0,5.375,668.699
7302,100.0,6.25,668.699
7303,75.0,4.688,668.699
7304,87.5,5.469,668.699
7305,113.6,7.1,668.699
7306,87.5,5.469,668.699
7307,62.5,3.906,668.699
7308,100.3,6.269,668.699
7309,90.1,5.631,684.699
7310,100.0,6.25,684.699
7311,87.5,5.469,684.699
7312,85.2,5.325,684.699
7313,100.0,6.25,684.699
7314,87.5,5.469,684.699
7315,75.0,4.688,684.699
7316,114.7,7.169,684.699
7317,87.5,5.469,684.699
7318,100.3,6.269,684.699
7319,100.0,6.25,684.699
7320,87.5,5.469,684.699
7321,87.5,5.469,684.699
7322,88.7,5.544,684.699
7323,100.0,6.25,684.699
7324,100.3,6.269,684.699
7325,66.5,4.156,684.699
7326,75.0,4.688,684.699
7327,50.0,3.125,684.699
7328,100.3,6.269,684.699
7329,99.4,6.213,684.699
7330,87.5,5.469,684.699
7331,100.0,6.25,684.699
7332,100.3,6.269,684.699
7333,100.0,6.25,684.699
7334,100.0,6.25,684.699
7335,87.5,5.469,684.699
7336,100.0,6.25,684.699
7337,87.5,5.469,684.699
7338,75.0,4.688,684.699
7339,99.4,6.213,684.699
7340,100.0,6.25,684.699
7341,100.3,6.269,684.699
7342,87.5,5.469,684.699
7343,87.5,5.469,684.699
7344,100.0,6.25,684.699
7345,100.0,6.25,684.699
7346,87.5,5.469,684.699
7347,100.0,6.25,684.699
7348,87.5,5.469,684.699
7349,86.0,5.375,684.699
7350,100.0,6.25,684.699
7351,87.5,5.469,684.699
7352,113.6,7.1,684.699
7353,87.5,5.469,684.699
7354,100.3,6.269,684.699
7355,75.0,4.688,684.699
7356,100.3,6.269,684.699
7357,77.6,4.85,684.699
7358,114.7,7.169,684.699
7359,87.5,5.469,684.699
7360,99.4,6.213,684.699
7361,100.0,6.25,684.699
7362,87.5,5.469,684.699
7363,114.7,7.169,684.699
7364,85.2,5.325,684.699
7365,100.0,6.25,684.699
7366,100.0,6.25,684.699
7367,87.5,5.469,684.699
7368,87.5,5.469,684.699
7369,71.7,4.481,684.699
7370,100.3,6.269,684.855
7371,100.0,6.25,685.02
7372,87.5,5.469,685.211
7373,112.5,7.031,685.574
7374,99.4,6.213,685.961
7375,89.3,5.581,686.387
7376,112.5,7.031,686.723
7377,100.0,6.25,687.082
7378,62.5,3.906,687.293
7379,85.2,5.325,687.492
7380,75.0,4.688,687.746
7381,100.0,6.25,688.012
7382,87.5,5.469,688.352
7383,86.0,5.375,688.633
7384,114.7,7.169,688.957
7385,100.0,6.25,689.285
7386,87.5,5.469,689.59
7387,113.6,7.1,689.949
7388,100.0,6.25,690.199
7389,100.3,6.269,690.512
7390,87.5,5.469,690.789
7391,87.5,5.469,691.16
7392,75.0,4.688,691.449
7393,85.2,5.325,691.742
7394,100.0,6.25,692.008
7395,87.5,5.469,692.273
7396,75.0,4.688,692.559
7397,100.0,6.25,692.832
7398,87.5,5.469,692.98
7399,25.0,1.562,693.047
7400,87.5,5.469,693.625
7401,100.0,6.25,694.234
7402,96.4,6.025,670.188
7403,83.1,5.194,654.562
7404,0.0,0.0,654.562
7405,0.0,0.0,654.562
7406,0.0,0.0,654.562
7407,0.0,0.0,654.562
7408,0.0,0.0,654.562
7409,0.0,0.0,654.562
7410,0.0,0.0,654.562
7411,0.0,0.0,654.562
7412,0.0,0.0,654.562
7413,0.0,0.0,654.562
7414,0.0,0.0,654.562
7415,0.0,0.0,654.562
7416,0.0,0.0,654.562
7417,0.0,0.0,654.562
7418,0.0,0.0,654.562
7419,0.0,0.0,654.562
7420,0.0,0.0,654.562
7421,0.0,0.0,654.562
7422,0.0,0.0,654.562
7423,0.0,0.0,654.562
7424,0.0,0.0,654.562
7425,0.0,0.0,654.562
7426,0.0,0.0,654.562
7427,0.0,0.0,654.562
7428,0.0,0.0,654.562
7429,0.0,0.0,654.562
7430,0.0,0.0,654.562
7431,0.0,0.0,654.562
7432,0.0,0.0,654.562
7433,0.0,0.0,654.562
7434,0.0,0.0,654.562
7435,0.0,0.0,654.562
7436,0.0,0.0,654.562
7437,0.0,0.0,654.562
7438,0.0,0.0,654.562
7439,0.0,0.0,654.562
7440,0.0,0.0,654.562
7441,0.0,0.0,654.562
7442,0.0,0.0,654.562
7443,0.0,0.0,654.562
7444,0.0,0.0,654.562
7445,0.0,0.0,654.562
7446,0.0,0.0,654.562
7447,0.0,0.0,654.562
7448,0.0,0.0,654.562
7449,0.0,0.0,654.562
7450,0.0,0.0,654.562
7451,0.0,0.0,654.562
7452,0.0,0.0,654.562
7453,0.0,0.0,654.562
7454,0.0,0.0,654.562
7455,0.0,0.0,654.562
7456,0.0,0.0,654.562
7457,0.0,0.0,654.562
7458,0.0,0.0,654.562
7459,0.0,0.0,654.902
7460,0.0,0.0,654.902
7461,0.0,0.0,654.938
7462,0.0,0.0,655.0
7463,0.0,0.0,655.0
7464,0.0,0.0,655.004
7465,14.2,0.887,655.004
7466,0.0,0.0,655.004
7467,0.0,0.0,655.004
7468,0.0,0.0,655.004
7469,0.0,0.0,655.004
7470,62.5,3.906,653.137
7471,77.6,4.85,653.137
7472,100.0,6.25,655.141
7473,87.5,5.469,655.141
7474,100.0,6.25,655.141
7475,112.5,7.031,655.141
7476,87.5,5.469,655.141
7477,100.0,6.25,657.141
7478,100.0,6.25,657.141
7479,87.5,5.469,657.141
7480,100.0,6.25,657.141
7481,100.0,6.25,657.141
7482,100.0,6.25,657.141
7483,100.0,6.25,657.141
7484,100.0,6.25,661.141
7485,87.5,5.469,661.141
7486,87.5,5.469,661.141
7487,100.0,6.25,661.141
7488,100.0,6.25,661.141
7489,87.5,5.469,661.141
7490,87.5,5.469,661.141
7491,100.0,6.25,661.141
7492,100.0,6.25,661.141
7493,87.5,5.469,661.141
7494,100.0,6.25,661.141
7495,100.0,6.25,661.141
7496,100.0,6.25,661.141
7497,100.0,6.25,661.141
7498,87.5,5.469,669.141
7499,100.0,6.25,669.141
7500,100.0,6.25,669.141
7501,89.3,5.581,669.141
7502,87.5,5.469,669.141
7503,87.5,5.469,669.141
7504,100.0,6.25,669.141
7505,100.0,6.25,669.141
7506,100.0,6.25,669.141
7507,100.0,6.25,669.141
7508,75.0,4.688,669.141
7509,87.5,5.469,669.266
7510,100.0,6.25,669.266
7511,100.0,6.25,669.266
7512,87.5,5.469,669.266
7513,100.0,6.25,669.266
7514,100.0,6.25,669.266
7515,75.0,4.688,669.266
7516,100.0,6.25,669.266
7517,100.0,6.25,669.266
7518,66.5,4.156,669.266
7519,112.5,7.031,669.266
7520,87.5,5.469,669.266
7521,100.0,6.25,669.266
7522,100.0,6.25,669.266
7523,100.0,6.25,669.266
7524,100.0,6.25,669.266
7525,100.0,6.25,669.266
7526,100.0,6.25,669.266
7527,87.5,5.469,685.266
7528,100.0,6.25,685.266
7529,100.0,6.25,685.266
7530,100.0,6.25,685.266
7531,100.0,6.25,685.266
7532,88.7,5.544,685.266
7533,114.7,7.169,685.266
7534,88.7,5.544,685.266
7535,114.7,7.169,685.266
7536,100.0,6.25,685.266
7537,88.7,5.544,685.266
7538,100.0,6.25,685.266
7539,100.0,6.25,685.266
7540,100.0,6.25,685.266
7541,100.0,6.25,685.266
7542,100.0,6.25,685.266
7543,112.5,7.031,685.266
7544,100.0,6.25,685.266
7545,100.0,6.25,685.266
7546,100.0,6.25,685.266
7547,100.0,6.25,685.953
7548,100.0,6.25,686.715
7549,100.0,6.25,687.438
7550,100.0,6.25,688.191
7551,100.0,6.25,688.93
7552,87.5,5.469,689.703
7553,100.0,6.25,690.453
7554,100.0,6.25,691.129
7555,100.0,6.25,691.844
7556,100.0,6.25,692.578
7557,100.0,6.25,693.281
7558,100.0,6.25,693.859
7559,100.0,6.25,694.566
7560,96.0,6.0,670.977
7561,85.2,5.325,655.352
7562,0.0,0.0,655.352
7563,0.0,0.0,655.352
7564,0.0,0.0,655.352
7565,14.3,0.894,655.352
7566,0.0,0.0,655.352
7567,0.0,0.0,655.352
7568,0.0,0.0,655.352
7569,0.0,0.0,655.352
7570,0.0,0.0,655.352
7571,0.0,0.0,655.352
7572,0.0,0.0,655.352
7573,0.0,0.0,655.352
7574,0.0,0.0,655.352
7575,0.0,0.0,655.352
7576,0.0,0.0,655.352
7577,0.0,0.0,655.352
7578,0.0,0.0,655.352
7579,0.0,0.0,655.352
7580,0.0,0.0,655.352
7581,0.0,0.0,655.352
7582,0.0,0.0,655.352
7583,0.0,0.0,655.352
7584,14.3,0.894,655.352
7585,0.0,0.0,655.352
7586,0.0,0.0,655.352
7587,0.0,0.0,655.352
7588,0.0,0.0,655.352
7589,0.0,0.0,655.352
7590,0.0,0.0,655.352
7591,0.0,0.0,655.352
7592,0.0,0.0,655.352
7593,0.0,0.0,655.352
7594,0.0,0.0,655.352
7595,0.0,0.0,655.352
7596,0.0,0.0,655.352
7597,0.0,0.0,655.352
7598,0.0,0.0,655.352
7599,0.0,0.0,655.352
7600,0.0,0.0,655.352
7601,0.0,0.0,655.352
7602,0.0,0.0,655.352
7603,0.0,0.0,655.352
7604,0.0,0.0,655.352
7605,0.0,0.0,655.352
7606,0.0,0.0,655.352
7607,0.0,0.0,655.352
7608,0.0,0.0,655.352
7609,0.0,0.0,655.352
7610,0.0,0.0,655.352
7611,0.0,0.0,655.352
7612,0.0,0.0,655.352
7613,0.0,0.0,655.352
7614,0.0,0.0,655.352
7615,0.0,0.0,655.352
7616,0.0,0.0,655.352
7617,0.0,0.0,655.352
7618,0.0,0.0,655.352
7619,0.0,0.0,655.352
7620,0.0,0.0,655.352
7621,0.0,0.0,655.352
7622,0.0,0.0,655.352
7623,0.0,0.0,655.352
7624,0.0,0.0,655.352
7625,0.0,0.0,655.352
7626,0.0,0.0,655.352
7627,0.0,0.0,655.352
7628,0.0,0.0,655.352
7629,0.0,0.0,655.352
7630,0.0,0.0,655.352
7631,0.0,0.0,655.352
7632,0.0,0.0,655.352
7633,0.0,0.0,655.352
7634,0.0,0.0,655.352
7635,0.0,0.0,655.352
7636,0.0,0.0,655.352
7637,0.0,0.0,655.352
7638,0.0,0.0,655.352
7639,28.4,1.775,655.344
7640,0.0,0.0,655.344
7641,0.0,0.0,655.344
7642,0.0,0.0,655.344
7643,0.0,0.0,655.344
7644,0.0,0.0,655.344
7645,0.0,0.0,655.344
7646,0.0,0.0,655.344
7647,0.0,0.0,655.344
7648,0.0,0.0,655.344
7649,0.0,0.0,655.344
7650,0.0,0.0,655.344
7651,0.0,0.0,655.344
7652,0.0,0.0,655.344
7653,0.0,0.0,655.344
7654,0.0,0.0,655.344
7655,0.0,0.0,655.344
7656,0.0,0.0,655.344
7657,0.0,0.0,655.344
7658,0.0,0.0,655.344
7659,0.0,0.0,655.348
7660,0.0,0.0,655.348
7661,0.0,0.0,655.348
7662,0.0,0.0,655.348
7663,0.0,0.0,655.348
7664,0.0,0.0,655.348
7665,0.0,0.0,655.348
7666,0.0,0.0,655.348
7667,0.0,0.0,655.348
7668,0.0,0.0,655.348
7669,0.0,0.0,655.348
7670,0.0,0.0,655.348
7671,0.0,0.0,655.348
7672,0.0,0.0,655.348
7673,0.0,0.0,655.348
7674,0.0,0.0,655.348
7675,0.0,0.0,655.348
7676,0.0,0.0,655.348
7677,0.0,0.0,655.348
7678,0.0,0.0,655.348
7679,0.0,0.0,655.348
7680,0.0,0.0,655.348
7681,0.0,0.0,655.348
7682,0.0,0.0,655.348
7683,0.0,0.0,655.348
7684,0.0,0.0,655.348
7685,0.0,0.0,655.348
7686,0.0,0.0,655.348
7687,0.0,0.0,655.348
7688,14.3,0.894,655.348
7689,0.0,0.0,655.348
7690,0.0,0.0,655.348
7691,0.0,0.0,655.348
7692,0.0,0.0,655.348
7693,0.0,0.0,655.348
7694,0.0,0.0,655.348
7695,0.0,0.0,655.348
7696,0.0,0.0,655.348
7697,0.0,0.0,655.348
7698,0.0,0.0,655.348
7699,0.0,0.0,655.348
7700,0.0,0.0,655.348
7701,0.0,0.0,655.348
7702,0.0,0.0,655.348
7703,0.0,0.0,655.348
7704,0.0,0.0,655.348
7705,0.0,0.0,655.348
7706,0.0,0.0,655.348
7707,0.0,0.0,655.348
7708,0.0,0.0,655.348
7709,0.0,0.0,655.348
7710,0.0,0.0,655.348
7711,0.0,0.0,655.348
7712,0.0,0.0,655.348
7713,44.6,2.788,654.355
7714,100.0,6.25,654.355
7715,100.0,6.25,656.359
7716,62.5,3.906,656.359
7717,100.0,6.25,656.359
7718,100.0,6.25,656.359
7719,87.5,5.469,656.359
7720,100.0,6.25,656.359
7721,100.0,6.25,656.359
7722,87.5,5.469,658.359
7723,87.5,5.469,658.359
7724,100.0,6.25,658.359
7725,87.5,5.469,658.359
7726,100.0,6.25,658.359
7727,100.0,6.25,658.359
7728,100.0,6.25,658.359
7729,87.5,5.469,658.359
7730,87.5,5.469,658.359
7731,100.0,6.25,662.359
7732,100.0,6.25,662.359
7733,87.5,5.469,662.359
7734,87.5,5.469,662.359
7735,25.0,1.562,662.359
7736,87.5,5.469,662.359
7737,100.0,6.25,662.359
7738,87.5,5.469,662.359
7739,87.5,5.469,662.359
7740,100.0,6.25,662.359
7741,100.0,6.25,662.359
7742,87.5,5.469,662.359
7743,62.5,3.906,662.359
7744,100.0,6.25,662.359
7745,112.5,7.031,662.359
7746,99.4,6.213,662.359
7747,100.0,6.25,662.359
7748,87.5,5.469,662.359
7749,100.3,6.269,670.359
7750,71.7,4.481,670.359
7751,77.6,4.85,670.359
7752,100.3,6.269,670.359
7753,75.0,4.688,670.359
7754,100.0,6.25,670.359
7755,75.0,4.688,670.359
7756,62.5,3.906,670.344
7757,100.0,6.25,670.344
7758,75.0,4.688,670.344
7759,99.4,6.213,670.344
7760,89.3,5.581,670.344
7761,87.5,5.469,670.344
7762,100.0,6.25,670.344
7763,99.4,6.213,670.344
7764,100.0,6.25,670.344
7765,89.3,5.581,670.355
7766,87.5,5.469,670.496
7767,112.5,7.031,670.496
7768,62.5,3.906,670.496
7769,87.5,5.469,670.496
7770,100.0,6.25,670.496
7771,87.5,5.469,670.496
7772,100.0,6.25,670.496
7773,100.0,6.25,670.496
7774,87.5,5.469,670.496
7775,100.0,6.25,670.496
7776,87.5,5.469,670.496
7777,75.0,4.688,670.496
7778,77.6,4.85,670.496
7779,100.0,6.25,670.496
7780,100.0,6.25,670.496
7781,100.0,6.25,670.496
7782,87.5,5.469,670.496
7783,88.7,5.544,670.496
7784,100.0,6.25,686.496
7785,100.0,6.25,686.496
7786,100.0,6.25,686.496
7787,100.0,6.25,686.496
7788,100.0,6.25,686.496
7789,75.0,4.688,686.496
7790,100.0,6.25,686.496
7791,112.5,7.031,686.496
7792,100.0,6.25,686.496
7793,100.0,6.25,686.496
7794,100.0,6.25,686.496
7795,100.0,6.25,686.496
7796,100.0,6.25,686.496
7797,87.5,5.469,686.496
7798,87.5,5.469,686.496
7799,87.5,5.469,686.496
7800,100.0,6.25,686.496
7801,100.3,6.269,686.496
7802,87.5,5.469,686.496
7803,100.0,6.25,686.496
7804,77.6,4.85,686.496
7805,100.0,6.25,686.496
7806,100.3,6.269,686.496
7807,100.0,6.25,686.496
7808,88.7,5.544,686.496
7809,100.0,6.25,687.113
7810,100.3,6.269,687.754
7811,100.0,6.25,688.438
7812,100.0,6.25,689.098
7813,88.7,5.544,689.785
7814,87.5,5.469,690.371
7815,100.0,6.25,690.992
7816,87.5,5.469,691.609
7817,100.0,6.25,692.371
7818,100.0,6.25,693.031
7819,100.0,6.25,693.617
7820,100.0,6.25,693.98
7821,100.0,6.25,694.625
7822,100.0,6.25,695.191
7823,96.2,6.013,670.996
7824,87.5,5.469,656.371
7825,0.0,0.0,656.371
7826,0.0,0.0,656.371
7827,0.0,0.0,656.371
7828,0.0,0.0,656.371
7829,0.0,0.0,656.371
7830,0.0,0.0,656.371
7831,14.2,0.887,656.555
7832,0.0,0.0,656.555
7833,0.0,0.0,656.555
7834,0.0,0.0,656.555
7835,0.0,0.0,656.555
7836,0.0,0.0,656.555
7837,0.0,0.0,656.555
7838,0.0,0.0,656.555
7839,0.0,0.0,656.555
7840,0.0,0.0,656.555
7841,0.0,0.0,656.555
7842,0.0,0.0,656.555
7843,0.0,0.0,656.555
7844,0.0,0.0,656.555
7845,0.0,0.0,656.555
7846,0.0,0.0,656.555
7847,0.0,0.0,656.555
7848,0.0,0.0,656.555
7849,0.0,0.0,656.555
7850,0.0,0.0,656.555
7851,0.0,0.0,656.555
7852,0.0,0.0,656.555
7853,0.0,0.0,656.555
7854,0.0,0.0,656.555
7855,0.0,0.0,656.555
7856,0.0,0.0,656.555
7857,0.0,0.0,656.555
7858,0.0,0.0,656.555
7859,0.0,0.0,656.555
7860,0.0,0.0,656.555
7861,0.0,0.0,656.555
7862,0.0,0.0,656.555
7863,0.0,0.0,656.555
7864,0.0,0.0,656.555
7865,0.0,0.0,656.555
7866,0.0,0.0,656.555
7867,0.0,0.0,656.555
7868,0.0,0.0,656.555
7869,0.0,0.0,656.555
7870,0.0,0.0,656.555
7871,0.0,0.0,656.555
7872,0.0,0.0,656.555
7873,0.0,0.0,656.555
7874,0.0,0.0,656.555
7875,0.0,0.0,656.555
7876,0.0,0.0,656.555
7877,0.0,0.0,656.555
7878,0.0,0.0,656.555
7879,0.0,0.0,656.555
7880,0.0,0.0,656.555
7881,0.0,0.0,656.555
7882,0.0,0.0,656.555
7883,0.0,0.0,656.555
7884,0.0,0.0,656.555
7885,0.0,0.0,656.555
7886,0.0,0.0,656.555
7887,0.0,0.0,656.555
7888,0.0,0.0,656.555
7889,0.0,0.0,656.555
7890,0.0,0.0,656.555
7891,0.0,0.0,656.555
7892,0.0,0.0,656.555
7893,0.0,0.0,656.555
7894,0.0,0.0,656.555
7895,0.0,0.0,656.555
7896,0.0,0.0,656.555
7897,0.0,0.0,656.555
7898,0.0,0.0,656.555
7899,0.0,0.0,656.555
7900,0.0,0.0,656.555
7901,0.0,0.0,656.555
7902,0.0,0.0,656.555
7903,0.0,0.0,656.555
7904,12.5,0.781,656.809
7905,0.0,0.0,656.809
7906,0.0,0.0,656.809
7907,0.0,0.0,656.809
7908,0.0,0.0,656.809
7909,0.0,0.0,656.809
7910,0.0,0.0,656.809
7911,0.0,0.0,656.809
7912,0.0,0.0,656.809
7913,0.0,0.0,656.809
7914,0.0,0.0,656.809
7915,0.0,0.0,656.809
7916,0.0,0.0,656.809
7917,0.0,0.0,656.809
7918,0.0,0.0,656.809
7919,0.0,0.0,656.809
7920,0.0,0.0,656.809
7921,0.0,0.0,656.809
7922,0.0,0.0,656.809
7923,0.0,0.0,656.809
7924,0.0,0.0,656.809
7925,0.0,0.0,656.809
7926,0.0,0.0,656.809
7927,0.0,0.0,656.809
7928,0.0,0.0,656.809
7929,0.0,0.0,656.809
7930,0.0,0.0,656.809
7931,0.0,0.0,656.809
7932,0.0,0.0,656.809
7933,0.0,0.0,656.809
7934,14.3,0.894,656.809
7935,0.0,0.0,656.809
7936,0.0,0.0,656.809
7937,0.0,0.0,656.809
7938,0.0,0.0,656.809
7939,0.0,0.0,656.809
7940,0.0,0.0,656.809
7941,0.0,0.0,656.809
7942,0.0,0.0,656.809
7943,0.0,0.0,656.809
7944,0.0,0.0,656.809
7945,0.0,0.0,656.809
7946,0.0,0.0,656.809
7947,0.0,0.0,656.809
7948,0.0,0.0,656.809
7949,0.0,0.0,656.809
7950,0.0,0.0,656.809
7951,0.0,0.0,656.809
7952,0.0,0.0,656.809
7953,0.0,0.0,656.809
7954,0.0,0.0,656.809
7955,0.0,0.0,656.809
7956,0.0,0.0,656.809
7957,0.0,0.0,656.809
7958,0.0,0.0,656.809
7959,0.0,0.0,656.809
7960,0.0,0.0,656.809
7961,0.0,0.0,656.809
7962,0.0,0.0,656.809
7963,0.0,0.0,656.809
7964,0.0,0.0,656.809
7965,0.0,0.0,656.809
7966,0.0,0.0,656.809
7967,0.0,0.0,656.809
7968,0.0,0.0,656.809
7969,0.0,0.0,656.809
7970,0.0,0.0,656.809
7971,0.0,0.0,656.809
7972,0.0,0.0,656.809
7973,0.0,0.0,656.809
7974,0.0,0.0,656.809
7975,0.0,0.0,656.809
7976,0.0,0.0,656.809
7977,62.5,3.906,655.82
7978,100.0,6.25,655.82
7979,87.5,5.469,657.824
7980,112.5,7.031,657.824
7981,100.0,6.25,657.824
7982,87.5,5.469,657.824
7983,100.0,6.25,657.824
7984,100.0,6.25,657.824
7985,100.0,6.25,659.824
7986,87.5,5.469,659.824
7987,87.5,5.469,659.824
7988,87.5,5.469,659.824
7989,100.0,6.25,659.824
7990,100.0,6.25,659.824
7991,100.0,6.25,659.824
7992,100.0,6.25,659.824
7993,62.5,3.906,663.824
7994,100.0,6.25,663.824
7995,100.0,6.25,663.824
7996,100.0,6.25,663.824
7997,100.0,6.25,663.824
7998,100.0,6.25,663.824
7999,100.0,6.25,663.824
8000,100.0,6.25,663.824
8001,100.0,6.25,663.824
8002,100.0,6.25,663.824
8003,100.0,6.25,663.824
8004,100.0,6.25,663.824
8005,100.0,6.25,663.824
8006,88.7,5.544,663.824
8007,100.0,6.25,663.824
8008,114.7,7.169,663.824
8009,100.0,6.25,671.824
8010,100.0,6.25,671.824
8011,87.5,5.469,671.824
8012,100.0,6.25,671.824
8013,100.0,6.25,671.824
8014,88.7,5.544,671.824
8015,100.0,6.25,671.824
8016,100.0,6.25,671.824
8017,75.0,4.688,671.824
8018,100.0,6.25,671.824
8019,100.0,6.25,671.824
8020,100.0,6.25,671.824
8021,100.0,6.25,671.832
8022,87.5,5.469,671.945
8023,100.0,6.25,671.945
8024,100.0,6.25,671.945
8025,100.0,6.25,671.945
8026,87.5,5.469,671.945
8027,87.5,5.469,671.945
8028,100.0,6.25,671.945
8029,87.5,5.469,671.945
8030,100.0,6.25,671.945
8031,100.0,6.25,671.945
8032,100.0,6.25,671.945
8033,100.0,6.25,671.945
8034,100.0,6.25,671.945
8035,100.0,6.25,671.945
8036,100.0,6.25,671.945
8037,100.0,6.25,671.945
8038,100.0,6.25,671.945
8039,100.0,6.25,671.945
8040,100.0,6.25,687.945
8041,100.0,6.25,687.945
8042,100.0,6.25,687.945
8043,99.7,6.231,687.945
8044,87.5,5.469,687.945
8045,114.7,7.169,687.945
8046,88.7,5.544,687.945
8047,100.0,6.25,687.945
8048,114.7,7.169,687.945
8049,100.0,6.25,687.945
8050,88.7,5.544,687.945
8051,100.4,6.275,687.945
8052,88.7,5.544,687.945
8053,100.0,6.25,687.945
8054,100.0,6.25,687.945
8055,100.0,6.25,687.945
8056,100.0,6.25,687.945
8057,100.0,6.25,687.945
8058,100.0,6.25,687.945
8059,100.0,6.25,687.945
8060,114.7,7.169,687.945
8061,100.0,6.25,687.945
8062,100.0,6.25,687.945
8063,100.0,6.25,687.945
8064,100.0,6.25,687.945
8065,100.0,6.25,688.551
8066,100.0,6.25,689.238
8067,100.0,6.25,689.91
8068,100.0,6.25,690.52
8069,100.0,6.25,691.195
8070,79.6,4.975,692.0
8071,100.0,6.25,692.734
8072,89.3,5.581,693.445
8073,113.6,7.1,694.133
8074,87.5,5.469,694.52
8075,89.3,5.581,695.051
8076,100.0,6.25,695.695
8077,102.0,6.375,670.566
8078,86.0,5.375,655.398
8079,0.0,0.0,655.398
8080,0.0,0.0,655.398
8081,0.0,0.0,655.398
8082,0.0,0.0,655.398
8083,0.0,0.0,655.52
8084,28.7,1.794,655.539
8085,0.0,0.0,655.539
8086,0.0,0.0,655.539
8087,0.0,0.0,655.539
8088,0.0,0.0,655.539
8089,0.0,0.0,655.539
8090,0.0,0.0,655.539
8091,0.0,0.0,655.539
8092,0.0,0.0,655.539
8093,0.0,0.0,655.539
8094,0.0,0.0,655.539
8095,0.0,0.0,655.539
8096,0.0,0.0,655.539
8097,0.0,0.0,655.539
8098,0.0,0.0,655.539
8099,0.0,0.0,655.539
8100,0.0,0.0,655.539
8101,0.0,0.0,655.539
8102,0.0,0.0,655.539
8103,0.0,0.0,655.539
8104,0.0,0.0,655.539
8105,0.0,0.0,655.539
8106,0.0,0.0,655.539
8107,0.0,0.0,655.539
8108,0.0,0.0,655.539
8109,0.0,0.0,655.539
8110,0.0,0.0,655.539
8111,0.0,0.0,655.539
8112,0.0,0.0,655.539
8113,0.0,0.0,655.539
8114,0.0,0.0,655.539
8115,0.0,0.0,655.539
8116,0.0,0.0,655.539
8117,0.0,0.0,655.539
8118,0.0,0.0,655.539
8119,0.0,0.0,655.539
8120,0.0,0.0,655.539
8121,0.0,0.0,655.539
8122,0.0,0.0,655.539
8123,0.0,0.0,655.539
8124,0.0,0.0,655.539
8125,0.0,0.0,655.539
8126,0.0,0.0,655.539
8127,0.0,0.0,655.539
8128,0.0,0.0,655.539
8129,14.3,0.894,655.539
8130,14.3,0.894,655.539
8131,0.0,0.0,655.539
8132,0.0,0.0,655.539
8133,0.0,0.0,655.539
8134,14.3,0.894,655.539
8135,0.0,0.0,655.539
8136,0.0,0.0,655.539
8137,0.0,0.0,655.539
8138,0.0,0.0,655.539
8139,0.0,0.0,655.539
8140,0.0,0.0,655.539
8141,0.0,0.0,655.539
8142,0.0,0.0,655.539
8143,0.0,0.0,655.539
8144,0.0,0.0,655.539
8145,0.0,0.0,655.539
8146,0.0,0.0,655.539
8147,0.0,0.0,655.539
8148,0.0,0.0,655.539
8149,0.0,0.0,655.539
8150,0.0,0.0,655.539
8151,0.0,0.0,655.539
8152,0.0,0.0,655.539
8153,0.0,0.0,655.539
8154,0.0,0.0,655.539
8155,0.0,0.0,655.539
8156,0.0,0.0,655.539
8157,14.2,0.887,655.801
8158,0.0,0.0,655.801
8159,0.0,0.0,655.801
8160,0.0,0.0,655.801
8161,0.0,0.0,655.801
8162,0.0,0.0,655.801
8163,0.0,0.0,655.801
8164,0.0,0.0,655.801
8165,0.0,0.0,655.801
8166,0.0,0.0,655.801
8167,0.0,0.0,655.801
8168,0.0,0.0,655.801
8169,0.0,0.0,655.801
8170,0.0,0.0,655.801
8171,0.0,0.0,655.801
8172,0.0,0.0,655.801
8173,0.0,0.0,655.801
8174,0.0,0.0,655.801
8175,14.3,0.894,655.801
8176,0.0,0.0,655.801
8177,0.0,0.0,655.801
8178,0.0,0.0,655.801
8179,0.0,0.0,655.801
8180,0.0,0.0,655.801
8181,0.0,0.0,655.801
8182,0.0,0.0,655.801
8183,14.3,0.894,655.801
8184,0.0,0.0,655.801
8185,0.0,0.0,655.801
8186,0.0,0.0,655.801
8187,0.0,0.0,655.801
8188,0.0,0.0,655.801
8189,0.0,0.0,655.801
8190,0.0,0.0,655.801
8191,0.0,0.0,655.801
8192,0.0,0.0,655.801
8193,0.0,0.0,655.801
8194,0.0,0.0,655.801
8195,0.0,0.0,655.801
8196,0.0,0.0,655.801
8197,0.0,0.0,655.801
8198,0.0,0.0,655.801
8199,0.0,0.0,655.801
8200,0.0,0.0,655.801
8201,14.2,0.887,655.801
8202,0.0,0.0,655.801
8203,0.0,0.0,655.801
8204,0.0,0.0,655.801
8205,0.0,0.0,655.801
8206,0.0,0.0,655.801
8207,0.0,0.0,655.801
8208,0.0,0.0,655.801
8209,0.0,0.0,655.801
8210,0.0,0.0,655.801
8211,0.0,0.0,655.801
8212,0.0,0.0,655.801
8213,0.0,0.0,655.801
8214,0.0,0.0,655.801
8215,0.0,0.0,655.801
8216,0.0,0.0,655.801
8217,0.0,0.0,655.801
8218,0.0,0.0,655.801
8219,0.0,0.0,655.801
8220,0.0,0.0,655.801
8221,0.0,0.0,655.801
8222,0.0,0.0,655.801
8223,0.0,0.0,655.801
8224,0.0,0.0,655.801
8225,0.0,0.0,655.801
8226,0.0,0.0,655.801
8227,0.0,0.0,655.801
8228,0.0,0.0,655.801
8229,0.0,0.0,655.801
8230,37.5,2.344,655.949
8231,100.0,6.25,656.004
8232,100.0,6.25,658.008
8233,87.5,5.469,658.008
8234,100.0,6.25,658.008
8235,100.0,6.25,658.008
8236,88.7,5.544,658.008
8237,114.7,7.169,658.008
8238,77.6,4.85,660.008
8239,100.0,6.25,660.008
8240,100.0,6.25,660.008
8241,100.0,6.25,660.008
8242,86.0,5.375,660.008
8243,100.0,6.25,660.008
8244,70.1,4.381,660.008
8245,113.6,7.1,660.008
8246,100.0,6.25,664.008
8247,100.0,6.25,664.008
8248,87.5,5.469,664.008
8249,100.0,6.25,664.008
8250,89.3,5.581,664.008
8251,113.6,7.1,664.008
8252,100.0,6.25,664.008
8253,89.3,5.581,664.008
8254,100.0,6.25,664.008
8255,113.6,7.1,664.008
8256,100.0,6.25,664.008
8257,89.3,5.581,664.008
8258,113.6,7.1,664.008
8259,100.0,6.25,664.008
8260,100.0,6.25,664.008
8261,100.0,6.25,664.008
8262,89.3,5.581,672.008
8263,112.5,7.031,672.008
8264,87.5,5.469,672.008
8265,100.0,6.25,672.008
8266,100.0,6.25,672.008
8267,100.0,6.25,672.008
8268,100.0,6.25,672.008
8269,87.5,5.469,672.008
8270,100.0,6.25,672.008
8271,100.0,6.25,672.008
8272,100.0,6.25,672.008
8273,100.0,6.25,672.008
8274,100.0,6.25,672.008
8275,100.0,6.25,672.012
8276,75.0,4.688,672.074
8277,100.0,6.25,672.074
8278,100.0,6.25,672.074
8279,100.0,6.25,672.082
8280,100.0,6.25,672.082
8281,88.7,5.544,672.082
8282,86.0,5.375,672.082
8283,87.5,5.469,672.082
8284,100.0,6.25,672.082
8285,100.0,6.25,672.082
8286,100.0,6.25,672.082
8287,88.7,5.544,672.082
8288,100.0,6.25,672.082
8289,100.3,6.269,672.082
8290,88.7,5.544,672.082
8291,75.0,4.688,672.082
8292,87.5,5.469,672.082
8293,114.7,7.169,672.082
8294,87.5,5.469,688.082
8295,88.7,5.544,688.082
8296,100.0,6.25,688.082
8297,100.3,6.269,688.082
8298,100.0,6.25,688.082
8299,88.7,5.544,688.082
8300,100.0,6.25,688.082
8301,114.7,7.169,688.082
8302,100.0,6.25,688.082
8303,87.5,5.469,688.082
8304,77.6,4.85,688.082
8305,112.5,7.031,688.082
8306,100.0,6.25,688.082
8307,100.0,6.25,688.082
8308,75.0,4.688,688.082
8309,87.5,5.469,688.082
8310,87.5,5.469,688.082
8311,87.5,5.469,688.082
8312,75.0,4.688,688.082
8313,100.0,6.25,688.082
8314,100.0,6.25,688.082
8315,88.7,5.544,688.082
8316,87.5,5.469,688.082
8317,75.0,4.688,688.082
8318,71.7,4.481,688.082
8319,100.0,6.25,688.082
8320,77.6,4.85,688.082
8321,100.0,6.25,688.199
8322,100.3,6.269,688.895
8323,100.0,6.25,689.582
8324,77.6,4.85,690.207
8325,100.0,6.25,690.887
8326,87.5,5.469,691.582
8327,75.0,4.688,692.062
8328,100.0,6.25,692.492
8329,100.0,6.25,693.016
8330,112.5,7.031,693.699
8331,96.2,6.013,670.684
8332,86.0,5.375,659.059
8333,0.0,0.0,659.059
8334,0.0,0.0,659.059
8335,0.0,0.0,659.059
8336,0.0,0.0,659.059
8337,0.0,0.0,659.059
8338,0.0,0.0,659.059
8339,33.2,2.075,659.52
8340,0.0,0.0,659.52
8341,0.0,0.0,659.52
8342,0.0,0.0,659.52
8343,0.0,0.0,659.52
8344,0.0,0.0,659.52
8345,0.0,0.0,659.52
8346,0.0,0.0,659.52
8347,0.0,0.0,659.52
8348,0.0,0.0,659.52
8349,0.0,0.0,659.52
8350,0.0,0.0,659.52
8351,0.0,0.0,659.52
8352,0.0,0.0,659.52
8353,0.0,0.0,659.52
8354,0.0,0.0,659.52
8355,0.0,0.0,659.52
8356,0.0,0.0,659.52
8357,0.0,0.0,659.52
8358,0.0,0.0,659.52
8359,0.0,0.0,659.52
8360,0.0,0.0,659.52
8361,0.0,0.0,659.52
8362,0.0,0.0,659.52
8363,0.0,0.0,659.52
8364,0.0,0.0,659.52
8365,0.0,0.0,659.52
8366,0.0,0.0,659.52
8367,0.0,0.0,659.52
8368,0.0,0.0,659.52
8369,0.0,0.0,659.52
8370,0.0,0.0,659.52
8371,0.0,0.0,659.52
8372,0.0,0.0,659.52
8373,0.0,0.0,659.52
8374,0.0,0.0,659.52
8375,14.3,0.894,659.52
8376,0.0,0.0,659.52
8377,0.0,0.0,659.52
8378,0.0,0.0,659.52
8379,0.0,0.0,659.52
8380,0.0,0.0,659.52
8381,0.0,0.0,659.52
8382,0.0,0.0,659.52
8383,0.0,0.0,659.52
8384,0.0,0.0,659.52
8385,0.0,0.0,659.52
8386,0.0,0.0,659.52
8387,0.0,0.0,659.52
8388,0.0,0.0,659.52
8389,0.0,0.0,659.52
8390,0.0,0.0,659.52
8391,0.0,0.0,659.52
8392,0.0,0.0,659.52
8393,0.0,0.0,659.52
8394,0.0,0.0,659.52
8395,0.0,0.0,659.52
8396,0.0,0.0,659.52
8397,0.0,0.0,659.582
8398,0.0,0.0,659.586
8399,0.0,0.0,659.586
8400,0.0,0.0,659.586
8401,0.0,0.0,659.586
8402,0.0,0.0,659.586
8403,0.0,0.0,659.586
8404,0.0,0.0,659.586
8405,0.0,0.0,659.586
8406,0.0,0.0,659.586
8407,0.0,0.0,659.586
8408,0.0,0.0,659.586
8409,0.0,0.0,659.586
8410,0.0,0.0,659.586
8411,14.3,0.894,659.586
8412,14.2,0.887,659.828
8413,0.0,0.0,659.828
8414,0.0,0.0,659.828
8415,0.0,0.0,659.828
8416,0.0,0.0,659.828
8417,0.0,0.0,659.828
8418,0.0,0.0,659.828
8419,0.0,0.0,659.828
8420,0.0,0.0,659.828
8421,0.0,0.0,659.828
8422,0.0,0.0,659.828
8423,0.0,0.0,659.828
8424,0.0,0.0,659.828
8425,0.0,0.0,659.828
8426,0.0,0.0,659.828
8427,0.0,0.0,659.828
8428,0.0,0.0,659.828
8429,0.0,0.0,659.828
8430,0.0,0.0,659.828
8431,0.0,0.0,659.828
8432,0.0,0.0,659.828
8433,0.0,0.0,659.828
8434,0.0,0.0,659.828
8435,0.0,0.0,659.828
8436,0.0,0.0,659.828
8437,0.0,0.0,659.828
8438,0.0,0.0,659.828
8439,0.0,0.0,659.828
8440,0.0,0.0,659.828
8441,0.0,0.0,659.828
8442,0.0,0.0,659.828
8443,0.0,0.0,659.828
8444,0.0,0.0,659.828
8445,0.0,0.0,659.828
8446,0.0,0.0,659.828
8447,0.0,0.0,659.828
8448,0.0,0.0,659.828
8449,0.0,0.0,659.828
8450,0.0,0.0,659.828
8451,0.0,0.0,659.828
8452,0.0,0.0,659.828
8453,0.0,0.0,659.828
8454,0.0,0.0,659.828
8455,0.0,0.0,659.828
8456,0.0,0.0,659.828
8457,0.0,0.0,659.828
8458,0.0,0.0,659.828
8459,0.0,0.0,659.828
8460,0.0,0.0,659.828
8461,0.0,0.0,659.828
8462,0.0,0.0,659.828
8463,0.0,0.0,659.828
8464,0.0,0.0,659.828
8465,0.0,0.0,659.828
8466,0.0,0.0,659.828
8467,0.0,0.0,659.828
8468,0.0,0.0,659.828
8469,0.0,0.0,659.828
8470,0.0,0.0,659.828
8471,0.0,0.0,659.828
8472,0.0,0.0,659.828
8473,0.0,0.0,659.828
8474,0.0,0.0,659.828
8475,0.0,0.0,659.828
8476,0.0,0.0,659.828
8477,0.0,0.0,659.828
8478,0.0,0.0,659.832
8479,0.0,0.0,659.832
8480,0.0,0.0,659.832
8481,0.0,0.0,659.832
8482,0.0,0.0,659.832
8483,0.0,0.0,659.832
8484,50.0,3.125,658.84
8485,75.0,4.688,658.84
8486,100.0,6.25,660.844
8487,100.0,6.25,660.844
8488,100.0,6.25,660.844
8489,100.0,6.25,660.844
8490,100.0,6.25,660.844
8491,100.0,6.25,660.844
8492,100.0,6.25,662.844
8493,100.0,6.25,662.844
8494,77.6,4.85,662.844
8495,114.7,7.169,662.844
8496,100.0,6.25,662.844
8497,100.0,6.25,662.844
8498,87.5,5.469,662.844
8499,100.0,6.25,662.844
8500,100.0,6.25,666.844
8501,100.0,6.25,666.844
8502,87.5,5.469,666.844
8503,100.0,6.25,666.844
8504,100.0,6.25,666.844
8505,99.4,6.213,666.844
8506,89.3,5.581,666.844
8507,100.0,6.25,666.844
8508,113.6,7.1,666.844
8509,100.0,6.25,666.844
8510,89.3,5.581,666.844
8511,100.0,6.25,666.844
8512,113.6,7.1,666.844
8513,100.0,6.25,666.844
8514,100.0,6.25,666.844
8515,89.3,5.581,674.844
8516,100.0,6.25,674.844
8517,100.0,6.25,674.844
8518,100.0,6.25,674.844
8519,100.0,6.25,674.844
8520,100.0,6.25,674.844
8521,100.0,6.25,674.844
8522,88.7,5.544,674.844
8523,100.0,6.25,674.844
8524,87.5,5.469,674.844
8525,86.0,5.375,674.844
8526,88.7,5.544,674.844
8527,100.0,6.25,674.852
8528,100.0,6.25,674.941
8529,87.5,5.469,674.941
8530,100.0,6.25,674.941
8531,100.0,6.25,674.941
8532,100.0,6.25,674.941
8533,100.0,6.25,674.941
8534,100.0,6.25,674.941
8535,100.0,6.25,674.941
8536,100.0,6.25,674.941
8537,88.7,5.544,674.941
8538,100.0,6.25,674.941
8539,100.3,6.269,674.941
8540,100.0,6.25,674.941
8541,87.5,5.469,674.941
8542,100.0,6.25,674.941
8543,100.0,6.25,674.941
8544,100.0,6.25,674.941
8545,100.0,6.25,674.941
8546,100.0,6.25,690.941
8547,100.0,6.25,690.941
8548,100.0,6.25,690.941
8549,100.0,6.25,690.941
8550,87.5,5.469,690.941
8551,100.0,6.25,690.941
8552,100.0,6.25,690.941
8553,100.0,6.25,690.941
8554,100.0,6.25,690.941
8555,100.0,6.25,690.941
8556,100.0,6.25,690.941
8557,100.0,6.25,690.941
8558,100.0,6.25,690.941
8559,87.5,5.469,690.941
8560,100.0,6.25,690.941
8561,112.5,7.031,690.941
8562,100.0,6.25,690.941
8563,87.5,5.469,690.941
8564,100.0,6.25,690.941
8565,112.5,7.031,690.941
8566,100.0,6.25,690.941
8567,87.5,5.469,690.941
8568,100.0,6.25,690.941
8569,100.0,6.25,690.941
8570,100.0,6.25,690.941
8571,100.0,6.25,690.941
8572,100.0,6.25,690.941
8573,114.7,7.169,690.941
8574,100.0,6.25,691.023
8575,88.7,5.544,691.742
8576,100.3,6.269,692.379
8577,100.0,6.25,693.035
8578,100.0,6.25,693.688
8579,100.0,6.25,694.301
8580,100.0,6.25,694.891
8581,100.0,6.25,695.555
8582,97.9,6.119,671.559
8583,86.0,5.375,660.934
8584,14.3,0.894,660.941
8585,12.5,0.781,658.242
8586,14.2,0.887,658.383
8587,0.0,0.0,658.383
8588,0.0,0.0,658.383
8589,0.0,0.0,658.383
8590,0.0,0.0,658.383
8591,0.0,0.0,658.383
8592,0.0,0.0,658.383
8593,0.0,0.0,658.383
8594,0.0,0.0,658.383
8595,0.0,0.0,658.383
8596,0.0,0.0,658.383
8597,0.0,0.0,658.383
8598,0.0,0.0,658.383
8599,0.0,0.0,658.383
8600,0.0,0.0,658.383
8601,0.0,0.0,658.383
8602,0.0,0.0,658.383
8603,0.0,0.0,658.383
8604,0.0,0.0,658.383
8605,0.0,0.0,658.383
8606,0.0,0.0,658.383
8607,0.0,0.0,658.383
8608,0.0,0.0,658.383
8609,0.0,0.0,658.383
8610,0.0,0.0,658.383
8611,0.0,0.0,658.383
8612,0.0,0.0,658.383
8613,0.0,0.0,658.383
8614,0.0,0.0,658.383
8615,0.0,0.0,658.383
8616,0.0,0.0,658.383
8617,0.0,0.0,658.383
8618,0.0,0.0,658.383
8619,0.0,0.0,658.383
8620,0.0,0.0,658.383
8621,0.0,0.0,658.383
8622,0.0,0.0,658.383
8623,0.0,0.0,658.383
8624,0.0,0.0,658.383
8625,0.0,0.0,658.383
8626,0.0,0.0,658.383
8627,0.0,0.0,658.383
8628,0.0,0.0,658.383
8629,75.0,4.688,657.914
8630,100.0,6.25,657.914
8631,87.5,5.469,659.918
8632,100.0,6.25,659.918
8633,100.0,6.25,659.918
8634,100.0,6.25,659.918
8635,87.5,5.469,659.918
8636,112.5,7.031,659.918
8637,100.0,6.25,661.918
8638,100.0,6.25,661.918
8639,100.0,6.25,661.918
8640,87.5,5.469,661.918
8641,100.0,6.25,661.918
8642,100.0,6.25,661.918
8643,100.0,6.25,661.918
8644,75.0,4.688,661.918
8645,87.5,5.469,665.918
8646,113.6,7.1,665.918
8647,100.0,6.25,665.918
8648,100.0,6.25,665.918
8649,100.0,6.25,665.918
8650,100.0,6.25,665.918
8651,86.0,5.375,665.918
8652,114.7,7.169,665.918
8653,87.5,5.469,665.918
8654,100.0,6.25,665.918
8655,100.0,6.25,665.918
8656,100.0,6.25,665.918
8657,99.4,6.213,665.918
8658,87.5,5.469,665.918
8659,87.5,5.469,665.918
8660,83.1,5.194,665.918
8661,100.0,6.25,665.918
8662,100.0,6.25,665.918
8663,100.3,6.269,673.918
8664,86.0,5.375,673.918
8665,99.4,6.213,673.918
8666,100.0,6.25,673.918
8667,87.5,5.469,673.918
8668,100.3,6.269,673.918
8669,87.5,5.469,673.918
8670,114.7,7.169,673.918
8671,100.0,6.25,673.918
8672,85.2,5.325,673.918
8673,75.0,4.688,673.918
8674,100.3,6.269,673.918
8675,113.6,7.1,673.918
8676,100.3,6.269,673.918
8677,87.5,5.469,673.918
8678,100.3,6.269,673.918
8679,75.0,4.688,673.918
8680,99.4,6.213,673.918
8681,87.5,5.469,673.918
8682,100.3,6.269,673.918
8683,100.0,6.25,673.918
8684,88.7,5.544,673.918
8685,100.0,6.25,673.918
8686,100.0,6.25,673.918
8687,100.0,6.25,673.918
8688,87.5,5.469,673.918
8689,100.0,6.25,673.918
8690,100.0,6.25,673.918
8691,87.5,5.469,673.918
8692,100.0,6.25,673.918
8693,87.5,5.469,673.918
8694,100.0,6.25,673.918
8695,87.5,5.469,673.918
8696,87.5,5.469,673.918
8697,100.0,6.25,673.918
8698,100.0,6.25,673.918
8699,100.0,6.25,673.918
8700,100.0,6.25,689.918
8701,87.5,5.469,689.918
8702,100.0,6.25,689.918
8703,100.0,6.25,689.918
8704,100.0,6.25,689.918
8705,75.0,4.688,689.918
8706,100.0,6.25,689.918
8707,100.0,6.25,689.918
8708,100.0,6.25,689.918
8709,100.0,6.25,689.918
8710,87.5,5.469,689.918
8711,100.0,6.25,689.918
8712,100.0,6.25,689.918
8713,100.0,6.25,689.918
8714,87.5,5.469,689.918
8715,100.0,6.25,689.918
8716,100.0,6.25,689.918
8717,100.0,6.25,689.918
8718,87.5,5.469,689.918
8719,100.0,6.25,689.918
8720,100.0,6.25,689.918
8721,87.5,5.469,689.918
8722,100.3,6.269,689.918
8723,100.0,6.25,689.918
8724,100.0,6.25,689.918
8725,100.0,6.25,689.918
8726,100.0,6.25,689.918
8727,87.5,5.469,689.918
8728,100.0,6.25,689.918
8729,75.0,4.688,689.918
8730,88.7,5.544,689.938
8731,114.7,7.169,690.57
8732,75.0,4.688,691.145
8733,100.0,6.25,691.855
8734,100.0,6.25,692.305
8735,100.0,6.25,692.852
8736,100.0,6.25,693.492
8737,98.0,6.125,670.156
8738,87.5,5.469,660.531
8739,0.0,0.0,660.531
8740,14.3,0.894,660.672
8741,12.5,0.781,661.027
8742,0.0,0.0,661.027
8743,0.0,0.0,661.027
8744,0.0,0.0,661.027
8745,87.5,5.469,659.133
8746,100.0,6.25,659.133
8747,100.0,6.25,661.137
8748,100.0,6.25,661.137
8749,100.0,6.25,661.137
8750,100.0,6.25,661.137
8751,99.7,6.231,661.137
8752,100.0,6.25,663.137
8753,100.0,6.25,663.137
8754,100.0,6.25,663.137
8755,87.5,5.469,663.137
8756,100.0,6.25,663.137
8757,100.0,6.25,663.137
8758,87.5,5.469,663.137
8759,100.0,6.25,663.137
8760,100.0,6.25,667.137
8761,100.0,6.25,667.137
8762,100.0,6.25,667.137
8763,89.3,5.581,667.137
8764,88.7,5.544,667.137
8765,100.0,6.25,667.137
8766,62.5,3.906,667.137
8767,100.0,6.25,667.137
8768,114.7,7.169,667.137
8769,87.5,5.469,667.137
8770,113.6,7.1,667.137
8771,87.5,5.469,667.137
8772,87.5,5.469,667.137
8773,100.0,6.25,667.137
8774,62.5,3.906,667.137
8775,100.3,6.269,667.137
8776,112.5,7.031,667.137
8777,100.0,6.25,667.137
8778,100.0,6.25,675.137
8779,100.0,6.25,675.137
8780,75.0,4.688,675.137
8781,99.4,6.213,675.137
8782,100.0,6.25,675.137
8783,100.0,6.25,675.137
8784,87.5,5.469,675.137
8785,112.5,7.031,675.137
8786,87.5,5.469,675.137
8787,114.7,7.169,675.137
8788,75.0,4.688,675.137
8789,114.7,7.169,675.137
8790,99.4,6.213,675.137
8791,100.0,6.25,675.137
8792,87.5,5.469,675.137
8793,86.0,5.375,675.137
8794,87.5,5.469,675.137
8795,114.7,7.169,675.137
8796,99.4,6.213,675.137
8797,75.0,4.688,675.137
8798,114.7,7.169,675.137
8799,100.0,6.25,675.137
8800,87.5,5.469,675.137
8801,112.5,7.031,675.137
8802,99.4,6.213,675.137
8803,87.5,5.469,675.137
8804,100.0,6.25,675.137
8805,87.5,5.469,675.137
8806,87.5,5.469,675.137
8807,112.5,7.031,675.137
8808,100.0,6.25,675.137
8809,75.0,4.688,675.137
8810,100.3,6.269,675.137
8811,75.0,4.688,675.137
8812,100.0,6.25,675.137
8813,114.7,7.169,675.137
8814,100.0,6.25,675.137
8815,87.5,5.469,675.137
8816,100.0,6.25,691.137
8817,87.5,5.469,691.137
8818,113.6,7.1,691.137
8819,87.5,5.469,691.137
8820,100.0,6.25,691.137
8821,100.0,6.25,691.137
8822,100.0,6.25,691.137
8823,87.5,5.469,691.137
8824,100.0,6.25,691.137
8825,100.0,6.25,691.137
8826,100.0,6.25,691.137
8827,89.3,5.581,691.137
8828,100.0,6.25,691.137
8829,100.0,6.25,691.137
8830,100.0,6.25,691.137
8831,100.0,6.25,691.137
8832,100.0,6.25,691.137
8833,100.0,6.25,691.137
8834,88.7,5.544,691.137
8835,112.5,7.031,691.137
8836,100.0,6.25,691.137
8837,100.0,6.25,691.137
8838,100.0,6.25,691.137
8839,100.0,6.25,691.137
8840,88.7,5.544,691.137
8841,100.0,6.25,691.137
8842,100.0,6.25,691.137
8843,100.0,6.25,691.137
8844,100.0,6.25,691.137
8845,100.0,6.25,691.137
8846,100.0,6.25,691.137
8847,89.3,5.581,691.828
8848,100.0,6.25,692.547
8849,112.5,7.031,693.32
8850,100.0,6.25,693.832
8851,100.0,6.25,694.504
8852,96.5,6.031,670.75
8853,114.7,7.169,670.75
8854,99.4,6.213,661.125
8855,0.0,0.0,661.125
8856,12.5,0.781,661.59
8857,0.0,0.0,661.59
8858,0.0,0.0,661.59
8859,0.0,0.0,661.59
8860,0.0,0.0,661.59
8861,0.0,0.0,661.59
8862,0.0,0.0,661.59
8863,0.0,0.0,661.59
8864,0.0,0.0,661.59
8865,0.0,0.0,661.59
8866,0.0,0.0,661.59
8867,0.0,0.0,661.59
8868,0.0,0.0,661.59
8869,0.0,0.0,661.59
8870,0.0,0.0,661.59
8871,0.0,0.0,661.59
8872,0.0,0.0,661.59
8873,0.0,0.0,661.59
8874,0.0,0.0,661.59
8875,0.0,0.0,661.59
8876,0.0,0.0,661.59
8877,0.0,0.0,661.59
8878,0.0,0.0,661.59
8879,0.0,0.0,661.59
8880,0.0,0.0,661.59
8881,0.0,0.0,661.59
8882,0.0,0.0,661.59
8883,0.0,0.0,661.59
8884,0.0,0.0,661.59
8885,0.0,0.0,661.59
8886,0.0,0.0,661.59
8887,0.0,0.0,661.59
8888,0.0,0.0,661.59
8889,0.0,0.0,661.59
8890,0.0,0.0,661.59
8891,0.0,0.0,661.59
8892,0.0,0.0,661.59
8893,0.0,0.0,661.59
8894,0.0,0.0,661.59
8895,0.0,0.0,661.59
8896,0.0,0.0,661.59
8897,0.0,0.0,661.59
8898,0.0,0.0,661.59
8899,0.0,0.0,661.59
8900,0.0,0.0,661.59
8901,0.0,0.0,661.59
8902,0.0,0.0,661.59
8903,0.0,0.0,661.59
8904,0.0,0.0,661.59
8905,0.0,0.0,661.59
8906,0.0,0.0,661.59
8907,0.0,0.0,661.59
8908,0.0,0.0,661.59
8909,0.0,0.0,661.59
8910,0.0,0.0,661.59
8911,0.0,0.0,661.59
8912,0.0,0.0,661.59
8913,0.0,0.0,661.59
8914,0.0,0.0,661.59
8915,0.0,0.0,661.59
8916,0.0,0.0,661.59
8917,0.0,0.0,661.59
8918,0.0,0.0,661.59
8919,0.0,0.0,661.59
8920,0.0,0.0,661.59
8921,0.0,0.0,661.59
8922,0.0,0.0,661.59
8923,28.7,1.794,661.855
8924,0.0,0.0,661.855
8925,0.0,0.0,661.855
8926,0.0,0.0,661.855
8927,0.0,0.0,661.855
8928,0.0,0.0,661.855
8929,0.0,0.0,661.855
8930,0.0,0.0,661.855
8931,0.0,0.0,661.855
8932,0.0,0.0,661.855
8933,0.0,0.0,661.855
8934,0.0,0.0,661.855
8935,0.0,0.0,661.855
8936,14.3,0.894,661.855
8937,0.0,0.0,661.855
8938,0.0,0.0,661.855
8939,0.0,0.0,661.855
8940,0.0,0.0,661.855
8941,0.0,0.0,661.855
8942,0.0,0.0,661.855
8943,0.0,0.0,661.855
8944,0.0,0.0,661.855
8945,0.0,0.0,661.855
8946,0.0,0.0,661.855
8947,0.0,0.0,661.855
8948,0.0,0.0,661.855
8949,0.0,0.0,661.855
8950,0.0,0.0,661.855
8951,0.0,0.0,661.855
8952,0.0,0.0,661.855
8953,0.0,0.0,661.855
8954,0.0,0.0,661.855
8955,0.0,0.0,661.855
8956,0.0,0.0,661.855
8957,0.0,0.0,661.855
8958,0.0,0.0,661.855
8959,0.0,0.0,661.855
8960,0.0,0.0,661.855
8961,0.0,0.0,661.855
8962,0.0,0.0,661.855
8963,0.0,0.0,661.855
8964,0.0,0.0,661.855
8965,0.0,0.0,661.855
8966,0.0,0.0,661.855
8967,0.0,0.0,661.855
8968,0.0,0.0,661.855
8969,0.0,0.0,661.855
8970,0.0,0.0,661.855
8971,0.0,0.0,661.855
8972,0.0,0.0,661.855
8973,0.0,0.0,661.855
8974,0.0,0.0,661.855
8975,0.0,0.0,661.855
8976,0.0,0.0,661.855
8977,0.0,0.0,661.855
8978,0.0,0.0,661.855
8979,0.0,0.0,661.855
8980,0.0,0.0,661.855
8981,0.0,0.0,661.855
8982,0.0,0.0,661.855
8983,0.0,0.0,661.855
8984,0.0,0.0,661.855
8985,0.0,0.0,661.855
8986,0.0,0.0,661.855
8987,11.2,0.7,659.922
8988,100.0,6.25,659.922
8989,100.0,6.25,661.926
8990,75.0,4.688,661.926
8991,100.0,6.25,661.926
8992,100.0,6.25,661.926
8993,100.0,6.25,661.926
8994,77.6,4.85,661.926
8995,100.0,6.25,663.926
8996,100.0,6.25,663.926
8997,87.5,5.469,663.926
8998,100.0,6.25,663.926
8999,100.0,6.25,663.926
9000,100.0,6.25,663.926
9001,87.5,5.469,663.926
9002,100.0,6.25,663.926
9003,100.0,6.25,667.926
9004,88.7,5.544,667.926
9005,100.0,6.25,667.926
9006,112.5,7.031,667.926
9007,100.0,6.25,667.926
9008,100.0,6.25,667.926
9009,100.0,6.25,667.926
9010,100.0,6.25,667.926
9011,100.0,6.25,667.926
9012,100.0,6.25,667.926
9013,89.3,5.581,667.926
9014,100.0,6.25,667.926
9015,100.0,6.25,667.926
9016,112.5,7.031,667.926
9017,100.0,6.25,667.926
9018,100.0,6.25,675.926
9019,100.0,6.25,675.926
9020,100.0,6.25,675.926
9021,88.7,5.544,675.926
9022,87.5,5.469,675.926
9023,112.5,7.031,675.926
9024,100.0,6.25,675.926
9025,100.0,6.25,675.926
9026,100.0,6.25,675.926
9027,100.0,6.25,675.926
9028,100.0,6.25,675.926
9029,88.7,5.544,675.926
9030,87.5,5.469,675.926
9031,87.5,5.469,675.926
9032,100.0,6.25,675.926
9033,100.0,6.25,675.926
9034,87.5,5.469,675.926
9035,75.0,4.688,675.926
9036,100.0,6.25,675.926
9037,87.5,5.469,675.926
9038,50.0,3.125,675.926
9039,78.1,4.881,675.926
9040,75.0,4.688,675.926
9041,100.0,6.25,675.926
9042,100.0,6.25,675.926
9043,100.0,6.25,675.926
9044,100.0,6.25,675.926
9045,100.0,6.25,675.926
9046,100.0,6.25,675.926
9047,88.7,5.544,675.926
9048,100.0,6.25,675.926
9049,100.0,6.25,691.926
9050,100.0,6.25,691.926
9051,62.5,3.906,691.926
9052,87.5,5.469,691.926
9053,78.1,4.881,691.926
9054,87.5,5.469,691.926
9055,87.5,5.469,691.926
9056,75.0,4.688,691.926
9057,49.8,3.112,691.926
9058,87.5,5.469,691.926
9059,87.5,5.469,691.926
9060,87.5,5.469,691.926
9061,67.0,4.188,691.926
9062,100.0,6.25,691.926
9063,77.6,4.85,691.926
9064,77.6,4.85,691.926
9065,100.0,6.25,691.926
9066,87.5,5.469,691.926
9067,87.5,5.469,691.926
9068,62.5,3.906,691.926
9069,67.0,4.188,691.926
9070,87.5,5.469,691.926
9071,75.0,4.688,691.926
9072,90.1,5.631,691.926
9073,100.0,6.25,691.926
9074,77.6,4.85,691.926
9075,77.6,4.85,691.926
9076,100.0,6.25,691.926
9077,78.1,4.881,691.926
9078,87.9,5.494,691.926
9079,82.2,5.138,691.926
9080,87.5,5.469,691.926
9081,75.0,4.688,691.926
9082,90.1,5.631,691.926
9083,87.5,5.469,692.527
9084,75.0,4.688,693.023
9085,80.1,5.006,693.773
9086,87.5,5.469,694.285
9087,63.6,3.975,694.613
9088,62.5,3.906,695.062
9089,99.7,6.231,695.656
9090,94.6,5.912,670.629
9091,75.0,4.688,659.559
9092,0.0,0.0,659.559
9093,0.0,0.0,659.711
9094,0.0,0.0,659.711
9095,0.0,0.0,659.711
9096,0.0,0.0,659.711
9097,0.0,0.0,659.711
9098,14.3,0.894,659.73
9099,0.0,0.0,659.73
9100,14.2,0.887,659.785
9101,0.0,0.0,659.785
9102,0.0,0.0,659.785
9103,0.0,0.0,659.785
9104,0.0,0.0,659.785
9105,14.3,0.894,659.793
9106,0.0,0.0,659.793
9107,0.0,0.0,659.793
9108,0.0,0.0,659.793
9109,0.0,0.0,659.793
9110,40.1,2.506,658.867
9111,100.0,6.25,659.371
9112,89.3,5.581,661.375
9113,100.0,6.25,661.375
9114,87.5,5.469,661.375
9115,75.0,4.688,661.375
9116,100.0,6.25,661.375
9117,75.0,4.688,661.375
9118,100.0,6.25,663.375
9119,100.0,6.25,663.375
9120,100.0,6.25,663.375
9121,100.0,6.25,663.375
9122,88.7,5.544,663.375
9123,100.0,6.25,663.375
9124,100.0,6.25,663.375
9125,75.0,4.688,663.375
9126,50.0,3.125,667.375
9127,75.0,4.688,667.375
9128,87.5,5.469,667.375
9129,100.0,6.25,667.375
9130,100.0,6.25,667.375
9131,88.7,5.544,667.375
9132,100.0,6.25,667.375
9133,100.0,6.25,667.375
9134,100.0,6.25,667.375
9135,100.0,6.25,667.375
9136,100.0,6.25,667.375
9137,100.0,6.25,667.375
9138,100.0,6.25,667.375
9139,100.0,6.25,667.375
9140,89.3,5.581,667.375
9141,112.5,7.031,667.375
9142,100.0,6.25,667.375
9143,100.0,6.25,675.375
9144,100.0,6.25,675.375
9145,100.0,6.25,675.375
9146,87.5,5.469,675.375
9147,88.7,5.544,675.375
9148,100.0,6.25,675.375
9149,100.0,6.25,675.375
9150,112.5,7.031,675.375
9151,100.0,6.25,675.375
9152,100.0,6.25,675.375
9153,100.0,6.25,675.379
9154,87.5,5.469,675.391
9155,100.0,6.25,675.391
9156,100.0,6.25,675.391
9157,88.7,5.544,675.391
9158,100.0,6.25,675.391
9159,87.5,5.469,675.391
9160,87.5,5.469,675.391
9161,100.0,6.25,675.391
9162,87.5,5.469,675.391
9163,100.0,6.25,675.391
9164,87.5,5.469,675.391
9165,89.3,5.581,675.391
9166,100.0,6.25,675.391
9167,100.0,6.25,675.391
9168,100.0,6.25,675.391
9169,100.0,6.25,675.391
9170,100.0,6.25,675.391
9171,87.5,5.469,675.391
9172,87.5,5.469,675.391
9173,88.7,5.544,675.391
9174,100.0,6.25,691.391
9175,100.0,6.25,691.391
9176,112.5,7.031,691.391
9177,100.0,6.25,691.391
9178,100.0,6.25,691.391
9179,100.0,6.25,691.391
9180,87.5,5.469,691.391
9181,89.3,5.581,691.391
9182,100.0,6.25,691.391
9183,100.0,6.25,691.391
9184,112.5,7.031,691.391
9185,100.0,6.25,691.391
9186,100.0,6.25,691.391
9187,100.0,6.25,691.391
9188,100.0,6.25,691.391
9189,100.0,6.25,691.391
9190,77.6,4.85,691.391
9191,114.7,7.169,691.391
9192,87.5,5.469,691.391
9193,100.0,6.25,691.391
9194,100.0,6.25,691.391
9195,88.7,5.544,691.391
9196,100.0,6.25,691.391
9197,87.5,5.469,691.391
9198,100.0,6.25,691.391
9199,100.0,6.25,691.391
9200,100.0,6.25,691.391
9201,100.0,6.25,691.391
9202,100.0,6.25,691.391
9203,88.7,5.544,691.391
9204,100.0,6.25,691.391
9205,87.5,5.469,691.391
9206,112.5,7.031,691.914
9207,100.0,6.25,692.516
9208,100.0,6.25,692.898
9209,100.0,6.25,693.609
9210,100.0,6.25,694.18
9211,96.2,6.013,669.637
9212,99.4,6.213,661.012
9213,0.0,0.0,661.012
9214,0.0,0.0,661.012
9215,0.0,0.0,661.012
9216,0.0,0.0,661.012
9217,0.0,0.0,661.012
9218,0.0,0.0,661.012
9219,0.0,0.0,661.012
9220,0.0,0.0,661.012
9221,14.2,0.887,661.012
9222,0.0,0.0,661.012
9223,0.0,0.0,661.012
9224,0.0,0.0,661.012
9225,0.0,0.0,661.012
9226,0.0,0.0,661.012
9227,0.0,0.0,661.012
9228,0.0,0.0,661.012
9229,0.0,0.0,661.012
9230,0.0,0.0,661.012
9231,0.0,0.0,661.012
9232,0.0,0.0,661.012
9233,0.0,0.0,661.012
9234,0.0,0.0,661.012
9235,0.0,0.0,661.012
9236,0.0,0.0,661.012
9237,0.0,0.0,661.012
9238,0.0,0.0,661.012
9239,0.0,0.0,661.012
9240,0.0,0.0,661.012
9241,0.0,0.0,661.012
9242,0.0,0.0,661.012
9243,0.0,0.0,661.012
9244,0.0,0.0,661.012
9245,14.3,0.894,661.012
9246,0.0,0.0,661.012
9247,14.2,0.887,661.012
9248,0.0,0.0,661.012
9249,0.0,0.0,661.012
9250,14.2,0.887,661.02
9251,14.3,0.894,661.02
9252,0.0,0.0,661.02
9253,0.0,0.0,661.02
9254,0.0,0.0,661.02
9255,0.0,0.0,661.02
9256,0.0,0.0,661.02
9257,0.0,0.0,661.02
9258,0.0,0.0,661.02
9259,0.0,0.0,661.02
9260,0.0,0.0,661.02
9261,0.0,0.0,661.02
9262,0.0,0.0,661.02
9263,0.0,0.0,661.02
9264,0.0,0.0,661.02
9265,0.0,0.0,661.02
9266,0.0,0.0,661.02
9267,0.0,0.0,661.02
9268,0.0,0.0,661.02
9269,0.0,0.0,661.02
9270,0.0,0.0,661.02
9271,0.0,0.0,661.02
9272,0.0,0.0,661.02
9273,0.0,0.0,661.02
9274,0.0,0.0,661.02
9275,0.0,0.0,661.02
9276,0.0,0.0,661.02
9277,0.0,0.0,661.02
9278,0.0,0.0,661.02
9279,0.0,0.0,661.02
9280,0.0,0.0,661.02
9281,0.0,0.0,661.02
9282,0.0,0.0,661.02
9283,14.3,0.894,661.02
9284,0.0,0.0,661.02
9285,0.0,0.0,661.02
9286,0.0,0.0,661.02
9287,0.0,0.0,661.02
9288,0.0,0.0,661.02
9289,0.0,0.0,661.02
9290,0.0,0.0,661.02
9291,0.0,0.0,661.02
9292,0.0,0.0,661.02
9293,0.0,0.0,661.02
9294,0.0,0.0,661.02
9295,0.0,0.0,661.02
9296,0.0,0.0,661.02
9297,0.0,0.0,661.02
9298,0.0,0.0,661.02
9299,0.0,0.0,661.02
9300,0.0,0.0,661.02
9301,0.0,0.0,661.02
9302,0.0,0.0,661.02
9303,0.0,0.0,661.02
9304,0.0,0.0,661.02
9305,0.0,0.0,661.02
9306,0.0,0.0,661.02
9307,0.0,0.0,661.02
9308,0.0,0.0,661.02
9309,0.0,0.0,661.02
9310,0.0,0.0,661.02
9311,0.0,0.0,661.039
9312,0.0,0.0,661.039
9313,0.0,0.0,661.039
9314,0.0,0.0,661.039
9315,0.0,0.0,661.039
9316,0.0,0.0,661.039
9317,0.0,0.0,661.039
9318,0.0,0.0,661.039
9319,14.2,0.887,661.039
9320,0.0,0.0,661.039
9321,0.0,0.0,661.039
9322,14.2,0.887,661.977
9323,0.0,0.0,661.977
9324,0.0,0.0,661.977
9325,0.0,0.0,661.977
9326,0.0,0.0,661.977
9327,14.3,0.894,661.977
9328,0.0,0.0,661.977
9329,0.0,0.0,661.977
9330,0.0,0.0,661.977
9331,0.0,0.0,661.977
9332,0.0,0.0,661.977
9333,0.0,0.0,661.977
9334,0.0,0.0,661.977
9335,0.0,0.0,661.977
9336,0.0,0.0,661.977
9337,0.0,0.0,661.977
9338,0.0,0.0,661.977
9339,0.0,0.0,661.977
9340,0.0,0.0,661.977
9341,0.0,0.0,661.977
9342,0.0,0.0,661.977
9343,0.0,0.0,661.977
9344,0.0,0.0,661.977
9345,0.0,0.0,661.977
9346,0.0,0.0,661.977
9347,0.0,0.0,661.977
9348,0.0,0.0,661.977
9349,0.0,0.0,661.977
9350,0.0,0.0,661.977
9351,0.0,0.0,661.977
9352,0.0,0.0,661.977
9353,0.0,0.0,661.977
9354,0.0,0.0,661.977
9355,0.0,0.0,661.977
9356,0.0,0.0,661.977
9357,0.0,0.0,661.977
9358,0.0,0.0,661.977
9359,0.0,0.0,661.977
9360,0.0,0.0,661.977
9361,0.0,0.0,661.977
9362,0.0,0.0,661.977
9363,0.0,0.0,661.977
9364,0.0,0.0,661.977
9365,0.0,0.0,661.977
9366,0.0,0.0,661.977
9367,0.0,0.0,661.977
9368,0.0,0.0,662.016
9369,0.0,0.0,662.016
9370,91.4,5.713,657.016
9371,112.5,7.031,653.309
9372,100.0,6.25,653.309
9373,100.0,6.25,655.312
9374,100.0,6.25,655.312
9375,87.5,5.469,655.312
9376,100.0,6.25,655.312
9377,88.7,5.544,655.312
9378,100.0,6.25,655.312
9379,100.0,6.25,657.312
9380,112.5,7.031,657.312
9381,78.1,4.881,657.312
9382,100.0,6.25,657.312
9383,100.0,6.25,657.312
9384,100.0,6.25,657.312
9385,100.0,6.25,657.312
9386,100.0,6.25,661.312
9387,88.7,5.544,661.312
9388,100.0,6.25,661.312
9389,100.0,6.25,661.312
9390,100.0,6.25,661.312
9391,112.5,7.031,661.312
9392,100.0,6.25,661.312
9393,100.0,6.25,661.312
9394,100.0,6.25,661.312
9395,100.0,6.25,661.312
9396,100.0,6.25,661.312
9397,89.3,5.581,661.312
9398,87.5,5.469,661.312
9399,100.0,6.25,661.312
9400,100.0,6.25,661.312
9401,100.0,6.25,661.312
9402,100.0,6.25,661.312
9403,100.0,6.25,669.312
9404,75.0,4.688,669.312
9405,100.0,6.25,669.312
9406,100.0,6.25,669.312
9407,87.5,5.469,669.312
9408,77.6,4.85,669.312
9409,100.0,6.25,669.312
9410,100.0,6.25,669.312
9411,112.5,7.031,669.312
9412,100.0,6.25,669.312
9413,100.0,6.25,669.312
9414,88.7,5.544,669.312
9415,100.0,6.25,669.312
9416,75.0,4.688,669.312
9417,100.0,6.25,669.312
9418,100.0,6.25,669.312
9419,89.3,5.581,669.312
9420,100.0,6.25,669.312
9421,100.0,6.25,669.312
9422,100.0,6.25,669.312
9423,100.0,6.25,669.312
9424,100.0,6.25,669.312
9425,87.5,5.469,669.312
9426,87.5,5.469,669.312
9427,77.6,4.85,669.312
9428,100.0,6.25,669.312
9429,100.0,6.25,669.312
9430,100.0,6.25,669.312
9431,100.0,6.25,669.312
9432,100.0,6.25,669.312
9433,100.0,6.25,669.312
9434,100.0,6.25,685.312
9435,100.0,6.25,685.312
9436,100.0,6.25,685.312
9437,100.0,6.25,685.312
9438,88.7,5.544,685.312
9439,100.0,6.25,685.312
9440,100.0,6.25,685.312
9441,112.5,7.031,685.312
9442,87.5,5.469,685.312
9443,100.0,6.25,685.312
9444,100.0,6.25,685.312
9445,100.0,6.25,685.312
9446,100.0,6.25,685.312
9447,89.3,5.581,685.312
9448,100.0,6.25,685.312
9449,112.5,7.031,685.312
9450,100.0,6.25,685.312
9451,87.5,5.469,685.312
9452,100.0,6.25,685.312
9453,100.0,6.25,685.387
9454,100.0,6.25,685.461
9455,88.7,5.544,685.461
9456,87.5,5.469,685.461
9457,112.5,7.031,685.461
9458,100.0,6.25,685.461
9459,100.0,6.25,685.461
9460,100.0,6.25,685.461
9461,100.0,6.25,685.461
9462,100.4,6.275,685.461
9463,87.5,5.469,685.461
9464,100.0,6.25,685.461
9465,100.0,6.25,685.461
9466,100.0,6.25,685.461
9467,100.0,6.25,685.461
9468,88.7,5.544,685.461
9469,100.0,6.25,685.461
9470,112.5,7.031,685.461
9471,100.0,6.25,661.004
9472,71.7,4.481,653.379
9473,14.3,0.894,653.527
9474,0.0,0.0,653.559
9475,0.0,0.0,653.559
9476,0.0,0.0,653.559
9477,14.3,0.894,653.57
9478,12.5,0.781,653.613
9479,0.0,0.0,653.621
9480,0.0,0.0,653.621
9481,0.0,0.0,653.621
9482,62.5,3.906,654.133
9483,100.0,6.25,654.133
9484,100.0,6.25,656.137
9485,100.0,6.25,656.137
9486,100.0,6.25,656.137
9487,88.7,5.544,656.137
9488,100.0,6.25,656.137
9489,100.0,6.25,656.137
9490,87.5,5.469,658.137
9491,100.0,6.25,658.137
9492,100.0,6.25,658.137
9493,100.0,6.25,658.137
9494,87.5,5.469,658.137
9495,100.0,6.25,658.137
9496,89.3,5.581,658.137
9497,112.5,7.031,662.137
9498,100.0,6.25,662.137
9499,100.0,6.25,662.137
9500,112.5,7.031,662.137
9501,88.7,5.544,662.137
9502,87.5,5.469,662.137
9503,100.0,6.25,662.137
9504,77.6,4.85,662.137
9505,100.0,6.25,662.137
9506,100.0,6.25,662.137
9507,75.0,4.688,662.137
9508,100.0,6.25,662.137
9509,75.0,4.688,662.137
9510,87.5,5.469,662.137
9511,100.0,6.25,662.137
9512,78.1,4.881,662.137
9513,100.0,6.25,670.137
9514,100.0,6.25,670.137
9515,75.0,4.688,670.137
9516,112.5,7.031,670.137
9517,100.0,6.25,670.137
9518,75.0,4.688,670.137
9519,100.0,6.25,670.137
9520,100.0,6.25,670.137
9521,100.0,6.25,670.137
9522,88.7,5.544,670.137
9523,100.0,6.25,670.137
9524,100.0,6.25,670.137
9525,100.0,6.25,670.137
9526,100.0,6.25,670.137
9527,87.5,5.469,670.137
9528,100.0,6.25,670.137
9529,100.0,6.25,670.137
9530,78.1,4.881,670.137
9531,112.5,7.031,670.137
9532,100.0,6.25,670.141
9533,100.0,6.25,670.141
9534,100.0,6.25,670.141
9535,100.0,6.25,670.141
9536,87.5,5.469,670.141
9537,100.0,6.25,670.141
9538,100.0,6.25,670.141
9539,88.7,5.544,670.141
9540,87.5,5.469,670.141
9541,100.0,6.25,670.141
9542,100.0,6.25,670.141
9543,100.0,6.25,670.141
9544,75.0,4.688,686.141
9545,87.5,5.469,686.141
9546,88.7,5.544,686.141
9547,100.0,6.25,686.141
9548,112.5,7.031,686.141
9549,100.0,6.25,686.141
9550,100.0,6.25,686.141
9551,100.0,6.25,686.141
9552,87.5,5.469,686.141
9553,78.1,4.881,686.141
9554,87.5,5.469,686.141
9555,100.0,6.25,686.141
9556,100.0,6.25,686.141
9557,100.0,6.25,686.141
9558,87.5,5.469,686.141
9559,100.0,6.25,686.141
9560,87.5,5.469,686.141
9561,87.5,5.469,686.141
9562,88.7,5.544,686.141
9563,100.0,6.25,686.141
9564,100.0,6.25,686.141
9565,100.0,6.25,686.141
9566,100.0,6.25,686.141
9567,100.0,6.25,686.141
9568,100.0,6.25,686.141
9569,100.0,6.25,686.141
9570,88.7,5.544,686.141
9571,100.0,6.25,686.141
9572,112.5,7.031,686.141
9573,100.0,6.25,686.141
9574,100.0,6.25,686.141
9575,75.0,4.688,686.141
9576,100.0,6.25,686.141
9577,87.5,5.469,686.141
9578,100.0,6.25,686.141
9579,89.3,5.581,686.141
9580,91.4,5.713,661.309
9581,87.5,5.469,653.684
9582,0.0,0.0,653.684
9583,14.3,0.894,653.688
9584,14.2,0.887,653.703
9585,0.0,0.0,653.703
9586,0.0,0.0,653.703
9587,14.2,0.887,653.707
9588,0.0,0.0,653.711
9589,100.0,6.25,654.215
9590,87.5,5.469,654.215
9591,87.5,5.469,656.219
9592,87.5,5.469,656.219
9593,88.7,5.544,656.219
9594,100.0,6.25,656.219
9595,100.0,6.25,656.219
9596,100.0,6.25,658.219
9597,75.0,4.688,658.219
9598,100.0,6.25,658.219
9599,100.0,6.25,658.219
9600,89.3,5.581,658.219
9601,87.5,5.469,658.219
9602,112.5,7.031,658.219
9603,100.0,6.25,658.219
9604,100.0,6.25,662.219
9605,87.5,5.469,662.219
9606,100.0,6.25,662.219
9607,100.0,6.25,662.219
9608,100.0,6.25,662.219
9609,88.7,5.544,662.219
9610,75.0,4.688,662.219
9611,100.0,6.25,662.219
9612,112.5,7.031,662.219
9613,100.0,6.25,662.219
9614,87.5,5.469,662.219
9615,100.0,6.25,662.219
9616,75.0,4.688,662.219
9617,88.7,5.544,662.219
9618,87.5,5.469,662.219
9619,87.5,5.469,670.219
9620,87.5,5.469,670.219
9621,100.0,6.25,670.219
9622,75.0,4.688,670.219
9623,87.5,5.469,670.219
9624,87.5,5.469,670.219
9625,100.0,6.25,670.219
9626,100.0,6.25,670.219
9627,89.3,5.581,670.219
9628,100.0,6.25,670.219
9629,100.0,6.25,670.219
9630,100.0,6.25,670.219
9631,87.5,5.469,670.219
9632,87.5,5.469,670.219
9633,100.0,6.25,670.219
9634,87.5,5.469,670.219
9635,77.6,4.85,670.219
9636,100.0,6.25,670.219
9637,100.0,6.25,670.219
9638,87.5,5.469,670.219
9639,75.0,4.688,670.219
9640,100.0,6.25,670.219
9641,100.0,6.25,670.219
9642,100.0,6.25,670.219
9643,77.6,4.85,670.219
9644,100.0,6.25,670.219
9645,100.0,6.25,670.219
9646,100.0,6.25,670.219
9647,100.0,6.25,670.219
9648,100.0,6.25,670.219
9649,100.0,6.25,670.219
9650,87.5,5.469,670.219
9651,89.3,5.581,686.219
9652,100.0,6.25,686.219
9653,100.0,6.25,686.219
9654,112.5,7.031,686.219
9655,100.0,6.25,686.219
9656,100.0,6.25,686.219
9657,100.0,6.25,686.219
9658,100.0,6.25,686.219
9659,87.5,5.469,686.219
9660,100.0,6.25,686.219
9661,88.7,5.544,686.219
9662,100.0,6.25,686.219
9663,100.0,6.25,686.219
9664,100.0,6.25,686.219
9665,100.0,6.25,686.219
9666,100.0,6.25,686.219
9667,100.0,6.25,686.219
9668,100.0,6.25,686.219
9669,78.1,4.881,686.219
9670,100.0,6.25,686.219
9671,112.5,7.031,686.219
9672,100.0,6.25,686.219
9673,100.0,6.25,686.219
9674,100.0,6.25,686.219
9675,87.5,5.469,686.219
9676,100.0,6.25,686.219
9677,77.6,4.85,686.219
9678,87.5,5.469,686.219
9679,100.0,6.25,686.219
9680,100.0,6.25,686.219
9681,87.5,5.469,686.219
9682,100.0,6.25,686.219
9683,100.0,6.25,686.219
9684,100.0,6.25,686.219
9685,75.0,4.688,686.219
9686,88.7,5.544,686.219
9687,97.9,6.119,661.336
9688,57.3,3.581,653.711
9689,0.0,0.0,653.711
9690,0.0,0.0,653.711
9691,0.0,0.0,653.711
9692,14.2,0.887,653.715
9693,0.0,0.0,653.715
9694,0.0,0.0,653.715
9695,0.0,0.0,653.715
9696,0.0,0.0,653.715
9697,0.0,0.0,653.715
9698,0.0,0.0,653.715
9699,14.2,0.887,653.715
9700,0.0,0.0,653.715
9701,0.0,0.0,653.715
9702,0.0,0.0,653.715
9703,0.0,0.0,653.715
9704,0.0,0.0,653.715
9705,0.0,0.0,653.715
9706,0.0,0.0,653.715
9707,0.0,0.0,653.715
9708,0.0,0.0,653.715
9709,0.0,0.0,653.715
9710,0.0,0.0,653.715
9711,0.0,0.0,653.715
9712,0.0,0.0,653.715
9713,0.0,0.0,653.715
9714,0.0,0.0,653.715
9715,0.0,0.0,653.715
9716,0.0,0.0,653.715
9717,0.0,0.0,653.715
9718,0.0,0.0,653.715
9719,0.0,0.0,653.719
9720,0.0,0.0,653.719
9721,0.0,0.0,653.719
9722,0.0,0.0,653.719
9723,0.0,0.0,653.719
9724,0.0,0.0,653.719
9725,0.0,0.0,653.719
9726,0.0,0.0,653.719
9727,0.0,0.0,653.719
9728,0.0,0.0,653.719
9729,0.0,0.0,653.719
9730,0.0,0.0,653.719
9731,0.0,0.0,653.719
9732,0.0,0.0,653.719
9733,0.0,0.0,653.719
9734,0.0,0.0,653.719
9735,0.0,0.0,653.719
9736,0.0,0.0,653.719
9737,0.0,0.0,653.719
9738,0.0,0.0,653.719
9739,0.0,0.0,653.719
9740,0.0,0.0,653.719
9741,0.0,0.0,653.719
9742,0.0,0.0,653.719
9743,0.0,0.0,653.719
9744,0.0,0.0,653.719
9745,0.0,0.0,653.719
9746,0.0,0.0,653.719
9747,0.0,0.0,653.719
9748,0.0,0.0,653.719
9749,0.0,0.0,653.719
9750,0.0,0.0,653.719
9751,0.0,0.0,653.719
9752,0.0,0.0,653.719
9753,0.0,0.0,653.719
9754,0.0,0.0,653.719
9755,0.0,0.0,653.719
9756,0.0,0.0,653.719
9757,0.0,0.0,653.719
9758,0.0,0.0,653.719
9759,0.0,0.0,653.719
9760,0.0,0.0,653.719
9761,0.0,0.0,653.719
9762,0.0,0.0,653.719
9763,0.0,0.0,653.719
9764,14.2,0.887,653.719
9765,14.3,0.894,653.883
9766,0.0,0.0,653.883
9767,0.0,0.0,653.883
9768,0.0,0.0,653.883
9769,0.0,0.0,653.883
9770,0.0,0.0,653.883
9771,0.0,0.0,653.883
9772,0.0,0.0,653.883
9773,0.0,0.0,653.883
9774,0.0,0.0,653.883
9775,0.0,0.0,653.883
9776,0.0,0.0,653.883
9777,0.0,0.0,653.883
9778,0.0,0.0,653.883
9779,0.0,0.0,653.883
9780,0.0,0.0,653.883
9781,0.0,0.0,653.883
9782,0.0,0.0,653.883
9783,0.0,0.0,653.883
9784,0.0,0.0,653.883
9785,0.0,0.0,653.883
9786,0.0,0.0,653.883
9787,0.0,0.0,653.883
9788,0.0,0.0,653.883
9789,0.0,0.0,653.883
9790,0.0,0.0,653.883
9791,0.0,0.0,653.883
9792,0.0,0.0,653.883
9793,0.0,0.0,653.883
9794,0.0,0.0,653.883
9795,0.0,0.0,653.883
9796,0.0,0.0,653.883
9797,0.0,0.0,653.883
9798,0.0,0.0,653.883
9799,0.0,0.0,653.883
9800,0.0,0.0,653.883
9801,0.0,0.0,653.883
9802,0.0,0.0,653.883
9803,0.0,0.0,653.883
9804,0.0,0.0,653.883
9805,0.0,0.0,653.883
9806,0.0,0.0,653.883
9807,0.0,0.0,653.883
9808,0.0,0.0,653.883
9809,0.0,0.0,653.883
9810,0.0,0.0,653.883
9811,0.0,0.0,653.883
9812,0.0,0.0,653.883
9813,0.0,0.0,653.883
9814,0.0,0.0,653.883
9815,0.0,0.0,653.883
9816,0.0,0.0,653.883
9817,0.0,0.0,653.883
9818,0.0,0.0,653.883
9819,0.0,0.0,653.883
9820,0.0,0.0,653.883
9821,0.0,0.0,653.883
9822,0.0,0.0,653.883
9823,0.0,0.0,653.883
9824,0.0,0.0,653.883
9825,0.0,0.0,653.883
9826,0.0,0.0,653.883
9827,0.0,0.0,653.883
9828,0.0,0.0,653.883
9829,0.0,0.0,653.883
9830,0.0,0.0,653.883
9831,0.0,0.0,653.883
9832,0.0,0.0,653.883
9833,0.0,0.0,653.883
9834,0.0,0.0,653.883
9835,0.0,0.0,653.883
9836,25.0,1.562,653.91
9837,89.3,5.581,654.414
9838,99.7,6.231,656.418
9839,87.5,5.469,656.418
9840,100.0,6.25,656.418
9841,87.5,5.469,656.418
9842,100.0,6.25,656.418
9843,100.0,6.25,656.418
9844,100.0,6.25,658.418
9845,100.0,6.25,658.418
9846,100.0,6.25,658.418
9847,100.0,6.25,658.418
9848,100.0,6.25,658.418
9849,100.0,6.25,658.418
9850,88.7,5.544,658.418
9851,100.0,6.25,658.418
9852,100.0,6.25,662.418
9853,100.0,6.25,662.418
9854,100.0,6.25,662.418
9855,100.0,6.25,662.418
9856,100.0,6.25,662.418
9857,100.0,6.25,662.418
9858,100.0,6.25,662.418
9859,100.0,6.25,662.418
9860,100.0,6.25,662.418
9861,100.0,6.25,662.418
9862,89.3,5.581,662.418
9863,75.0,4.688,662.418
9864,100.0,6.25,662.418
9865,100.0,6.25,662.418
9866,112.5,7.031,662.418
9867,100.0,6.25,662.418
9868,100.0,6.25,670.418
9869,100.0,6.25,670.418
9870,100.0,6.25,670.418
9871,100.0,6.25,670.418
9872,100.0,6.25,670.418
9873,88.7,5.544,670.418
9874,100.0,6.25,670.418
9875,112.5,7.031,670.418
9876,87.5,5.469,670.418
9877,100.0,6.25,670.418
9878,100.0,6.25,670.418
9879,100.0,6.25,670.418
9880,100.0,6.25,670.418
9881,100.0,6.25,670.418
9882,78.1,4.881,670.418
9883,100.0,6.25,670.418
9884,87.5,5.469,670.418
9885,99.7,6.231,670.418
9886,87.5,5.469,670.418
9887,100.0,6.25,670.418
9888,100.0,6.25,670.418
9889,100.0,6.25,670.418
9890,100.0,6.25,670.418
9891,100.0,6.25,670.418
9892,100.0,6.25,670.418
9893,88.7,5.544,670.418
9894,100.0,6.25,670.418
9895,112.5,7.031,670.418
9896,100.0,6.25,670.418
9897,100.0,6.25,670.418
9898,100.0,6.25,686.418
9899,100.0,6.25,686.418
9900,100.0,6.25,686.418
9901,100.0,6.25,686.418
9902,89.3,5.581,686.418
9903,87.5,5.469,686.418
9904,100.0,6.25,686.418
9905,100.0,6.25,686.418
9906,87.5,5.469,686.418
9907,100.0,6.25,686.418
9908,100.0,6.25,686.418
9909,87.5,5.469,686.418
9910,113.6,7.1,686.418
9911,100.0,6.25,686.418
9912,89.3,5.581,686.418
9913,100.0,6.25,686.418
9914,100.0,6.25,686.418
9915,100.0,6.25,686.418
9916,87.5,5.469,686.418
9917,113.6,7.1,686.418
9918,100.0,6.25,686.418
9919,100.2,6.263,686.418
9920,88.7,5.544,686.418
9921,87.5,5.469,686.418
9922,87.5,5.469,686.418
9923,100.0,6.25,686.418
9924,100.0,6.25,686.418
9925,100.0,6.25,686.418
9926,100.0,6.25,686.418
9927,100.0,6.25,686.418
9928,100.0,6.25,686.418
9929,100.0,6.25,686.418
9930,100.0,6.25,686.418
9931,87.5,5.469,686.418
9932,89.3,5.581,686.418
9933,87.5,5.469,686.418
9934,100.0,6.25,686.418
9935,94.4,5.9,661.535
9936,99.7,6.231,653.91
9937,0.0,0.0,653.91
9938,0.0,0.0,653.91
9939,0.0,0.0,653.91
9940,0.0,0.0,653.91
9941,62.5,3.906,653.91
9942,100.0,6.25,654.414
9943,87.5,5.469,656.418
9944,87.5,5.469,656.418
9945,100.0,6.25,656.418
9946,89.3,5.581,656.418
9947,100.0,6.25,656.418
9948,112.5,7.031,658.418
9949,112.5,7.031,658.418
9950,100.0,6.25,658.418
9951,100.0,6.25,658.418
9952,100.0,6.25,658.418
9953,100.0,6.25,658.418
9954,100.0,6.25,658.418
9955,88.7,5.544,658.418
9956,86.0,5.375,658.418
9957,99.4,6.213,662.418
9958,100.3,6.269,662.418
9959,87.5,5.469,662.418
9960,75.0,4.688,662.418
9961,99.4,6.213,662.418
9962,87.5,5.469,662.418
9963,100.3,6.269,662.418
9964,100.0,6.25,662.418
9965,100.0,6.25,662.418
9966,100.3,6.269,662.418
9967,99.4,6.213,662.418
9968,100.3,6.269,662.418
9969,87.5,5.469,662.418
9970,100.0,6.25,662.418
9971,75.0,4.688,662.418
9972,100.0,6.25,662.418
9973,100.0,6.25,662.418
9974,100.0,6.25,662.418
9975,112.5,7.031,670.418
9976,100.0,6.25,670.418
9977,100.0,6.25,670.418
9978,100.0,6.25,670.418
9979,88.7,5.544,670.418
9980,112.5,7.031,670.418
9981,100.0,6.25,670.418
9982,100.0,6.25,670.418
9983,75.0,4.688,670.418
9984,100.3,6.269,670.418
9985,100.0,6.25,670.418
9986,88.7,5.544,670.418
9987,100.0,6.25,670.418
9988,100.0,6.25,670.418
9989,100.0,6.25,670.418
9990,89.3,5.581,670.418
9991,112.5,7.031,670.418
9992,100.0,6.25,670.418
9993,100.0,6.25,670.418
9994,88.7,5.544,670.418
9995,100.0,6.25,670.418
9996,87.5,5.469,670.418
9997,100.0,6.25,670.418
9998,100.0,6.25,670.418
9999,100.0,6.25,670.418
10000,100.0,6.25,670.418
10001,100.0,6.25,670.418
10002,88.7,5.544,670.418
10003,100.0,6.25,670.418
10004,112.5,7.031,670.418
10005,89.3,5.581,686.418
10006,112.5,7.031,686.418
10007,100.0,6.25,686.418
10008,100.0,6.25,686.418
10009,100.0,6.25,686.418
10010,100.0,6.25,686.418
10011,100.0,6.25,686.418
10012,88.7,5.544,686.418
10013,100.0,6.25,686.418
10014,100.0,6.25,686.418
10015,100.3,6.269,686.418
10016,100.0,6.25,686.418
10017,88.7,5.544,686.418
10018,100.0,6.25,686.418
10019,100.0,6.25,686.418
10020,87.5,5.469,686.418
10021,100.0,6.25,686.418
10022,100.0,6.25,686.418
10023,100.0,6.25,686.418
10024,100.0,6.25,686.418
10025,100.0,6.25,686.418
10026,87.5,5.469,686.418
10027,89.3,5.581,686.418
10028,100.0,6.25,686.418
10029,112.5,7.031,686.418
10030,100.0,6.25,686.418
10031,100.0,6.25,686.418
10032,100.0,6.25,686.418
10033,100.0,6.25,686.418
10034,88.7,5.544,686.418
10035,100.0,6.25,686.418
10036,87.5,5.469,686.418
10037,100.0,6.25,686.418
10038,100.0,6.25,686.418
10039,100.0,6.25,686.418
10040,87.5,5.469,686.418
10041,98.0,6.125,661.535
10042,86.0,5.375,653.91
10043,0.0,0.0,653.91
10044,14.3,0.894,654.434
10045,0.0,0.0,654.434
10046,0.0,0.0,654.434
10047,0.0,0.0,654.434
10048,0.0,0.0,654.434
10049,0.0,0.0,654.434
10050,0.0,0.0,654.434
10051,0.0,0.0,654.434
10052,0.0,0.0,654.434
10053,0.0,0.0,654.434
10054,0.0,0.0,654.434
10055,0.0,0.0,654.434
10056,14.3,0.894,654.492
10057,22.2,1.387,655.73
10058,28.7,1.794,653.141
10059,12.5,0.781,653.145
10060,0.0,0.0,653.145
10061,0.0,0.0,653.145
10062,0.0,0.0,653.145
10063,0.0,0.0,653.145
10064,0.0,0.0,653.145
10065,0.0,0.0,653.145
10066,0.0,0.0,653.176
10067,0.0,0.0,653.203
10068,25.0,1.562,654.168
10069,100.0,6.25,654.77
10070,100.0,6.25,654.77
10071,100.0,6.25,656.773
10072,100.0,6.25,656.773
10073,100.3,6.269,656.773
10074,88.7,5.544,656.773
10075,114.7,7.169,656.773
10076,100.0,6.25,656.773
10077,100.0,6.25,658.773
10078,100.0,6.25,658.773
10079,100.0,6.25,658.773
10080,88.7,5.544,658.773
10081,114.7,7.169,658.773
10082,100.0,6.25,658.773
10083,100.0,6.25,658.773
10084,100.0,6.25,658.773
10085,100.0,6.25,662.773
10086,100.0,6.25,662.773
10087,100.0,6.25,662.773
10088,100.0,6.25,662.773
10089,100.0,6.25,662.773
10090,100.0,6.25,662.773
10091,88.7,5.544,662.773
10092,100.0,6.25,662.773
10093,100.0,6.25,662.773
10094,100.0,6.25,662.773
10095,87.5,5.469,662.773
10096,100.0,6.25,662.773
10097,112.5,7.031,662.773
10098,100.3,6.269,662.773
10099,88.7,5.544,662.773
10100,100.0,6.25,662.773
10101,114.7,7.169,670.773
10102,100.0,6.25,670.773
10103,100.0,6.25,670.773
10104,100.0,6.25,670.773
10105,100.0,6.25,670.773
10106,88.7,5.544,670.773
10107,114.7,7.169,670.773
10108,100.0,6.25,670.773
10109,100.0,6.25,670.773
10110,90.8,5.675,670.773
10111,112.5,7.031,670.773
10112,75.0,4.688,670.773
10113,100.0,6.25,670.773
10114,100.0,6.25,670.773
10115,100.0,6.25,670.773
10116,87.5,5.469,670.773
10117,87.5,5.469,670.773
10118,87.5,5.469,670.773
10119,75.0,4.688,670.773
10120,100.0,6.25,670.773
10121,87.5,5.469,670.773
10122,100.0,6.25,670.773
10123,100.3,6.269,670.773
10124,100.0,6.25,670.773
10125,100.0,6.25,670.773
10126,88.7,5.544,670.773
10127,100.0,6.25,670.773
10128,100.3,6.269,670.773
10129,87.5,5.469,670.773
10130,87.5,5.469,670.773
10131,100.0,6.25,670.773
10132,100.0,6.25,686.773
10133,100.0,6.25,686.773
10134,100.0,6.25,686.773
10135,62.5,3.906,686.773
10136,113.6,7.1,686.773
10137,62.5,3.906,686.773
10138,87.5,5.469,686.773
10139,87.5,5.469,686.773
10140,100.0,6.25,686.773
10141,100.3,6.269,686.773
10142,77.6,4.85,686.773
10143,87.5,5.469,686.773
10144,100.0,6.25,686.773
10145,87.5,5.469,686.773
10146,100.0,6.25,686.773
10147,100.0,6.25,686.773
10148,87.5,5.469,686.773
10149,75.0,4.688,686.773
10150,100.0,6.25,686.773
10151,87.5,5.469,686.773
10152,100.3,6.269,686.773
10153,100.0,6.25,686.773
10154,87.5,5.469,686.773
10155,112.5,7.031,686.773
10156,100.0,6.25,686.773
10157,87.5,5.469,686.773
10158,75.0,4.688,686.773
10159,100.0,6.25,686.773
10160,87.5,5.469,686.773
10161,62.5,3.906,686.773
10162,85.2,5.325,686.773
10163,75.0,4.688,686.773
10164,100.0,6.25,686.773
10165,100.0,6.25,686.773
10166,100.3,6.269,686.773
10167,87.5,5.469,686.773
10168,100.0,6.25,686.773
10169,91.2,5.7,663.41
10170,71.7,4.481,655.785
10171,14.3,0.894,655.82
10172,14.2,0.887,655.824
10173,0.0,0.0,655.824
10174,0.0,0.0,655.824
10175,0.0,0.0,655.824
10176,28.7,1.794,655.832
10177,0.0,0.0,655.832
10178,0.0,0.0,655.832
10179,11.1,0.694,655.832
10180,100.0,6.25,655.832
10181,100.0,6.25,657.836
10182,100.0,6.25,657.836
10183,75.0,4.688,657.836
10184,100.0,6.25,657.836
10185,87.5,5.469,657.836
10186,100.3,6.269,657.836
10187,77.6,4.85,659.836
10188,87.5,5.469,659.836
10189,100.3,6.269,659.836
10190,75.0,4.688,659.836
10191,100.3,6.269,659.836
10192,87.5,5.469,659.836
10193,100.0,6.25,659.836
10194,89.6,5.6,659.836
10195,112.5,7.031,659.836
10196,100.0,6.25,663.836
10197,100.0,6.25,663.836
10198,87.5,5.469,663.836
10199,100.0,6.25,663.836
10200,87.5,5.469,663.836
10201,87.5,5.469,663.836
10202,100.0,6.25,663.836
10203,100.0,6.25,663.836
10204,67.0,4.188,663.836
10205,113.6,7.1,663.836
10206,100.0,6.25,663.836
10207,89.3,5.581,663.836
10208,113.6,7.1,663.836
10209,75.0,4.688,663.836
10210,100.0,6.25,663.836
10211,100.0,6.25,663.836
10212,87.5,5.469,671.836
10213,100.3,6.269,671.836
10214,75.0,4.688,671.836
10215,88.7,5.544,671.836
10216,114.7,7.169,671.836
10217,100.0,6.25,671.836
10218,100.0,6.25,671.836
10219,62.5,3.906,671.836
10220,100.3,6.269,671.836
10221,87.5,5.469,671.836
10222,87.5,5.469,671.836
10223,100.0,6.25,671.836
10224,100.0,6.25,671.836
10225,85.2,5.325,671.836
10226,100.0,6.25,671.836
10227,100.0,6.25,671.836
10228,87.5,5.469,671.836
10229,87.5,5.469,671.836
10230,87.5,5.469,671.836
10231,75.0,4.688,671.836
10232,86.0,5.375,671.836
10233,100.0,6.25,671.836
10234,87.5,5.469,671.836
10235,86.0,5.375,671.836
10236,87.5,5.469,671.836
10237,71.0,4.438,671.836
10238,87.5,5.469,671.836
10239,87.5,5.469,671.836
10240,114.7,7.169,671.836
10241,99.4,6.213,671.836
10242,87.5,5.469,671.836
10243,75.0,4.688,671.836
10244,78.1,4.881,671.836
10245,87.5,5.469,671.836
10246,99.4,6.213,671.836
10247,89.3,5.581,671.836
10248,100.0,6.25,671.836
10249,112.5,7.031,671.836
10250,75.0,4.688,671.836
10251,77.6,4.85,687.836
10252,87.5,5.469,687.836
10253,75.0,4.688,687.836
10254,100.0,6.25,687.836
10255,100.0,6.25,687.836
10256,100.0,6.25,687.836
10257,78.1,4.881,687.836
10258,87.5,5.469,687.836
10259,100.0,6.25,687.836
10260,87.5,5.469,687.836
10261,100.0,6.25,687.836
10262,87.5,5.469,687.836
10263,87.5,5.469,687.836
10264,100.0,6.25,687.836
10265,66.5,4.156,687.836
10266,62.5,3.906,687.836
10267,87.5,5.469,687.836
10268,100.0,6.25,687.836
10269,100.0,6.25,687.836
10270,87.5,5.469,687.836
10271,100.0,6.25,687.836
10272,100.0,6.25,687.836
10273,88.7,5.544,687.836
10274,57.3,3.581,687.836
10275,100.0,6.25,687.836
10276,71.7,4.481,687.836
10277,85.2,5.325,687.836
10278,100.0,6.25,687.836
10279,100.0,6.25,687.836
10280,87.5,5.469,687.836
10281,100.0,6.25,687.836
10282,75.0,4.688,687.836
10283,114.7,7.169,687.836
10284,88.7,5.544,687.836
10285,100.3,6.269,687.836
10286,87.5,5.469,687.836
10287,99.4,6.213,687.836
10288,75.0,4.688,687.836
10289,86.0,5.375,687.836
10290,87.5,5.469,687.836
10291,100.0,6.25,687.836
10292,77.6,4.85,687.836
10293,87.5,5.469,687.836
10294,100.0,6.25,687.836
10295,62.5,3.906,687.836
10296,100.0,6.25,687.836
10297,87.5,5.469,687.836
10298,100.0,6.25,687.836
10299,100.0,6.25,687.836
10300,100.0,6.25,687.836
10301,89.3,5.581,687.836
10302,100.0,6.25,687.836
10303,87.5,5.469,687.836
10304,87.5,5.469,687.836
10305,100.0,6.25,687.836
10306,100.0,6.25,687.836
10307,100.0,6.25,687.836
10308,100.0,6.25,687.836
10309,55.4,3.462,687.836
10310,50.0,3.125,687.836
10311,50.0,3.125,687.836
10312,75.0,4.688,687.836
10313,100.0,6.25,687.836
10314,100.0,6.25,687.836
10315,100.0,6.25,687.836
10316,100.0,6.25,687.836
10317,87.5,5.469,687.836
10318,55.8,3.487,687.836
10319,75.0,4.688,687.836
10320,25.0,1.562,687.836
10321,75.0,4.688,687.836
10322,75.0,4.688,687.836
10323,37.5,2.344,687.836
10324,87.5,5.469,687.836
10325,62.5,3.906,687.836
10326,66.5,4.156,687.836
10327,87.5,5.469,687.836
10328,100.0,6.25,687.836
10329,62.5,3.906,687.836
10330,33.2,2.075,687.836
10331,75.0,4.688,687.836
10332,98.7,6.169,663.457
10333,113.6,7.1,663.457
10334,57.3,3.581,655.832
10335,0.0,0.0,655.832
10336,0.0,0.0,655.832
10337,0.0,0.0,655.832
10338,0.0,0.0,655.832
10339,12.5,0.781,655.832
10340,0.0,0.0,655.832
10341,0.0,0.0,655.832
10342,14.3,0.894,655.832
10343,0.0,0.0,655.832
10344,0.0,0.0,655.832
10345,0.0,0.0,655.832
10346,0.0,0.0,655.832
10347,14.3,0.894,655.832
10348,0.0,0.0,655.832
10349,0.0,0.0,655.832
10350,0.0,0.0,655.832
10351,0.0,0.0,655.832
10352,0.0,0.0,655.832
10353,0.0,0.0,655.832
10354,0.0,0.0,655.832
10355,0.0,0.0,655.832
10356,0.0,0.0,655.832
10357,0.0,0.0,655.832
10358,0.0,0.0,655.832
10359,0.0,0.0,655.836
10360,0.0,0.0,655.836
10361,0.0,0.0,655.836
10362,0.0,0.0,655.836
10363,0.0,0.0,655.836
10364,0.0,0.0,655.836
10365,0.0,0.0,655.836
10366,0.0,0.0,655.836
10367,0.0,0.0,655.836
10368,0.0,0.0,655.836
10369,62.5,3.906,656.059
10370,28.7,1.794,656.07
10371,14.2,0.887,656.07
10372,0.0,0.0,656.07
10373,0.0,0.0,656.07
10374,0.0,0.0,656.07
10375,0.0,0.0,656.07
10376,0.0,0.0,656.07
10377,0.0,0.0,656.07
10378,0.0,0.0,656.07
10379,0.0,0.0,656.07
10380,0.0,0.0,656.07
10381,0.0,0.0,656.07
10382,0.0,0.0,656.07
10383,0.0,0.0,656.07
10384,0.0,0.0,656.07
10385,0.0,0.0,656.07
10386,0.0,0.0,656.07
10387,0.0,0.0,656.07
10388,0.0,0.0,656.07
10389,0.0,0.0,656.074
10390,0.0,0.0,656.074
10391,25.0,1.562,656.074
10392,100.0,6.25,656.074
10393,75.0,4.688,656.078
10394,87.5,5.469,656.078
10395,87.5,5.469,656.078
10396,62.5,3.906,656.078
10397,75.0,4.688,656.078
10398,62.5,3.906,656.078
10399,62.5,3.906,656.078
10400,50.0,3.125,656.078
10401,62.5,3.906,656.078
10402,50.0,3.125,658.082
10403,50.0,3.125,658.082
10404,75.0,4.688,658.082
10405,37.5,2.344,658.082
10406,87.5,5.469,658.082
10407,37.5,2.344,658.082
10408,112.5,7.031,658.082
10409,62.5,3.906,658.082
10410,75.0,4.688,658.082
10411,100.0,6.25,658.082
10412,62.5,3.906,658.082
10413,75.0,4.688,658.082
10414,25.0,1.562,658.082
10415,62.5,3.906,658.082
10416,75.0,4.688,658.082
10417,25.0,1.562,658.082
10418,30.0,1.875,658.082
10419,50.0,3.125,658.082
10420,37.5,2.344,658.082
10421,50.0,3.125,658.082
10422,25.0,1.562,658.082
10423,50.0,3.125,658.082
10424,62.5,3.906,658.082
10425,75.0,4.688,658.082
10426,55.4,3.462,658.082
10427,75.0,4.688,658.082
10428,75.0,4.688,660.082
10429,100.0,6.25,660.082
10430,75.0,4.688,660.082
10431,87.5,5.469,660.082
10432,75.0,4.688,660.082
10433,100.0,6.25,660.082
10434,100.0,6.25,660.082
10435,62.5,3.906,660.082
10436,100.0,6.25,660.082
10437,100.0,6.25,660.082
10438,100.0,6.25,660.082
10439,100.0,6.25,660.082
10440,100.0,6.25,660.082
10441,100.0,6.25,664.082
10442,100.0,6.25,664.082
10443,62.5,3.906,664.082
10444,100.0,6.25,664.082
10445,87.5,5.469,664.082
10446,100.0,6.25,664.082
10447,87.5,5.469,664.082
10448,37.5,2.344,664.082
10449,62.5,3.906,664.082
10450,75.0,4.688,664.082
10451,25.0,1.562,664.082
10452,100.0,6.25,664.082
10453,100.0,6.25,664.082
10454,100.0,6.25,664.082
10455,89.3,5.581,664.082
10456,71.0,4.438,664.082
10457,30.0,1.875,664.082
10458,57.3,3.581,664.082
10459,87.5,5.469,664.082
10460,100.0,6.25,664.082
10461,100.0,6.25,664.082
10462,100.0,6.25,664.082
10463,100.0,6.25,664.082
10464,100.0,6.25,664.082
10465,75.0,4.688,664.082
10466,100.0,6.25,664.082
10467,100.0,6.25,664.082
10468,100.0,6.25,664.082
10469,100.0,6.25,664.082
10470,100.0,6.25,664.082
10471,100.0,6.25,664.082
10472,87.5,5.469,664.082
10473,87.5,5.469,664.082
10474,75.0,4.688,664.082
10475,87.5,5.469,664.082
10476,87.5,5.469,664.082
10477,100.0,6.25,664.082
10478,100.0,6.25,664.082
10479,75.0,4.688,664.082
10480,39.8,2.487,664.082
10481,10.0,0.625,664.082
10482,0.0,0.0,664.082
10483,10.0,0.625,664.082
10484,55.4,3.462,664.082
10485,25.0,1.562,664.082
10486,37.5,2.344,664.082
10487,25.0,1.562,664.082
10488,62.5,3.906,664.082
10489,87.5,5.469,664.082
10490,75.0,4.688,664.082
10491,87.5,5.469,664.082
10492,100.0,6.25,664.082
10493,100.0,6.25,664.082
10494,87.5,5.469,664.082
10495,87.5,5.469,664.082
10496,100.0,6.25,664.082
10497,75.0,4.688,664.082
10498,75.0,4.688,664.082
10499,50.0,3.125,664.082
10500,75.0,4.688,664.082
10501,114.7,7.169,664.082
10502,87.5,5.469,664.082
10503,87.5,5.469,664.082
10504,100.0,6.25,672.082
10505,87.5,5.469,672.082
10506,113.6,7.1,672.082
10507,87.5,5.469,672.082
10508,87.5,5.469,672.082
10509,62.5,3.906,672.082
10510,67.0,4.188,672.082
10511,85.2,5.325,672.082
10512,62.5,3.906,672.082
10513,100.0,6.25,672.082
10514,87.5,5.469,672.082
10515,37.5,2.344,672.082
10516,25.0,1.562,672.082
10517,67.0,4.188,672.082
10518,50.0,3.125,672.082
10519,71.0,4.438,672.082
10520,25.0,1.562,672.082
10521,50.0,3.125,672.082
10522,50.0,3.125,672.082
10523,75.0,4.688,672.082
10524,86.0,5.375,672.082
10525,100.0,6.25,672.082
10526,100.0,6.25,672.082
10527,100.0,6.25,672.082
10528,100.0,6.25,672.082
10529,87.5,5.469,672.082
10530,66.5,4.156,672.082
10531,37.5,2.344,672.082
10532,44.6,2.788,672.082
10533,66.5,4.156,672.082
10534,87.5,5.469,672.082
10535,75.0,4.688,672.082
10536,100.3,6.269,672.082
10537,87.5,5.469,672.082
10538,87.5,5.469,672.082
10539,87.5,5.469,672.082
10540,100.0,6.25,672.082
10541,100.0,6.25,672.082
10542,75.0,4.688,672.082
10543,87.5,5.469,672.082
10544,75.0,4.688,672.082
10545,25.0,1.562,672.082
10546,50.0,3.125,672.082
10547,62.5,3.906,672.082
10548,100.0,6.25,672.082
10549,62.5,3.906,672.082
10550,100.0,6.25,672.082
10551,100.0,6.25,672.082
10552,87.5,5.469,672.082
10553,100.0,6.25,672.082
10554,87.5,5.469,672.082
10555,87.5,5.469,672.082
10556,100.0,6.25,672.082
10557,75.0,4.688,672.082
10558,62.5,3.906,672.082
10559,75.0,4.688,672.082
10560,100.0,6.25,672.082
10561,87.5,5.469,672.082
10562,27.3,1.706,672.082
10563,56.8,3.55,672.082
10564,20.0,1.25,672.082
10565,37.5,2.344,672.082
10566,33.2,2.075,672.082
10567,100.0,6.25,672.082
10568,62.5,3.906,672.082
10569,50.0,3.125,672.082
10570,62.5,3.906,672.082
10571,100.3,6.269,672.082
10572,87.5,5.469,672.082
10573,87.5,5.469,672.082
10574,100.0,6.25,672.082
10575,100.0,6.25,672.082
10576,87.5,5.469,672.082
10577,87.5,5.469,672.082
10578,100.0,6.25,672.082
10579,100.0,6.25,672.082
10580,100.0,6.25,672.082
10581,100.0,6.25,672.082
10582,100.0,6.25,672.082
10583,100.0,6.25,672.082
10584,100.0,6.25,672.082
10585,100.0,6.25,672.082
10586,100.0,6.25,672.082
10587,100.0,6.25,672.082
10588,100.0,6.25,672.082
10589,100.0,6.25,672.082
10590,100.0,6.25,672.082
10591,87.5,5.469,672.082
10592,100.0,6.25,672.082
10593,100.0,6.25,672.082
10594,100.0,6.25,672.082
10595,100.0,6.25,672.082
10596,100.0,6.25,672.082
10597,87.5,5.469,672.082
10598,87.5,5.469,672.082
10599,100.0,6.25,672.082
10600,100.0,6.25,672.082
10601,75.0,4.688,672.082
10602,100.0,6.25,672.082
10603,100.0,6.25,672.082
10604,87.5,5.469,672.082
10605,100.0,6.25,672.082
10606,100.0,6.25,672.082
10607,100.0,6.25,672.082
10608,75.0,4.688,672.082
10609,100.0,6.25,672.082
10610,87.5,5.469,672.082
10611,87.5,5.469,672.082
10612,87.5,5.469,672.082
10613,100.0,6.25,672.082
10614,75.0,4.688,672.082
10615,100.0,6.25,672.082
10616,75.0,4.688,688.082
10617,100.0,6.25,688.082
10618,100.0,6.25,688.082
10619,112.5,7.031,688.082
10620,100.0,6.25,688.082
10621,100.0,6.25,688.082
10622,100.0,6.25,688.082
10623,100.0,6.25,688.082
10624,100.0,6.25,688.082
10625,100.0,6.25,688.082
10626,87.5,5.469,688.082
10627,100.0,6.25,688.082
10628,87.5,5.469,688.082
10629,100.0,6.25,688.082
10630,100.0,6.25,688.082
10631,100.0,6.25,688.082
10632,100.0,6.25,688.082
10633,100.0,6.25,688.082
10634,100.0,6.25,688.082
10635,100.0,6.25,688.082
10636,88.7,5.544,688.082
10637,62.5,3.906,688.082
10638,87.5,5.469,688.082
10639,100.0,6.25,688.082
10640,100.0,6.25,688.082
10641,87.5,5.469,688.082
10642,100.0,6.25,688.082
10643,100.0,6.25,688.082
10644,100.0,6.25,688.082
10645,100.0,6.25,688.082
10646,100.0,6.25,688.082
10647,87.5,5.469,688.082
10648,100.0,6.25,688.082
10649,87.5,5.469,688.082
10650,100.0,6.25,688.082
10651,100.0,6.25,688.082
10652,100.0,6.25,688.082
10653,100.0,6.25,688.082
10654,100.0,6.25,688.082
10655,75.0,4.688,688.082
10656,100.0,6.25,688.082
10657,100.0,6.25,688.082
10658,87.5,5.469,688.082
10659,87.5,5.469,688.082
10660,37.5,2.344,688.082
10661,75.0,4.688,688.082
10662,22.3,1.394,688.082
10663,22.2,1.387,688.082
10664,25.0,1.562,688.082
10665,0.0,0.0,688.082
10666,62.5,3.906,688.082
10667,100.0,6.25,688.082
10668,100.0,6.25,688.082
10669,87.5,5.469,688.082
10670,100.0,6.25,688.082
10671,100.0,6.25,688.082
10672,100.0,6.25,688.082
10673,87.5,5.469,688.082
10674,100.0,6.25,688.082
10675,100.0,6.25,688.082
10676,112.5,7.031,688.082
10677,100.0,6.25,688.082
10678,100.0,6.25,688.082
10679,100.0,6.25,688.082
10680,87.5,5.469,688.082
10681,88.7,5.544,688.082
10682,100.0,6.25,688.082
10683,100.0,6.25,688.082
10684,100.0,6.25,688.082
10685,100.0,6.25,688.082
10686,100.0,6.25,688.082
10687,100.0,6.25,688.082
10688,114.7,7.169,688.082
10689,75.0,4.688,688.082
10690,75.0,4.688,688.082
10691,100.0,6.25,688.082
10692,100.0,6.25,688.082
10693,75.0,4.688,688.082
10694,87.5,5.469,688.082
10695,100.0,6.25,688.082
10696,100.0,6.25,688.082
10697,100.0,6.25,688.082
10698,87.5,5.469,688.082
10699,100.0,6.25,688.082
10700,75.0,4.688,688.082
10701,100.0,6.25,688.082
10702,87.5,5.469,688.082
10703,100.0,6.25,688.082
10704,100.0,6.25,688.082
10705,87.5,5.469,688.082
10706,100.0,6.25,688.082
10707,87.5,5.469,688.082
10708,100.0,6.25,688.082
10709,75.0,4.688,688.082
10710,100.0,6.25,688.082
10711,100.0,6.25,688.082
10712,87.5,5.469,688.082
10713,100.0,6.25,688.082
10714,75.0,4.688,688.082
10715,100.0,6.25,688.082
10716,100.0,6.25,688.082
10717,100.0,6.25,688.082
10718,100.0,6.25,688.082
10719,100.0,6.25,688.082
10720,77.6,4.85,688.082
10721,100.0,6.25,688.082
10722,100.0,6.25,688.082
10723,100.0,6.25,688.082
10724,87.5,5.469,688.082
10725,112.5,7.031,688.082
10726,87.5,5.469,688.082
10727,75.0,4.688,688.082
10728,24.9,1.556,688.082
10729,37.5,2.344,688.082
10730,27.4,1.712,688.082
10731,25.0,1.562,688.082
10732,33.2,2.075,688.121
10733,44.3,2.769,688.211
10734,37.5,2.344,688.395
10735,33.5,2.094,688.582
10736,12.5,0.781,688.707
10737,33.2,2.075,688.766
10738,37.5,2.344,688.895
10739,25.0,1.562,688.898
10740,50.0,3.125,688.957
10741,22.2,1.387,689.078
10742,55.8,3.487,689.141
10743,11.1,0.694,689.215
10744,22.3,1.394,689.242
10745,37.5,2.344,689.383
10746,33.2,2.075,689.453
10747,28.7,1.794,689.582
10748,62.5,3.906,689.719
10749,77.6,4.85,689.781
10750,37.5,2.344,689.883
10751,55.4,3.462,690.035
10752,87.5,5.469,690.316
10753,50.0,3.125,690.422
10754,59.4,3.712,666.129
10755,99.9,6.244,666.129
10756,57.3,3.581,658.504
10757,0.0,0.0,658.504
10758,0.0,0.0,658.504
10759,0.0,0.0,658.504
10760,0.0,0.0,658.504
10761,0.0,0.0,658.504
10762,0.0,0.0,658.504
10763,0.0,0.0,658.504
10764,0.0,0.0,658.504
10765,0.0,0.0,658.504
10766,0.0,0.0,658.504
10767,0.0,0.0,658.504
10768,0.0,0.0,658.504
10769,0.0,0.0,658.504
10770,0.0,0.0,658.504
10771,0.0,0.0,658.504
10772,0.0,0.0,658.504
10773,42.6,2.663,658.508
10774,0.0,0.0,658.508
10775,0.0,0.0,658.508
10776,0.0,0.0,658.508
10777,0.0,0.0,658.508
10778,0.0,0.0,658.508
10779,0.0,0.0,658.508
10780,0.0,0.0,658.508
10781,0.0,0.0,658.508
10782,0.0,0.0,658.508
10783,0.0,0.0,658.508
10784,0.0,0.0,658.508
10785,0.0,0.0,658.508
10786,0.0,0.0,658.508
10787,0.0,0.0,658.508
10788,0.0,0.0,658.508
10789,0.0,0.0,658.512
10790,0.0,0.0,658.512
10791,0.0,0.0,658.512
10792,0.0,0.0,658.512
10793,0.0,0.0,658.512
10794,0.0,0.0,658.512
10795,0.0,0.0,658.512
10796,0.0,0.0,658.512
10797,0.0,0.0,658.512
10798,0.0,0.0,658.512
10799,14.3,0.894,658.512
10800,0.0,0.0,658.512
10801,0.0,0.0,658.512
10802,0.0,0.0,658.512
10803,0.0,0.0,658.512
10804,0.0,0.0,658.512
10805,0.0,0.0,658.512
10806,0.0,0.0,658.512
10807,0.0,0.0,658.512
10808,0.0,0.0,658.512
10809,0.0,0.0,658.512
10810,0.0,0.0,658.512
10811,0.0,0.0,658.512
10812,0.0,0.0,658.512
10813,0.0,0.0,658.512
10814,0.0,0.0,658.512
10815,0.0,0.0,658.512
10816,0.0,0.0,658.512
10817,0.0,0.0,658.512
10818,0.0,0.0,658.512
10819,0.0,0.0,658.512
10820,0.0,0.0,658.512
10821,0.0,0.0,658.512
10822,0.0,0.0,658.512
10823,12.5,0.781,658.578
10824,28.4,1.775,658.672
10825,0.0,0.0,658.672
10826,0.0,0.0,658.672
10827,0.0,0.0,658.672
10828,0.0,0.0,658.672
10829,0.0,0.0,658.672
10830,0.0,0.0,658.672
10831,0.0,0.0,658.676
10832,0.0,0.0,658.676
10833,0.0,0.0,658.676
10834,0.0,0.0,658.676
10835,0.0,0.0,658.676
10836,0.0,0.0,658.676
10837,0.0,0.0,658.676
10838,0.0,0.0,658.676
10839,0.0,0.0,658.676
10840,0.0,0.0,658.676
10841,0.0,0.0,658.676
10842,0.0,0.0,658.676
10843,0.0,0.0,658.676
10844,0.0,0.0,658.676
10845,0.0,0.0,658.676
10846,0.0,0.0,658.676
10847,0.0,0.0,658.676
10848,0.0,0.0,658.676
10849,0.0,0.0,658.676
10850,0.0,0.0,658.676
10851,0.0,0.0,658.676
10852,0.0,0.0,658.676
10853,0.0,0.0,658.68
10854,0.0,0.0,658.68
10855,0.0,0.0,658.68
10856,42.6,2.663,658.711
10857,75.0,4.688,662.367
10858,86.0,5.375,660.641
10859,14.3,0.894,660.641
10860,0.0,0.0,660.641
10861,0.0,0.0,660.641
10862,0.0,0.0,660.641
10863,0.0,0.0,660.641
10864,0.0,0.0,660.641
10865,0.0,0.0,660.641
10866,0.0,0.0,660.641
10867,0.0,0.0,660.641
10868,0.0,0.0,660.641
10869,0.0,0.0,660.641
10870,0.0,0.0,660.641
10871,0.0,0.0,660.641
10872,0.0,0.0,660.641
10873,0.0,0.0,660.641
10874,0.0,0.0,660.641
10875,0.0,0.0,660.641
10876,0.0,0.0,660.641
10877,0.0,0.0,660.641
10878,0.0,0.0,660.641
10879,0.0,0.0,660.641
10880,0.0,0.0,660.641
10881,0.0,0.0,660.641
10882,0.0,0.0,660.641
10883,0.0,0.0,660.641
10884,0.0,0.0,660.641
10885,0.0,0.0,660.641
10886,0.0,0.0,660.641
10887,0.0,0.0,660.641
10888,28.7,1.794,660.641
10889,43.0,2.688,660.645
10890,0.0,0.0,660.645
10891,0.0,0.0,660.645
10892,0.0,0.0,660.645
10893,0.0,0.0,660.645
10894,0.0,0.0,660.645
10895,0.0,0.0,660.645
10896,0.0,0.0,660.645
10897,0.0,0.0,660.645
10898,0.0,0.0,660.645
10899,0.0,0.0,660.645
10900,0.0,0.0,660.645
10901,0.0,0.0,660.645
10902,0.0,0.0,660.645
10903,0.0,0.0,660.645
10904,0.0,0.0,660.645
10905,0.0,0.0,660.645
10906,0.0,0.0,660.645
10907,0.0,0.0,660.645
10908,0.0,0.0,660.645
10909,0.0,0.0,660.645
10910,0.0,0.0,660.645
10911,0.0,0.0,660.645
10912,0.0,0.0,660.645
10913,0.0,0.0,660.645
10914,0.0,0.0,660.645
10915,0.0,0.0,660.645
10916,0.0,0.0,660.645
10917,0.0,0.0,660.645
10918,0.0,0.0,660.645
10919,0.0,0.0,660.645
10920,0.0,0.0,660.645
10921,62.5,3.906,663.535
10922,75.0,4.688,657.043
10923,55.8,3.487,657.793
10924,50.0,3.125,657.848
10925,62.5,3.906,657.855
10926,87.5,5.469,657.855
10927,75.0,4.688,657.855
10928,100.0,6.25,657.855
10929,87.5,5.469,659.859
10930,100.0,6.25,659.859
10931,66.5,4.156,659.859
10932,37.5,2.344,659.859
10933,50.0,3.125,659.859
10934,62.5,3.906,659.859
10935,87.5,5.469,659.859
10936,87.5,5.469,659.859
10937,87.5,5.469,659.859
10938,75.0,4.688,659.859
10939,87.5,5.469,659.859
10940,67.0,4.188,659.859
10941,75.0,4.688,659.859
10942,62.5,3.906,659.859
10943,87.5,5.469,659.859
10944,100.0,6.25,659.859
10945,100.0,6.25,659.859
10946,100.0,6.25,659.859
10947,100.0,6.25,659.859
10948,87.5,5.469,659.859
10949,87.5,5.469,661.859
10950,88.7,5.544,661.859
10951,87.5,5.469,661.859
10952,75.0,4.688,661.859
10953,75.0,4.688,661.859
10954,75.0,4.688,661.859
10955,75.0,4.688,661.859
10956,100.0,6.25,661.859
10957,87.5,5.469,661.859
10958,87.5,5.469,661.859
10959,55.4,3.462,661.859
10960,75.0,4.688,661.859
10961,62.5,3.906,661.859
10962,75.0,4.688,661.859
10963,62.5,3.906,661.859
10964,22.3,1.394,661.859
10965,62.5,3.906,661.859
10966,37.5,2.344,661.859
10967,87.5,5.469,661.859
10968,77.6,4.85,661.859
10969,100.0,6.25,661.859
10970,75.0,4.688,661.859
10971,62.5,3.906,661.859
10972,75.0,4.688,661.859
10973,75.0,4.688,661.859
10974,75.0,4.688,665.859
10975,100.0,6.25,665.859
10976,55.4,3.462,665.859
10977,62.5,3.906,665.859
10978,75.0,4.688,665.859
10979,37.5,2.344,665.859
10980,37.5,2.344,665.859
10981,87.5,5.469,665.859
10982,33.5,2.094,665.859
10983,37.5,2.344,665.859
10984,62.5,3.906,665.859
10985,37.5,2.344,665.859
10986,50.0,3.125,665.859
10987,62.5,3.906,665.859
10988,62.5,3.906,665.859
10989,100.0,6.25,665.859
10990,100.0,6.25,665.859
10991,88.7,5.544,665.859
10992,87.5,5.469,665.859
10993,75.0,4.688,665.859
10994,50.0,3.125,665.859
10995,25.0,1.562,665.859
10996,50.0,3.125,665.859
10997,44.6,2.788,665.859
10998,62.5,3.906,665.859
10999,100.0,6.25,665.859
11000,66.5,4.156,665.859
11001,25.0,1.562,665.859
11002,75.0,4.688,665.859
11003,75.0,4.688,665.859
11004,100.0,6.25,665.859
11005,100.0,6.25,665.859
11006,88.7,5.544,665.859
11007,75.0,4.688,665.859
11008,100.0,6.25,665.859
11009,87.5,5.469,665.859
11010,100.0,6.25,665.859
11011,87.5,5.469,665.859
11012,62.5,3.906,665.859
11013,67.0,4.188,665.859
11014,75.0,4.688,665.859
11015,66.5,4.156,665.859
11016,99.7,6.231,665.859
11017,87.5,5.469,665.859
11018,50.0,3.125,665.859
11019,33.5,2.094,665.859
11020,12.5,0.781,665.859
11021,62.5,3.906,665.859
11022,100.0,6.25,665.859
11023,100.0,6.25,665.859
11024,100.0,6.25,665.859
11025,100.0,6.25,665.859
11026,100.0,6.25,665.859
11027,100.0,6.25,665.859
11028,100.0,6.25,665.859
11029,75.0,4.688,665.859
11030,30.0,1.875,665.859
11031,75.0,4.688,673.859
11032,75.0,4.688,673.859
11033,62.5,3.906,673.859
11034,87.5,5.469,673.859
11035,75.0,4.688,673.859
11036,100.0,6.25,673.859
11037,87.5,5.469,673.859
11038,100.0,6.25,673.859
11039,100.0,6.25,673.859
11040,100.0,6.25,673.859
11041,33.2,2.075,673.859
11042,50.0,3.125,673.859
11043,87.5,5.469,673.859
11044,100.0,6.25,673.859
11045,75.0,4.688,673.859
11046,87.5,5.469,673.859
11047,25.0,1.562,673.859
11048,66.5,4.156,673.859
11049,40.1,2.506,673.859
11050,62.5,3.906,673.859
11051,12.5,0.781,673.859
11052,75.0,4.688,673.859
11053,37.5,2.344,673.859
11054,100.0,6.25,673.859
11055,100.0,6.25,673.859
11056,100.0,6.25,673.859
11057,75.0,4.688,673.859
11058,55.4,3.462,673.859
11059,30.0,1.875,673.859
11060,75.0,4.688,673.859
11061,87.5,5.469,673.859
11062,87.5,5.469,673.859
11063,87.5,5.469,673.859
11064,67.0,4.188,673.859
11065,71.0,4.438,673.859
11066,42.8,2.675,673.859
11067,50.0,3.125,673.859
11068,37.5,2.344,673.859
11069,62.5,3.906,673.859
11070,37.5,2.344,673.859
11071,62.5,3.906,673.859
11072,50.0,3.125,673.859
11073,62.5,3.906,673.859
11074,75.0,4.688,673.859
11075,78.1,4.881,673.859
11076,50.0,3.125,673.859
11077,50.0,3.125,673.859
11078,75.0,4.688,673.859
11079,62.5,3.906,673.859
11080,62.5,3.906,673.859
11081,37.5,2.344,673.859
11082,66.5,4.156,673.859
11083,37.5,2.344,673.859
11084,87.5,5.469,673.859
11085,33.5,2.094,673.859
11086,50.0,3.125,673.859
11087,100.0,6.25,673.859
11088,50.0,3.125,673.859
11089,62.5,3.906,673.859
11090,33.2,2.075,673.859
11091,55.4,3.462,673.859
11092,37.5,2.344,673.859
11093,62.5,3.906,673.859
11094,87.5,5.469,673.859
11095,87.5,5.469,673.859
11096,100.0,6.25,673.859
11097,100.0,6.25,673.859
11098,100.0,6.25,673.859
11099,55.8,3.487,673.859
11100,75.0,4.688,673.859
11101,75.0,4.688,673.859
11102,62.5,3.906,673.859
11103,62.5,3.906,673.859
11104,66.5,4.156,673.859
11105,100.3,6.269,673.859
11106,50.0,3.125,673.859
11107,50.0,3.125,673.859
11108,55.4,3.462,673.859
11109,75.0,4.688,673.859
11110,112.5,7.031,673.859
11111,75.0,4.688,673.859
11112,87.5,5.469,673.859
11113,87.5,5.469,673.859
11114,100.0,6.25,673.859
11115,62.5,3.906,673.859
11116,66.5,4.156,673.859
11117,78.1,4.881,673.859
11118,100.0,6.25,673.859
11119,62.5,3.906,673.859
11120,50.0,3.125,673.859
11121,33.2,2.075,673.859
11122,28.7,1.794,673.859
11123,44.3,2.769,673.859
11124,37.5,2.344,673.859
11125,25.0,1.562,673.859
11126,37.5,2.344,673.859
11127,25.0,1.562,673.859
11128,12.5,0.781,673.859
11129,37.5,2.344,673.859
11130,62.5,3.906,673.859
11131,100.0,6.25,673.859
11132,87.5,5.469,673.859
11133,44.6,2.788,673.859
11134,99.4,6.213,673.859
11135,67.0,4.188,673.859
11136,87.5,5.469,673.859
11137,100.0,6.25,673.859
11138,100.0,6.25,673.859
11139,100.0,6.25,673.859
11140,87.5,5.469,673.859
11141,75.0,4.688,673.859
11142,100.0,6.25,689.859
11143,75.0,4.688,689.859
11144,55.4,3.462,689.859
11145,66.5,4.156,689.859
11146,33.5,2.094,689.859
11147,39.8,2.487,689.859
11148,37.5,2.344,689.859
11149,100.3,6.269,689.859
11150,87.5,5.469,689.859
11151,100.0,6.25,689.859
11152,66.5,4.156,689.859
11153,75.0,4.688,689.859
11154,50.0,3.125,689.859
11155,100.0,6.25,689.859
11156,87.5,5.469,689.859
11157,75.0,4.688,689.859
11158,100.0,6.25,689.859
11159,100.0,6.25,689.859
11160,78.1,4.881,689.859
11161,87.5,5.469,689.859
11162,112.5,7.031,689.859
11163,62.5,3.906,689.859
11164,75.0,4.688,689.859
11165,100.0,6.25,689.859
11166,77.6,4.85,689.859
11167,37.5,2.344,689.859
11168,44.6,2.788,689.859
11169,25.0,1.562,689.859
11170,11.1,0.694,689.859
11171,75.0,4.688,689.859
11172,75.0,4.688,689.859
11173,100.0,6.25,689.859
11174,100.0,6.25,689.859
11175,75.0,4.688,689.859
11176,75.0,4.688,689.859
11177,87.5,5.469,689.859
11178,62.5,3.906,689.859
11179,88.7,5.544,689.859
11180,37.5,2.344,689.859
11181,100.0,6.25,689.859
11182,112.5,7.031,689.859
11183,100.0,6.25,689.859
11184,100.0,6.25,689.859
11185,100.0,6.25,689.859
11186,100.0,6.25,689.859
11187,87.5,5.469,689.859
11188,78.1,4.881,689.859
11189,37.5,2.344,689.859
11190,37.5,2.344,689.859
11191,44.3,2.769,689.859
11192,62.5,3.906,689.859
11193,50.0,3.125,689.859
11194,75.0,4.688,689.859
11195,37.5,2.344,689.859
11196,87.5,5.469,689.859
11197,33.2,2.075,689.859
11198,62.5,3.906,689.859
11199,12.5,0.781,689.859
11200,62.5,3.906,689.859
11201,55.8,3.487,689.859
11202,14.2,0.887,689.859
11203,12.5,0.781,689.859
11204,55.8,3.487,689.859
11205,87.5,5.469,689.859
11206,100.0,6.25,689.859
11207,87.5,5.469,689.859
11208,112.5,7.031,689.859
11209,100.0,6.25,689.859
11210,100.0,6.25,689.859
11211,100.0,6.25,689.859
11212,100.0,6.25,689.859
11213,33.2,2.075,689.859
11214,44.6,2.788,689.859
11215,100.0,6.25,689.859
11216,49.8,3.112,689.859
11217,50.0,3.125,689.859
11218,33.5,2.094,689.859
11219,88.7,5.544,689.859
11220,100.0,6.25,689.859
11221,100.0,6.25,689.859
11222,55.4,3.462,689.859
11223,25.0,1.562,689.859
11224,62.5,3.906,689.859
11225,62.5,3.906,689.859
11226,25.0,1.562,689.859
11227,37.5,2.344,689.859
11228,12.5,0.781,689.859
11229,75.0,4.688,689.859
11230,100.0,6.25,689.859
11231,100.0,6.25,689.859
11232,100.0,6.25,689.859
11233,89.3,5.581,689.859
11234,100.0,6.25,689.859
11235,100.0,6.25,689.859
11236,75.0,4.688,689.859
11237,100.0,6.25,689.859
11238,100.0,6.25,689.859
11239,87.5,5.469,689.859
11240,62.5,3.906,689.859
11241,33.2,2.075,689.859
11242,50.0,3.125,689.859
11243,87.5,5.469,689.859
11244,100.0,6.25,689.859
11245,87.5,5.469,689.859
11246,87.5,5.469,689.859
11247,100.0,6.25,689.859
11248,100.0,6.25,689.859
11249,78.1,4.881,689.859
11250,75.0,4.688,689.859
11251,87.5,5.469,689.859
11252,75.0,4.688,689.859
11253,62.5,3.906,689.859
11254,100.0,6.25,689.859
11255,87.5,5.469,689.859
11256,100.0,6.25,689.859
11257,100.0,6.25,689.859
11258,87.5,5.469,689.859
11259,100.0,6.25,689.859
11260,100.0,6.25,689.859
11261,77.6,4.85,689.859
11262,25.0,1.562,689.859
11263,75.0,4.688,689.859
11264,62.5,3.906,689.859
11265,75.0,4.688,689.859
11266,75.0,4.688,689.859
11267,87.5,5.469,689.859
11268,50.0,3.125,689.859
11269,62.5,3.906,689.859
11270,100.0,6.25,689.859
11271,100.0,6.25,689.859
11272,44.3,2.769,689.859
11273,87.5,5.469,689.859
11274,62.5,3.906,689.859
11275,50.0,3.125,689.859
11276,75.0,4.688,689.859
11277,100.0,6.25,689.984
11278,62.5,3.906,690.156
11279,25.0,1.562,690.297
11280,62.5,3.906,690.477
11281,100.0,6.25,690.727
11282,67.0,4.188,690.871
11283,69.9,4.369,667.234
11284,70.1,4.381,674.859
11285,75.0,4.688,657.609
11286,50.0,3.125,657.609
11287,75.0,4.688,657.609
11288,44.3,2.769,657.609
11289,62.5,3.906,657.609
11290,33.5,2.094,657.609
11291,50.0,3.125,657.609
11292,62.5,3.906,659.613
11293,75.0,4.688,659.613
11294,75.0,4.688,659.613
11295,87.5,5.469,659.613
11296,87.5,5.469,659.613
11297,62.5,3.906,659.613
11298,100.0,6.25,659.613
11299,100.0,6.25,659.613
11300,77.6,4.85,659.613
11301,114.7,7.169,659.613
11302,77.6,4.85,659.613
11303,87.5,5.469,659.613
11304,62.5,3.906,659.613
11305,37.5,2.344,659.613
11306,50.0,3.125,659.613
11307,62.5,3.906,659.613
11308,50.0,3.125,659.613
11309,75.0,4.688,659.613
11310,87.5,5.469,659.613
11311,66.5,4.156,659.613
11312,50.0,3.125,661.613
11313,67.0,4.188,661.613
11314,37.5,2.344,661.613
11315,50.0,3.125,661.613
11316,75.0,4.688,661.613
11317,100.0,6.25,661.613
11318,112.5,7.031,661.613
11319,87.5,5.469,661.613
11320,100.0,6.25,661.613
11321,75.0,4.688,661.613
11322,100.0,6.25,661.613
11323,29.9,1.869,661.613
11324,41.8,2.612,661.613
11325,37.5,2.344,661.613
11326,40.1,2.506,661.613
11327,33.2,2.075,661.613
11328,57.3,3.581,661.613
11329,66.5,4.156,661.613
11330,77.6,4.85,661.613
11331,45.7,2.856,661.613
11332,44.3,2.769,661.613
11333,62.5,3.906,661.613
11334,62.5,3.906,661.613
11335,25.0,1.562,661.613
11336,50.0,3.125,661.613
11337,11.1,0.694,661.613
11338,25.0,1.562,661.613
11339,37.5,2.344,661.613
11340,50.0,3.125,661.613
11341,75.0,4.688,661.613
11342,87.5,5.469,665.613
11343,100.0,6.25,665.613
11344,87.5,5.469,665.613
11345,62.5,3.906,665.613
11346,87.5,5.469,665.613
11347,100.0,6.25,665.613
11348,100.0,6.25,665.613
11349,100.0,6.25,665.613
11350,100.0,6.25,665.613
11351,87.5,5.469,665.613
11352,100.0,6.25,665.613
11353,100.0,6.25,665.613
11354,100.0,6.25,665.613
11355,100.0,6.25,665.613
11356,100.0,6.25,665.613
11357,100.0,6.25,665.613
11358,78.1,4.881,665.613
11359,75.0,4.688,665.613
11360,25.0,1.562,665.613
11361,75.0,4.688,665.613
11362,75.0,4.688,665.613
11363,50.0,3.125,665.613
11364,50.0,3.125,665.613
11365,75.0,4.688,665.613
11366,50.0,3.125,665.613
11367,55.4,3.462,665.613
11368,75.0,4.688,665.613
11369,87.5,5.469,665.613
11370,87.5,5.469,665.613
11371,100.0,6.25,665.613
11372,100.0,6.25,665.613
11373,87.5,5.469,665.613
11374,75.0,4.688,665.613
11375,75.0,4.688,665.613
11376,75.0,4.688,665.613
11377,100.0,6.25,665.613
11378,100.0,6.25,665.613
11379,77.6,4.85,665.613
11380,62.5,3.906,665.613
11381,100.0,6.25,665.613
11382,100.0,6.25,665.613
11383,100.0,6.25,665.613
11384,22.3,1.394,665.613
11385,50.0,3.125,665.613
11386,62.5,3.906,665.613
11387,87.5,5.469,665.613
11388,75.0,4.688,665.613
11389,100.0,6.25,665.613
11390,87.5,5.469,665.613
11391,87.5,5.469,665.613
11392,87.5,5.469,673.613
11393,87.5,5.469,673.613
11394,87.5,5.469,673.613
11395,77.6,4.85,673.613
11396,62.5,3.906,673.613
11397,37.5,2.344,673.613
11398,37.5,2.344,673.613
11399,100.0,6.25,673.613
11400,87.5,5.469,673.613
11401,75.0,4.688,673.613
11402,75.0,4.688,673.613
11403,62.5,3.906,673.613
11404,50.0,3.125,673.613
11405,75.0,4.688,673.613
11406,50.0,3.125,673.613
11407,100.0,6.25,673.613
11408,87.5,5.469,673.613
11409,87.5,5.469,673.613
11410,62.5,3.906,673.613
11411,75.0,4.688,673.613
11412,75.0,4.688,673.613
11413,100.0,6.25,673.613
11414,100.0,6.25,673.613
11415,87.5,5.469,673.613
11416,87.5,5.469,673.613
11417,45.4,2.837,673.613
11418,50.0,3.125,673.613
11419,87.5,5.469,673.613
11420,62.5,3.906,673.613
11421,37.5,2.344,673.613
11422,89.3,5.581,673.613
11423,100.0,6.25,673.613
11424,100.0,6.25,673.613
11425,75.0,4.688,673.613
11426,87.5,5.469,673.613
11427,62.5,3.906,673.613
11428,87.5,5.469,673.613
11429,87.5,5.469,673.613
11430,66.5,4.156,673.613
11431,71.7,4.481,673.613
11432,87.5,5.469,673.613
11433,66.5,4.156,673.613
11434,12.5,0.781,673.613
11435,62.5,3.906,673.613
11436,44.3,2.769,673.613
11437,50.0,3.125,673.613
11438,75.0,4.688,673.613
11439,100.0,6.25,673.613
11440,75.0,4.688,673.613
11441,100.0,6.25,673.613
11442,100.0,6.25,673.613
11443,100.0,6.25,673.613
11444,100.0,6.25,673.613
11445,87.5,5.469,673.613
11446,100.0,6.25,673.613
11447,87.5,5.469,673.613
11448,100.0,6.25,673.613
11449,87.5,5.469,673.613
11450,87.5,5.469,673.613
11451,87.5,5.469,673.613
11452,100.0,6.25,673.613
11453,55.8,3.487,673.613
11454,71.0,4.438,673.613
11455,67.0,4.188,673.613
11456,99.4,6.213,673.613
11457,75.0,4.688,673.613
11458,50.0,3.125,673.613
11459,87.5,5.469,673.613
11460,100.0,6.25,673.613
11461,78.1,4.881,673.613
11462,75.0,4.688,673.613
11463,50.0,3.125,673.613
11464,62.5,3.906,673.613
11465,62.5,3.906,673.613
11466,62.5,3.906,673.613
11467,50.0,3.125,673.613
11468,62.5,3.906,673.613
11469,87.5,5.469,673.613
11470,75.0,4.688,673.613
11471,100.0,6.25,673.613
11472,100.0,6.25,673.625
11473,75.0,4.688,673.754
11474,75.0,4.688,673.859
11475,75.0,4.688,674.082
11476,87.5,5.469,674.379
11477,75.0,4.688,674.379
11478,75.0,4.688,674.379
11479,75.0,4.688,674.379
11480,44.3,2.769,674.379
11481,57.3,3.581,674.379
11482,62.5,3.906,674.379
11483,55.4,3.462,674.379
11484,100.0,6.25,674.379
11485,114.7,7.169,674.379
11486,87.5,5.469,674.379
11487,77.6,4.85,674.379
11488,100.3,6.269,674.379
11489,100.0,6.25,690.379
11490,87.5,5.469,690.379
11491,50.0,3.125,690.379
11492,77.6,4.85,690.379
11493,62.5,3.906,690.379
11494,37.5,2.344,690.379
11495,87.5,5.469,690.379
11496,87.5,5.469,690.379
11497,37.5,2.344,690.379
11498,50.0,3.125,690.379
11499,62.5,3.906,690.379
11500,100.0,6.25,690.379
11501,62.5,3.906,690.379
11502,50.0,3.125,690.379
11503,87.5,5.469,690.379
11504,62.5,3.906,690.379
11505,75.0,4.688,690.379
11506,62.5,3.906,690.379
11507,62.5,3.906,690.379
11508,87.5,5.469,690.379
11509,62.5,3.906,690.379
11510,62.5,3.906,690.379
11511,75.0,4.688,690.379
11512,100.0,6.25,690.379
11513,87.5,5.469,690.379
11514,87.5,5.469,690.379
11515,33.5,2.094,690.379
11516,7.7,0.481,690.379
11517,22.3,1.394,690.379
11518,87.5,5.469,690.379
11519,100.0,6.25,690.379
11520,112.5,7.031,690.379
11521,87.5,5.469,690.379
11522,75.0,4.688,690.379
11523,100.0,6.25,690.379
11524,87.5,5.469,690.379
11525,87.5,5.469,690.379
11526,50.0,3.125,690.379
11527,75.0,4.688,690.379
11528,100.0,6.25,690.379
11529,62.5,3.906,690.379
11530,22.2,1.387,690.379
11531,25.0,1.562,690.379
11532,100.0,6.25,690.379
11533,100.0,6.25,690.379
11534,55.8,3.487,690.379
11535,75.0,4.688,690.379
11536,75.0,4.688,690.379
11537,87.5,5.469,690.379
11538,87.5,5.469,690.379
11539,87.5,5.469,690.379
11540,100.0,6.25,690.379
11541,100.0,6.25,690.379
11542,88.7,5.544,690.379
11543,114.7,7.169,690.379
11544,100.0,6.25,690.379
11545,66.5,4.156,690.379
11546,100.3,6.269,690.379
11547,55.4,3.462,690.379
11548,86.0,5.375,690.379
11549,75.0,4.688,690.379
11550,100.0,6.25,690.379
11551,88.7,5.544,690.379
11552,86.0,5.375,690.379
11553,55.4,3.462,690.379
11554,62.5,3.906,690.379
11555,37.5,2.344,690.379
11556,37.5,2.344,690.379
11557,25.0,1.562,690.379
11558,33.2,2.075,690.379
11559,28.7,1.794,690.379
11560,66.5,4.156,690.379
11561,37.5,2.344,690.379
11562,25.0,1.562,690.379
11563,37.5,2.344,690.379
11564,50.1,3.131,690.379
11565,71.7,4.481,690.379
11566,88.7,5.544,690.379
11567,75.0,4.688,690.379
11568,75.0,4.688,690.379
11569,62.5,3.906,690.379
11570,87.5,5.469,690.379
11571,100.0,6.25,690.379
11572,37.5,2.344,690.379
11573,100.0,6.25,690.379
11574,66.5,4.156,690.379
11575,37.5,2.344,690.379
11576,37.5,2.344,690.379
11577,87.5,5.469,690.379
11578,100.0,6.25,690.379
11579,89.3,5.581,690.379
11580,56.8,3.55,690.379
11581,87.5,5.469,690.379
11582,100.0,6.25,690.379
11583,89.3,5.581,690.379
11584,87.5,5.469,690.379
11585,87.5,5.469,690.379
11586,75.0,4.688,690.379
11587,87.5,5.469,690.379
11588,100.0,6.25,690.379
11589,100.0,6.25,690.379
11590,100.0,6.25,690.379
11591,100.0,6.25,690.379
11592,100.0,6.25,690.379
11593,99.7,6.231,690.379
11594,75.0,4.688,690.379
11595,112.5,7.031,690.379
11596,100.0,6.25,690.379
11597,100.0,6.25,690.379
11598,100.0,6.25,690.379
11599,100.0,6.25,690.379
11600,78.1,4.881,690.379
11601,87.5,5.469,690.379
11602,100.0,6.25,690.754
11603,87.5,5.469,691.098
11604,100.0,6.25,691.496
11605,95.5,5.969,667.262
11606,99.4,6.213,659.637
11607,14.3,0.894,659.742
11608,0.0,0.0,659.742
11609,0.0,0.0,659.742
11610,0.0,0.0,659.742
11611,0.0,0.0,659.742
11612,0.0,0.0,659.742
11613,0.0,0.0,659.742
11614,0.0,0.0,659.742
11615,0.0,0.0,659.742
11616,0.0,0.0,659.742
11617,0.0,0.0,659.742
11618,25.0,1.562,660.055
11619,71.7,4.481,657.34
11620,0.0,0.0,657.34
11621,0.0,0.0,657.348
11622,0.0,0.0,657.348
11623,0.0,0.0,657.348
11624,0.0,0.0,657.348
11625,0.0,0.0,657.348
11626,0.0,0.0,657.348
11627,0.0,0.0,657.348
11628,0.0,0.0,657.348
11629,0.0,0.0,657.348
11630,0.0,0.0,657.348
11631,0.0,0.0,657.348
11632,0.0,0.0,657.348
11633,0.0,0.0,657.348
11634,0.0,0.0,657.402
11635,62.5,3.906,658.605
11636,100.0,6.25,659.105
11637,100.0,6.25,659.105
11638,75.0,4.688,659.105
11639,87.5,5.469,661.109
11640,87.5,5.469,661.109
11641,77.6,4.85,661.109
11642,100.0,6.25,661.109
11643,100.0,6.25,661.109
11644,100.0,6.25,661.109
11645,100.0,6.25,661.109
11646,100.0,6.25,661.109
11647,100.0,6.25,661.109
11648,100.0,6.25,661.109
11649,87.5,5.469,663.109
11650,100.0,6.25,663.109
11651,88.7,5.544,663.113
11652,100.0,6.25,663.113
11653,100.0,6.25,663.113
11654,87.5,5.469,663.113
11655,100.0,6.25,663.113
11656,100.0,6.25,663.113
11657,87.5,5.469,663.113
11658,100.0,6.25,663.113
11659,87.5,5.469,663.113
11660,100.0,6.25,663.113
11661,87.5,5.469,663.113
11662,100.0,6.25,663.113
11663,100.0,6.25,667.113
11664,100.0,6.25,667.113
11665,100.0,6.25,667.113
11666,78.1,4.881,667.113
11667,87.5,5.469,667.113
11668,100.0,6.25,667.113
11669,100.0,6.25,667.113
11670,100.0,6.25,667.113
11671,100.0,6.25,667.113
11672,100.0,6.25,667.113
11673,100.0,6.25,667.113
11674,100.0,6.25,667.113
11675,100.0,6.25,667.113
11676,87.5,5.469,667.113
11677,100.0,6.25,667.113
11678,100.0,6.25,667.113
11679,87.5,5.469,667.113
11680,100.0,6.25,667.113
11681,87.5,5.469,667.113
11682,50.0,3.125,667.113
11683,87.5,5.469,667.113
11684,87.5,5.469,667.113
11685,100.0,6.25,667.113
11686,87.5,5.469,667.113
11687,75.0,4.688,667.113
11688,87.5,5.469,667.113
11689,87.5,5.469,667.113
11690,100.0,6.25,667.113
11691,75.0,4.688,667.113
11692,87.5,5.469,667.113
11693,87.5,5.469,667.113
11694,87.5,5.469,675.113
11695,100.0,6.25,675.113
11696,87.5,5.469,675.113
11697,75.0,4.688,675.113
11698,100.0,6.25,675.113
11699,87.5,5.469,675.117
11700,22.2,1.387,675.117
11701,57.3,3.581,675.117
11702,66.5,4.156,675.117
11703,37.5,2.344,675.117
11704,75.0,4.688,675.117
11705,89.3,5.581,675.117
11706,87.5,5.469,675.117
11707,100.0,6.25,675.117
11708,75.0,4.688,675.117
11709,100.0,6.25,675.117
11710,87.5,5.469,675.117
11711,100.0,6.25,675.117
11712,100.0,6.25,675.117
11713,100.0,6.25,675.117
11714,87.5,5.469,675.117
11715,87.5,5.469,675.117
11716,100.0,6.25,675.117
11717,62.5,3.906,675.117
11718,100.0,6.25,675.117
11719,100.0,6.25,675.117
11720,87.5,5.469,675.117
11721,87.5,5.469,675.117
11722,77.6,4.85,675.117
11723,50.0,3.125,675.117
11724,100.0,6.25,675.117
11725,100.0,6.25,675.117
11726,87.5,5.469,675.117
11727,100.0,6.25,675.117
11728,87.5,5.469,675.117
11729,100.0,6.25,675.117
11730,100.0,6.25,675.117
11731,100.0,6.25,675.117
11732,100.0,6.25,675.117
11733,100.0,6.25,675.117
11734,100.0,6.25,675.117
11735,87.5,5.469,675.117
11736,87.5,5.469,675.117
11737,100.0,6.25,675.117
11738,100.0,6.25,675.117
11739,100.0,6.25,675.117
11740,100.0,6.25,675.117
11741,87.5,5.469,675.117
11742,100.0,6.25,675.117
11743,88.7,5.544,675.117
11744,100.0,6.25,675.117
11745,100.0,6.25,675.117
11746,100.0,6.25,675.117
11747,100.0,6.25,675.117
11748,100.0,6.25,675.117
11749,75.0,4.688,675.117
11750,75.0,4.688,675.117
11751,100.0,6.25,675.117
11752,100.0,6.25,675.117
11753,100.0,6.25,675.117
11754,100.0,6.25,675.117
11755,87.5,5.469,675.117
11756,87.5,5.469,675.117
11757,100.0,6.25,675.117
11758,100.0,6.25,675.117
11759,87.5,5.469,675.117
11760,87.5,5.469,675.117
11761,100.0,6.25,675.117
11762,100.0,6.25,691.117
11763,100.0,6.25,691.121
11764,100.0,6.25,691.121
11765,100.0,6.25,691.121
11766,100.0,6.25,691.121
11767,89.3,5.581,691.121
11768,113.6,7.1,691.121
11769,100.0,6.25,691.121
11770,87.5,5.469,691.121
11771,100.0,6.25,691.121
11772,87.5,5.469,691.121
11773,100.0,6.25,691.121
11774,75.0,4.688,691.121
11775,100.0,6.25,691.121
11776,100.0,6.25,691.121
11777,62.5,3.906,691.121
11778,75.0,4.688,691.121
11779,75.0,4.688,691.121
11780,78.1,4.881,691.121
11781,85.2,5.325,691.121
11782,33.5,2.094,691.121
11783,113.6,7.1,691.121
11784,89.3,5.581,691.121
11785,100.0,6.25,691.121
11786,87.5,5.469,691.121
11787,100.0,6.25,691.121
11788,87.5,5.469,691.121
11789,37.5,2.344,691.121
11790,62.5,3.906,691.121
11791,75.0,4.688,691.121
11792,100.0,6.25,691.121
11793,100.0,6.25,691.121
11794,87.5,5.469,691.121
11795,100.0,6.25,691.121
11796,100.0,6.25,691.121
11797,100.0,6.25,691.121
11798,100.0,6.25,691.121
11799,87.5,5.469,691.121
11800,87.5,5.469,691.121
11801,37.5,2.344,691.121
11802,87.5,5.469,691.121
11803,87.5,5.469,691.121
11804,100.0,6.25,691.121
11805,87.5,5.469,691.121
11806,100.0,6.25,691.121
11807,87.5,5.469,691.121
11808,87.5,5.469,691.121
11809,100.0,6.25,691.121
11810,100.0,6.25,691.121
11811,87.5,5.469,691.121
11812,75.0,4.688,691.121
11813,75.0,4.688,691.121
11814,87.5,5.469,691.121
11815,75.0,4.688,691.121
11816,62.5,3.906,691.121
11817,75.0,4.688,691.121
11818,75.0,4.688,691.121
11819,75.0,4.688,691.121
11820,44.3,2.769,691.121
11821,86.0,5.375,691.121
11822,87.5,5.469,691.121
11823,75.0,4.688,691.121
11824,87.5,5.469,691.121
11825,87.5,5.469,691.121
11826,100.0,6.25,691.121
11827,100.0,6.25,691.121
11828,100.0,6.25,691.121
11829,100.0,6.25,691.121
11830,100.0,6.25,691.121
11831,100.0,6.25,691.121
11832,100.0,6.25,691.32
11833,88.7,5.544,691.734
11834,87.5,5.469,692.125
11835,100.0,6.25,692.379
11836,100.0,6.25,692.758
11837,87.5,5.469,693.152
11838,87.5,5.469,693.453
11839,87.5,5.469,693.68
11840,97.2,6.075,670.336
11841,88.7,5.544,662.711
11842,14.3,0.894,662.723
11843,14.3,0.894,662.727
11844,0.0,0.0,662.727
11845,0.0,0.0,662.727
11846,0.0,0.0,662.727
11847,0.0,0.0,662.727
11848,0.0,0.0,662.727
11849,0.0,0.0,662.727
11850,0.0,0.0,662.727
11851,0.0,0.0,662.727
11852,0.0,0.0,662.727
11853,14.2,0.887,662.734
11854,14.3,0.894,662.734
11855,0.0,0.0,662.734
11856,0.0,0.0,662.734
11857,50.0,3.125,662.734
11858,100.0,6.25,662.734
11859,100.0,6.25,662.734
11860,100.0,6.25,664.738
11861,100.0,6.25,664.738
11862,100.0,6.25,664.738
11863,100.0,6.25,664.738
11864,100.0,6.25,664.738
11865,100.0,6.25,664.738
11866,100.0,6.25,664.738
11867,100.0,6.25,664.738
11868,87.5,5.469,664.738
11869,100.0,6.25,664.738
11870,100.0,6.25,666.738
11871,100.0,6.25,666.738
11872,100.0,6.25,666.738
11873,100.0,6.25,666.738
11874,100.0,6.25,666.738
11875,100.0,6.25,666.738
11876,100.0,6.25,666.738
11877,100.0,6.25,666.738
11878,100.0,6.25,666.738
11879,87.5,5.469,666.738
11880,100.0,6.25,666.738
11881,100.0,6.25,666.738
11882,100.0,6.25,666.738
11883,100.0,6.25,670.738
11884,100.0,6.25,670.863
11885,100.0,6.25,670.863
11886,87.5,5.469,670.863
11887,87.5,5.469,670.863
11888,87.5,5.469,670.863
11889,33.5,2.094,670.863
11890,75.0,4.688,670.863
11891,87.5,5.469,670.863
11892,100.0,6.25,670.863
11893,62.5,3.906,670.863
11894,87.5,5.469,670.863
11895,77.6,4.85,670.863
11896,86.0,5.375,670.863
11897,75.0,4.688,670.863
11898,62.5,3.906,670.863
11899,100.0,6.25,670.863
11900,88.7,5.544,670.863
11901,100.0,6.25,670.863
11902,50.0,3.125,670.863
11903,112.5,7.031,670.863
11904,100.0,6.25,670.863
11905,100.0,6.25,670.863
11906,62.5,3.906,670.863
11907,50.0,3.125,670.863
11908,87.5,5.469,670.863
11909,88.7,5.544,670.863
11910,86.0,5.375,670.863
11911,88.7,5.544,670.863
11912,50.0,3.125,670.863
11913,87.5,5.469,670.863
11914,62.5,3.906,670.863
11915,100.0,6.25,670.863
11916,89.3,5.581,670.863
11917,87.5,5.469,670.863
11918,33.2,2.075,670.863
11919,87.5,5.469,670.863
11920,87.5,5.469,670.863
11921,86.0,5.375,678.863
11922,50.0,3.125,678.863
11923,99.4,6.213,678.863
11924,86.0,5.375,678.863
11925,88.7,5.544,678.863
11926,100.3,6.269,678.863
11927,75.0,4.688,678.863
11928,75.0,4.688,678.867
11929,112.5,7.031,678.867
11930,86.0,5.375,678.867
11931,50.0,3.125,678.867
11932,113.6,7.1,678.867
11933,87.5,5.469,678.867
11934,87.5,5.469,678.867
11935,114.7,7.169,678.867
11936,99.4,6.213,678.867
11937,87.5,5.469,678.867
11938,62.5,3.906,678.867
11939,75.0,4.688,678.867
11940,62.5,3.906,678.867
11941,100.0,6.25,678.867
11942,100.3,6.269,678.867
11943,100.0,6.25,678.867
11944,87.5,5.469,678.867
11945,100.3,6.269,678.867
11946,87.5,5.469,678.867
11947,87.5,5.469,678.867
11948,113.6,7.1,678.867
11949,100.3,6.269,678.867
11950,100.0,6.25,678.867
11951,87.5,5.469,678.867
11952,112.5,7.031,678.867
11953,86.0,5.375,678.867
11954,87.5,5.469,678.867
11955,99.4,6.213,678.867
11956,100.3,6.269,678.867
11957,87.5,5.469,678.867
11958,99.4,6.213,678.867
11959,87.5,5.469,678.867
11960,75.0,4.688,678.867
11961,87.5,5.469,694.867
11962,100.3,6.269,694.867
11963,87.5,5.469,694.867
11964,62.5,3.906,694.867
11965,100.3,6.269,694.867
11966,87.5,5.469,694.867
11967,88.7,5.544,694.867
11968,100.3,6.269,694.867
11969,75.0,4.688,694.867
11970,113.6,7.1,694.867
11971,78.1,4.881,694.867
11972,113.6,7.1,694.867
11973,75.0,4.688,694.867
11974,100.0,6.25,694.867
11975,114.7,7.169,694.867
11976,100.0,6.25,694.867
11977,86.0,5.375,694.961
11978,85.2,5.325,694.961
11979,86.0,5.375,694.961
11980,100.0,6.25,694.961
11981,87.5,5.469,694.961
11982,85.2,5.325,694.961
11983,114.7,7.169,694.961
11984,100.3,6.269,694.961
11985,87.5,5.469,694.961
11986,99.4,6.213,694.961
11987,75.0,4.688,694.961
11988,100.3,6.269,694.961
11989,86.0,5.375,694.961
11990,85.2,5.325,694.961
11991,87.5,5.469,694.961
11992,87.5,5.469,694.961
11993,100.3,6.269,694.961
11994,100.0,6.25,694.961
11995,100.0,6.25,694.961
11996,88.7,5.544,694.961
11997,100.0,6.25,694.965
11998,87.5,5.469,694.965
11999,87.5,5.469,694.965
12000,100.0,6.25,694.965
12001,87.5,5.469,694.965
12002,92.6,5.787,670.703
12003,86.0,5.375,663.078
12004,14.3,0.894,663.086
12005,0.0,0.0,663.129
12006,0.0,0.0,663.129
12007,0.0,0.0,663.129
12008,14.3,0.894,663.367
12009,14.2,0.887,663.395
12010,0.0,0.0,663.395
12011,0.0,0.0,663.395
12012,0.0,0.0,663.395
12013,0.0,0.0,663.395
12014,0.0,0.0,663.395
12015,0.0,0.0,663.395
12016,0.0,0.0,663.395
12017,0.0,0.0,663.395
12018,0.0,0.0,663.395
12019,0.0,0.0,663.395
12020,0.0,0.0,663.395
12021,0.0,0.0,663.395
12022,0.0,0.0,663.395
12023,0.0,0.0,663.395
12024,0.0,0.0,663.395
12025,0.0,0.0,663.395
12026,14.3,0.894,663.395
12027,0.0,0.0,663.398
12028,0.0,0.0,663.41
12029,0.0,0.0,663.41
12030,0.0,0.0,663.41
12031,0.0,0.0,663.41
12032,0.0,0.0,663.414
12033,0.0,0.0,663.414
12034,0.0,0.0,663.414
12035,0.0,0.0,663.414
12036,0.0,0.0,663.414
12037,0.0,0.0,663.418
12038,0.0,0.0,663.418
12039,0.0,0.0,663.418
12040,0.0,0.0,663.418
12041,0.0,0.0,663.418
12042,0.0,0.0,663.426
12043,0.0,0.0,663.426
12044,0.0,0.0,663.426
12045,0.0,0.0,663.43
12046,0.0,0.0,663.43
12047,0.0,0.0,663.43
12048,0.0,0.0,663.43
12049,0.0,0.0,663.438
12050,0.0,0.0,663.438
12051,0.0,0.0,663.438
12052,0.0,0.0,663.438
12053,0.0,0.0,663.438
12054,0.0,0.0,663.438
12055,0.0,0.0,663.438
12056,0.0,0.0,663.438
12057,0.0,0.0,663.438
12058,0.0,0.0,663.438
12059,43.0,2.688,665.219
12060,12.5,0.781,665.223
12061,0.0,0.0,665.223
12062,0.0,0.0,665.223
12063,0.0,0.0,665.242
12064,14.2,0.887,665.426
12065,0.0,0.0,665.445
12066,0.0,0.0,665.445
12067,0.0,0.0,665.641
12068,14.3,0.894,665.801
12069,62.5,3.906,667.785
12070,100.0,6.25,667.785
12071,100.0,6.25,669.789
12072,100.0,6.25,669.789
12073,75.0,4.688,669.789
12074,100.0,6.25,669.789
12075,100.0,6.25,669.789
12076,100.0,6.25,669.789
12077,88.7,5.544,671.789
12078,100.0,6.25,671.789
12079,62.5,3.906,671.789
12080,112.5,7.031,671.789
12081,87.5,5.469,671.789
12082,87.5,5.469,671.789
12083,100.0,6.25,671.789
12084,87.5,5.469,675.789
12085,75.0,4.688,675.789
12086,89.3,5.581,675.789
12087,100.0,6.25,675.789
12088,66.5,4.156,675.789
12089,100.0,6.25,675.789
12090,100.0,6.25,675.789
12091,100.0,6.25,675.789
12092,100.0,6.25,675.789
12093,100.0,6.25,675.789
12094,100.0,6.25,675.789
12095,100.0,6.25,675.789
12096,89.3,5.581,675.789
12097,100.0,6.25,675.789
12098,100.0,6.25,675.789
12099,100.0,6.25,675.789
12100,100.0,6.25,683.789
12101,100.0,6.25,683.789
12102,100.0,6.25,683.789
12103,87.5,5.469,683.789
12104,100.0,6.25,683.789
12105,100.0,6.25,683.789
12106,75.0,4.688,683.789
12107,100.0,6.25,683.789
12108,88.7,5.544,683.789
12109,87.5,5.469,683.789
12110,100.0,6.25,683.789
12111,100.0,6.25,683.789
12112,112.5,7.031,683.789
12113,75.0,4.688,683.789
12114,88.7,5.544,683.789
12115,100.0,6.25,683.789
12116,100.0,6.25,683.789
12117,100.0,6.25,683.789
12118,89.3,5.581,683.789
12119,100.0,6.25,683.789
12120,112.5,7.031,683.789
12121,87.5,5.469,683.789
12122,100.0,6.25,683.789
12123,100.0,6.25,683.789
12124,100.0,6.25,683.789
12125,75.0,4.688,683.789
12126,100.0,6.25,683.789
12127,87.5,5.469,683.789
12128,87.5,5.469,683.789
12129,77.6,4.85,683.789
12130,100.0,6.25,699.789
12131,100.0,6.25,699.789
12132,100.0,6.25,699.789
12133,87.5,5.469,699.789
12134,100.0,6.25,699.789
12135,100.0,6.25,699.789
12136,100.0,6.25,699.789
12137,100.0,6.25,699.789
12138,88.7,5.544,699.789
12139,100.0,6.25,699.789
12140,112.5,7.031,699.789
12141,100.0,6.25,699.789
12142,100.0,6.25,699.789
12143,100.0,6.25,699.789
12144,100.0,6.25,699.789
12145,100.0,6.25,699.789
12146,100.0,6.25,699.789
12147,89.3,5.581,699.789
12148,100.0,6.25,699.789
12149,100.0,6.25,699.789
12150,100.0,6.25,699.789
12151,87.5,5.469,699.789
12152,100.0,6.25,699.789
12153,100.0,6.25,699.789
12154,100.0,6.25,699.789
12155,87.5,5.469,699.789
12156,100.0,6.25,699.789
12157,100.0,6.25,699.789
12158,100.0,6.25,699.789
12159,100.0,6.25,699.789
12160,100.0,6.25,699.789
12161,100.0,6.25,699.789
12162,87.5,5.469,699.789
12163,100.0,6.25,699.789
12164,100.0,6.25,699.934
12165,100.0,6.25,700.664
12166,98.1,6.131,676.633
12167,100.0,6.25,669.008
12168,14.2,0.887,669.008
12169,0.0,0.0,669.008
12170,0.0,0.0,669.008
12171,0.0,0.0,669.008
12172,0.0,0.0,669.008
12173,0.0,0.0,669.012
12174,16.8,1.05,669.305
12175,0.0,0.0,669.305
12176,0.0,0.0,669.305
12177,0.0,0.0,669.305
12178,0.0,0.0,669.305
12179,50.0,3.125,667.902
12180,113.6,7.1,667.906
12181,78.1,4.881,669.91
12182,100.0,6.25,669.91
12183,100.0,6.25,669.91
12184,100.0,6.25,669.91
12185,87.5,5.469,669.91
12186,100.0,6.25,669.91
12187,100.0,6.25,671.91
12188,112.5,7.031,671.91
12189,100.0,6.25,671.91
12190,87.5,5.469,671.91
12191,75.0,4.688,671.91
12192,87.5,5.469,671.91
12193,100.0,6.25,671.91
12194,75.0,4.688,671.91
12195,100.0,6.25,675.91
12196,87.5,5.469,675.91
12197,100.0,6.25,675.91
12198,100.0,6.25,675.91
12199,100.0,6.25,675.91
12200,87.5,5.469,675.91
12201,100.0,6.25,675.91
12202,100.0,6.25,675.91
12203,100.0,6.25,675.91
12204,100.0,6.25,675.91
12205,100.0,6.25,675.91
12206,100.0,6.25,675.91
12207,88.7,5.544,675.91
12208,100.0,6.25,675.91
12209,100.0,6.25,675.91
12210,75.0,4.688,683.91
12211,112.5,7.031,683.91
12212,87.5,5.469,683.91
12213,100.0,6.25,683.91
12214,100.0,6.25,683.91
12215,87.5,5.469,683.91
12216,100.0,6.25,683.91
12217,100.0,6.25,683.91
12218,100.0,6.25,683.91
12219,100.0,6.25,683.91
12220,100.0,6.25,683.91
12221,100.0,6.25,683.91
12222,87.5,5.469,683.91
12223,100.0,6.25,683.91
12224,100.0,6.25,683.91
12225,100.0,6.25,683.91
12226,87.5,5.469,683.91
12227,100.0,6.25,683.91
12228,100.0,6.25,683.91
12229,87.5,5.469,683.91
12230,50.0,3.125,683.91
12231,112.5,7.031,683.91
12232,100.0,6.25,683.91
12233,100.0,6.25,683.91
12234,100.0,6.25,683.91
12235,87.5,5.469,683.91
12236,87.5,5.469,683.91
12237,100.0,6.25,683.91
12238,100.0,6.25,683.91
12239,100.0,6.25,683.91
12240,87.5,5.469,683.91
12241,100.0,6.25,699.91
12242,100.0,6.25,699.91
12243,100.0,6.25,699.91
12244,100.0,6.25,699.91
12245,100.0,6.25,699.91
12246,100.0,6.25,699.91
12247,100.0,6.25,699.91
12248,100.0,6.25,699.91
12249,100.0,6.25,699.91
12250,100.0,6.25,699.91
12251,88.7,5.544,699.91
12252,100.0,6.25,699.91
12253,100.0,6.25,699.91
12254,100.0,6.25,699.91
12255,100.0,6.25,699.91
12256,112.5,7.031,699.91
12257,87.5,5.469,699.91
12258,112.5,7.031,699.91
12259,87.5,5.469,699.91
12260,100.0,6.25,699.91
12261,100.0,6.25,699.91
12262,89.3,5.581,699.91
12263,100.0,6.25,699.91
12264,87.5,5.469,699.91
12265,100.0,6.25,699.91
12266,87.5,5.469,699.91
12267,100.0,6.25,699.91
12268,100.0,6.25,699.91
12269,100.0,6.25,699.91
12270,87.5,5.469,699.91
12271,100.0,6.25,699.91
12272,87.5,5.469,699.91
12273,100.0,6.25,699.91
12274,100.0,6.25,699.91
12275,100.0,6.25,699.91
12276,100.0,6.25,700.336
12277,100.0,6.25,701.035
12278,99.9,6.244,677.922
12279,67.2,4.2,670.297
12280,14.2,0.887,670.285
12281,0.0,0.0,670.285
12282,0.0,0.0,670.285
12283,0.0,0.0,670.285
12284,0.0,0.0,670.285
12285,0.0,0.0,670.285
12286,0.0,0.0,670.285
12287,0.0,0.0,670.285
12288,0.0,0.0,670.285
12289,0.0,0.0,670.285
12290,0.0,0.0,670.285
12291,0.0,0.0,670.285
12292,0.0,0.0,670.285
12293,0.0,0.0,670.281
12294,0.0,0.0,670.281
12295,0.0,0.0,670.281
12296,56.8,3.55,666.574
12297,14.3,0.894,666.602
12298,0.0,0.0,666.602
12299,0.0,0.0,666.602
12300,0.0,0.0,666.602
12301,0.0,0.0,666.602
12302,0.0,0.0,666.602
12303,0.0,0.0,666.602
12304,0.0,0.0,666.602
12305,0.0,0.0,666.602
12306,0.0,0.0,666.602
12307,0.0,0.0,666.617
12308,0.0,0.0,666.656
12309,0.0,0.0,666.656
12310,0.0,0.0,666.656
12311,14.3,0.894,666.672
12312,0.0,0.0,666.672
12313,0.0,0.0,666.672
12314,90.8,5.675,668.648
12315,89.3,5.581,662.457
12316,100.0,6.25,662.457
12317,100.0,6.25,664.461
12318,100.0,6.25,664.465
12319,100.0,6.25,664.465
12320,100.0,6.25,664.465
12321,112.5,7.031,664.465
12322,87.5,5.469,666.465
12323,100.0,6.25,666.465
12324,100.0,6.25,666.465
12325,100.0,6.25,666.465
12326,100.0,6.25,666.465
12327,100.0,6.25,666.465
12328,112.5,7.031,666.465
12329,100.0,6.25,666.465
12330,100.0,6.25,670.465
12331,100.0,6.25,670.465
12332,100.0,6.25,670.465
12333,100.0,6.25,670.465
12334,100.0,6.25,670.465
12335,100.0,6.25,670.465
12336,100.0,6.25,670.465
12337,87.5,5.469,670.465
12338,100.0,6.25,670.465
12339,100.0,6.25,670.465
12340,100.0,6.25,670.465
12341,100.0,6.25,670.465
12342,100.0,6.25,670.465
12343,100.0,6.25,670.465
12344,100.0,6.25,670.465
12345,88.7,5.544,678.465
12346,114.7,7.169,678.465
12347,88.7,5.544,678.465
12348,100.0,6.25,678.465
12349,87.5,5.469,678.465
12350,114.7,7.169,678.465
12351,88.7,5.544,678.465
12352,100.0,6.25,678.465
12353,112.5,7.031,678.465
12354,87.5,5.469,678.465
12355,75.0,4.688,678.465
12356,112.5,7.031,678.465
12357,87.5,5.469,678.465
12358,100.0,6.25,678.465
12359,112.5,7.031,678.465
12360,75.0,4.688,678.465
12361,88.7,5.544,678.465
12362,114.7,7.169,678.465
12363,100.0,6.25,678.465
12364,100.0,6.25,678.465
12365,100.0,6.25,678.465
12366,100.0,6.25,678.465
12367,100.0,6.25,678.465
12368,77.6,4.85,678.465
12369,112.5,7.031,678.465
12370,87.5,5.469,678.465
12371,100.0,6.25,678.465
12372,100.0,6.25,678.465
12373,87.5,5.469,678.465
12374,100.0,6.25,678.465
12375,100.0,6.25,678.465
12376,100.0,6.25,694.465
12377,100.0,6.25,694.465
12378,100.0,6.25,694.465
12379,100.0,6.25,694.465
12380,100.0,6.25,694.465
12381,100.0,6.25,694.465
12382,100.0,6.25,694.465
12383,100.0,6.25,694.465
12384,100.0,6.25,694.465
12385,89.3,5.581,694.465
12386,100.0,6.25,694.465
12387,87.5,5.469,694.465
12388,100.0,6.25,694.465
12389,100.0,6.25,694.465
12390,75.0,4.688,694.465
12391,100.0,6.25,694.465
12392,113.6,7.1,694.465
12393,100.0,6.25,694.465
12394,100.0,6.25,694.465
12395,89.3,5.581,694.465
12396,100.0,6.25,694.465
12397,100.0,6.25,694.465
12398,100.0,6.25,694.465
12399,100.0,6.25,694.465
12400,100.0,6.25,694.465
12401,88.7,5.544,694.465
12402,114.7,7.169,694.465
12403,88.7,5.544,694.465
12404,112.5,7.031,694.465
12405,100.0,6.25,694.465
12406,87.5,5.469,694.465
12407,100.0,6.25,694.465
12408,90.1,5.631,694.465
12409,100.0,6.25,694.465
12410,100.0,6.25,694.465
12411,94.2,5.888,669.891
12412,100.3,6.269,662.266
12413,28.7,1.794,662.414
12414,0.0,0.0,662.418
12415,0.0,0.0,662.418
12416,22.2,1.387,666.48
12417,84.0,5.25,662.766
12418,12.5,0.781,662.789
12419,0.0,0.0,662.789
12420,14.3,0.894,663.156
12421,100.0,6.25,664.594
12422,87.5,5.469,664.594
12423,100.0,6.25,666.598
12424,100.0,6.25,666.598
12425,100.0,6.25,666.598
12426,100.0,6.25,666.598
12427,88.7,5.544,666.598
12428,100.0,6.25,666.598
12429,87.5,5.469,668.598
12430,112.5,7.031,668.598
12431,100.0,6.25,668.598
12432,100.0,6.25,668.598
12433,100.0,6.25,668.598
12434,100.0,6.25,668.598
12435,89.3,5.581,668.598
12436,100.0,6.25,672.598
12437,87.5,5.469,672.598
12438,87.5,5.469,672.598
12439,100.0,6.25,672.598
12440,100.0,6.25,672.598
12441,100.0,6.25,672.598
12442,100.0,6.25,672.598
12443,88.7,5.544,672.598
12444,100.0,6.25,672.598
12445,100.0,6.25,672.598
12446,100.0,6.25,672.598
12447,100.0,6.25,672.598
12448,87.5,5.469,672.598
12449,99.7,6.231,672.598
12450,112.5,7.031,672.598
12451,100.0,6.25,672.598
12452,100.0,6.25,680.598
12453,100.0,6.25,680.598
12454,87.5,5.469,680.598
12455,89.3,5.581,680.598
12456,100.0,6.25,680.598
12457,75.0,4.688,680.598
12458,100.0,6.25,680.598
12459,100.0,6.25,680.598
12460,100.0,6.25,680.598
12461,100.0,6.25,680.598
12462,100.0,6.25,680.598
12463,88.7,5.544,680.598
12464,100.0,6.25,680.598
12465,112.5,7.031,680.598
12466,100.0,6.25,680.598
12467,100.0,6.25,680.598
12468,100.0,6.25,680.598
12469,100.0,6.25,680.598
12470,100.0,6.25,680.598
12471,88.7,5.544,680.598
12472,100.0,6.25,680.598
12473,100.0,6.25,680.598
12474,112.5,7.031,680.598
12475,100.0,6.25,680.598
12476,100.0,6.25,680.598
12477,100.0,6.25,680.598
12478,100.0,6.25,680.598
12479,89.3,5.581,680.598
12480,87.5,5.469,680.598
12481,100.0,6.25,680.598
12482,100.0,6.25,680.598
12483,100.0,6.25,680.598
12484,100.0,6.25,696.598
12485,88.7,5.544,696.598
12486,100.0,6.25,696.598
12487,100.0,6.25,696.598
12488,112.5,7.031,696.598
12489,100.0,6.25,696.598
12490,100.0,6.25,696.598
12491,100.0,6.25,696.598
12492,100.0,6.25,696.598
12493,87.5,5.469,696.598
12494,89.3,5.581,696.598
12495,100.0,6.25,696.598
12496,87.5,5.469,696.598
12497,100.0,6.25,696.598
12498,100.0,6.25,696.598
12499,87.5,5.469,696.598
12500,100.0,6.25,696.598
12501,100.0,6.25,696.598
12502,88.7,5.544,696.598
12503,100.0,6.25,696.598
12504,100.0,6.25,696.598
12505,100.0,6.25,696.598
12506,100.0,6.25,696.598
12507,87.5,5.469,696.598
12508,87.5,5.469,696.598
12509,88.7,5.544,696.602
12510,100.0,6.25,696.602
12511,100.0,6.25,696.602
12512,100.0,6.25,696.602
12513,87.5,5.469,696.602
12514,75.0,4.688,696.602
12515,87.5,5.469,696.602
12516,100.0,6.25,696.602
12517,78.1,4.881,696.602
12518,100.0,6.25,696.602
12519,100.0,6.25,696.602
12520,96.1,6.006,673.176
12521,62.5,3.906,665.551
12522,14.2,0.887,665.551
12523,0.0,0.0,665.551
12524,0.0,0.0,665.551
12525,0.0,0.0,665.551
12526,0.0,0.0,665.551
12527,0.0,0.0,665.551
12528,0.0,0.0,665.551
12529,0.0,0.0,665.551
12530,0.0,0.0,665.551
12531,0.0,0.0,665.551
12532,0.0,0.0,665.551
12533,0.0,0.0,665.551
12534,0.0,0.0,665.551
12535,0.0,0.0,665.551
12536,0.0,0.0,665.551
12537,0.0,0.0,665.551
12538,0.0,0.0,665.551
12539,0.0,0.0,665.551
12540,0.0,0.0,665.551
12541,0.0,0.0,665.551
12542,0.0,0.0,665.551
12543,0.0,0.0,665.551
12544,0.0,0.0,665.551
12545,0.0,0.0,665.551
12546,0.0,0.0,665.551
12547,0.0,0.0,665.551
12548,0.0,0.0,665.551
12549,0.0,0.0,665.551
12550,0.0,0.0,665.551
12551,0.0,0.0,665.551
12552,0.0,0.0,665.551
12553,0.0,0.0,665.551
12554,0.0,0.0,665.551
12555,0.0,0.0,665.551
12556,0.0,0.0,665.551
12557,0.0,0.0,665.551
12558,0.0,0.0,665.551
12559,0.0,0.0,665.551
12560,0.0,0.0,665.551
12561,0.0,0.0,665.551
12562,0.0,0.0,665.551
12563,0.0,0.0,665.551
12564,0.0,0.0,665.551
12565,0.0,0.0,665.551
12566,0.0,0.0,665.551
12567,0.0,0.0,665.551
12568,0.0,0.0,665.551
12569,0.0,0.0,665.551
12570,0.0,0.0,665.551
12571,0.0,0.0,665.551
12572,0.0,0.0,665.551
12573,0.0,0.0,665.551
12574,0.0,0.0,665.551
12575,0.0,0.0,665.551
12576,0.0,0.0,665.551
12577,0.0,0.0,665.551
12578,0.0,0.0,665.551
12579,0.0,0.0,665.551
12580,0.0,0.0,665.551
12581,0.0,0.0,665.551
12582,0.0,0.0,665.551
12583,0.0,0.0,665.551
12584,0.0,0.0,665.551
12585,0.0,0.0,665.551
12586,0.0,0.0,665.551
12587,0.0,0.0,665.551
12588,0.0,0.0,665.551
12589,0.0,0.0,665.551
12590,0.0,0.0,665.551
12591,0.0,0.0,665.551
12592,0.0,0.0,665.551
12593,0.0,0.0,665.551
12594,14.3,0.894,665.551
12595,14.2,0.887,665.598
12596,14.3,0.894,665.598
12597,0.0,0.0,665.598
12598,0.0,0.0,665.598
12599,0.0,0.0,665.598
12600,0.0,0.0,665.598
12601,0.0,0.0,665.598
12602,0.0,0.0,665.598
12603,0.0,0.0,665.598
12604,0.0,0.0,665.598
12605,0.0,0.0,665.598
12606,0.0,0.0,665.598
12607,0.0,0.0,665.598
12608,0.0,0.0,665.598
12609,0.0,0.0,665.598
12610,0.0,0.0,665.598
12611,0.0,0.0,665.598
12612,0.0,0.0,665.598
12613,0.0,0.0,665.598
12614,0.0,0.0,665.598
12615,0.0,0.0,665.598
12616,0.0,0.0,665.598
12617,0.0,0.0,665.598
12618,0.0,0.0,665.598
12619,0.0,0.0,665.598
12620,0.0,0.0,665.598
12621,0.0,0.0,665.598
12622,0.0,0.0,665.598
12623,0.0,0.0,665.598
12624,0.0,0.0,665.598
12625,0.0,0.0,665.598
12626,0.0,0.0,665.598
12627,0.0,0.0,665.598
12628,0.0,0.0,665.598
12629,0.0,0.0,665.598
12630,0.0,0.0,665.598
12631,0.0,0.0,665.598
12632,0.0,0.0,665.598
12633,0.0,0.0,665.598
12634,0.0,0.0,665.598
12635,0.0,0.0,665.598
12636,0.0,0.0,665.598
12637,0.0,0.0,665.598
12638,0.0,0.0,665.598
12639,0.0,0.0,665.598
12640,0.0,0.0,665.598
12641,0.0,0.0,665.598
12642,0.0,0.0,665.598
12643,0.0,0.0,665.598
12644,0.0,0.0,665.598
12645,0.0,0.0,665.598
12646,0.0,0.0,665.598
12647,0.0,0.0,665.598
12648,0.0,0.0,665.598
12649,0.0,0.0,665.598
12650,0.0,0.0,665.598
12651,0.0,0.0,665.598
12652,0.0,0.0,665.598
12653,0.0,0.0,665.598
12654,0.0,0.0,665.598
12655,0.0,0.0,665.598
12656,0.0,0.0,665.598
12657,0.0,0.0,665.598
12658,0.0,0.0,665.598
12659,0.0,0.0,665.598
12660,0.0,0.0,665.598
12661,0.0,0.0,665.598
12662,0.0,0.0,665.598
12663,0.0,0.0,665.598
12664,0.0,0.0,665.598
12665,0.0,0.0,665.598
12666,0.0,0.0,665.598
12667,14.2,0.887,665.598
12668,50.0,3.125,665.625
12669,100.0,6.25,665.625
12670,100.0,6.25,667.629
12671,78.1,4.881,667.629
12672,113.6,7.1,667.629
12673,100.0,6.25,667.629
12674,100.4,6.275,667.629
12675,100.0,6.25,667.629
12676,87.5,5.469,669.629
12677,100.0,6.25,669.629
12678,100.0,6.25,669.629
12679,100.0,6.25,669.629
12680,88.7,5.544,669.629
12681,87.5,5.469,669.629
12682,100.0,6.25,669.629
12683,100.0,6.25,669.629
12684,100.0,6.25,673.629
12685,87.5,5.469,673.629
12686,100.0,6.25,673.629
12687,100.0,6.25,673.629
12688,100.0,6.25,673.629
12689,100.0,6.25,673.629
12690,100.0,6.25,673.629
12691,77.6,4.85,673.629
12692,100.0,6.25,673.629
12693,87.5,5.469,673.629
12694,100.0,6.25,673.629
12695,100.0,6.25,673.629
12696,100.0,6.25,673.629
12697,87.5,5.469,673.629
12698,100.0,6.25,673.629
12699,87.5,5.469,681.629
12700,89.3,5.581,681.629
12701,99.4,6.213,681.629
12702,75.0,4.688,681.629
12703,78.1,4.881,681.629
12704,100.0,6.25,681.629
12705,100.0,6.25,681.629
12706,112.5,7.031,681.629
12707,100.0,6.25,681.629
12708,100.0,6.25,681.629
12709,100.0,6.25,681.629
12710,100.0,6.25,681.629
12711,100.0,6.25,681.629
12712,88.7,5.544,681.629
12713,100.3,6.269,681.629
12714,88.7,5.544,681.629
12715,87.5,5.469,681.629
12716,87.5,5.469,681.629
12717,100.0,6.25,681.629
12718,87.5,5.469,681.629
12719,100.0,6.25,681.629
12720,100.0,6.25,681.629
12721,87.5,5.469,681.629
12722,89.3,5.581,681.629
12723,100.0,6.25,681.629
12724,112.5,7.031,681.629
12725,100.0,6.25,681.629
12726,87.5,5.469,681.629
12727,100.0,6.25,681.629
12728,100.0,6.25,681.629
12729,88.7,5.544,681.629
12730,100.0,6.25,697.629
12731,100.0,6.25,697.629
12732,100.0,6.25,697.629
12733,100.0,6.25,697.629
12734,100.0,6.25,697.629
12735,100.0,6.25,697.629
12736,87.5,5.469,697.629
12737,100.0,6.25,697.629
12738,100.0,6.25,697.629
12739,100.0,6.25,697.629
12740,88.7,5.544,697.629
12741,100.0,6.25,697.629
12742,87.5,5.469,697.629
12743,100.0,6.25,697.629
12744,100.0,6.25,697.629
12745,87.5,5.469,697.629
12746,100.0,6.25,697.629
12747,100.0,6.25,697.629
12748,100.0,6.25,697.629
12749,100.0,6.25,697.629
12750,100.0,6.25,697.629
12751,89.3,5.581,697.629
12752,100.0,6.25,697.629
12753,100.0,6.25,697.629
12754,100.0,6.25,697.629
12755,100.0,6.25,697.629
12756,112.5,7.031,697.629
12757,100.0,6.25,697.629
12758,87.5,5.469,697.629
12759,100.0,6.25,697.629
12760,87.5,5.469,697.629
12761,100.0,6.25,697.629
12762,77.6,4.85,697.629
12763,100.0,6.25,697.629
12764,87.5,5.469,697.629
12765,100.0,6.25,697.629
12766,100.0,6.25,697.629
12767,100.0,6.25,673.25
12768,85.2,5.325,665.625
12769,14.3,0.894,665.676
12770,0.0,0.0,665.676
12771,14.2,0.887,665.676
12772,50.0,3.125,665.793
12773,100.0,6.25,665.793
12774,100.0,6.25,667.797
12775,100.0,6.25,667.797
12776,100.0,6.25,667.797
12777,100.0,6.25,667.797
12778,100.0,6.25,667.797
12779,100.0,6.25,667.797
12780,100.0,6.25,669.797
12781,100.0,6.25,669.797
12782,89.3,5.581,669.797
12783,113.6,7.1,669.797
12784,89.3,5.581,669.797
12785,100.0,6.25,669.797
12786,100.0,6.25,669.797
12787,100.0,6.25,673.797
12788,87.5,5.469,673.797
12789,112.5,7.031,673.797
12790,100.0,6.25,673.797
12791,100.0,6.25,673.797
12792,100.0,6.25,673.797
12793,100.0,6.25,673.797
12794,100.0,6.25,673.797
12795,100.0,6.25,673.797
12796,100.0,6.25,673.797
12797,100.0,6.25,673.797
12798,100.0,6.25,673.797
12799,100.0,6.25,673.797
12800,100.0,6.25,673.797
12801,100.0,6.25,673.797
12802,100.0,6.25,681.797
12803,100.0,6.25,681.797
12804,100.0,6.25,681.797
12805,100.0,6.25,681.797
12806,87.5,5.469,681.797
12807,100.0,6.25,681.797
12808,100.0,6.25,681.797
12809,100.0,6.25,681.797
12810,100.0,6.25,681.797
12811,100.0,6.25,681.797
12812,100.0,6.25,681.797
12813,100.0,6.25,681.797
12814,87.5,5.469,681.797
12815,100.0,6.25,681.797
12816,87.5,5.469,681.797
12817,100.0,6.25,681.797
12818,100.0,6.25,681.797
12819,100.0,6.25,681.797
12820,87.5,5.469,681.797
12821,100.0,6.25,681.797
12822,87.5,5.469,681.797
12823,100.0,6.25,681.797
12824,100.0,6.25,681.797
12825,100.0,6.25,681.797
12826,87.5,5.469,681.797
12827,100.0,6.25,681.797
12828,100.0,6.25,681.797
12829,100.0,6.25,681.797
12830,100.0,6.25,681.797
12831,100.0,6.25,681.797
12832,100.0,6.25,681.797
12833,100.0,6.25,681.797
12834,100.0,6.25,697.797
12835,87.5,5.469,697.797
12836,100.0,6.25,697.797
12837,87.5,5.469,697.797
12838,100.0,6.25,697.797
12839,100.0,6.25,697.797
12840,100.0,6.25,697.797
12841,100.0,6.25,697.797
12842,100.0,6.25,697.797
12843,100.0,6.25,697.797
12844,100.0,6.25,697.797
12845,100.0,6.25,697.797
12846,100.0,6.25,697.797
12847,100.0,6.25,697.797
12848,100.0,6.25,697.797
12849,77.6,4.85,697.797
12850,100.0,6.25,697.797
12851,100.0,6.25,697.797
12852,100.0,6.25,697.797
12853,100.0,6.25,697.797
12854,100.0,6.25,697.797
12855,100.0,6.25,697.797
12856,100.0,6.25,697.797
12857,100.0,6.25,697.797
12858,100.0,6.25,697.797
12859,100.0,6.25,697.797
12860,87.5,5.469,697.797
12861,100.0,6.25,697.797
12862,112.5,7.031,697.797
12863,100.0,6.25,697.797
12864,100.0,6.25,697.797
12865,100.0,6.25,697.797
12866,100.0,6.25,697.797
12867,100.0,6.25,697.797
12868,100.0,6.25,697.797
12869,100.0,6.25,697.797
12870,100.0,6.25,697.797
12871,98.0,6.125,673.418
12872,85.2,5.325,665.793
12873,14.3,0.894,665.793
12874,0.0,0.0,665.793
12875,0.0,0.0,665.793
12876,0.0,0.0,665.793
12877,0.0,0.0,665.793
12878,14.2,0.887,665.793
12879,0.0,0.0,665.793
12880,14.2,0.887,665.793
12881,22.3,1.394,666.102
12882,28.4,1.775,666.137
12883,0.0,0.0,666.137
12884,0.0,0.0,666.137
12885,0.0,0.0,666.137
12886,14.3,0.894,666.137
12887,0.0,0.0,666.137
12888,0.0,0.0,666.137
12889,0.0,0.0,666.137
12890,42.6,2.663,666.145
12891,100.0,6.25,666.145
12892,100.0,6.25,668.148
12893,100.0,6.25,668.148
12894,100.0,6.25,668.148
12895,100.0,6.25,668.148
12896,100.0,6.25,668.148
12897,100.0,6.25,668.148
12898,100.0,6.25,668.148
12899,100.0,6.25,670.148
12900,87.5,5.469,670.148
12901,100.0,6.25,670.148
12902,100.0,6.25,670.148
12903,100.0,6.25,670.148
12904,89.3,5.581,670.148
12905,87.5,5.469,670.148
12906,100.0,6.25,670.148
12907,87.5,5.469,674.148
12908,100.0,6.25,674.148
12909,100.0,6.25,674.148
12910,87.5,5.469,674.148
12911,112.5,7.031,674.148
12912,87.5,5.469,674.148
12913,100.0,6.25,674.148
12914,100.0,6.25,674.148
12915,87.5,5.469,674.148
12916,99.4,6.213,674.148
12917,89.3,5.581,674.148
12918,87.5,5.469,674.148
12919,100.0,6.25,674.148
12920,100.0,6.25,674.148
12921,100.0,6.25,674.148
12922,100.0,6.25,674.148
12923,87.5,5.469,682.148
12924,112.5,7.031,682.148
12925,100.0,6.25,682.148
12926,100.0,6.25,682.148
12927,100.0,6.25,682.148
12928,100.0,6.25,682.148
12929,87.5,5.469,682.148
12930,87.5,5.469,682.148
12931,100.0,6.25,682.148
12932,100.0,6.25,682.148
12933,100.0,6.25,682.148
12934,87.5,5.469,682.148
12935,100.0,6.25,682.148
12936,100.0,6.25,682.148
12937,100.0,6.25,682.148
12938,100.0,6.25,682.148
12939,88.7,5.544,682.148
12940,114.7,7.169,682.148
12941,100.0,6.25,682.148
12942,100.0,6.25,682.148
12943,100.0,6.25,682.148
12944,100.0,6.25,682.148
12945,88.7,5.544,682.148
12946,100.0,6.25,682.148
12947,89.3,5.581,682.148
12948,113.6,7.1,682.148
12949,89.3,5.581,682.148
12950,113.6,7.1,682.148
12951,100.0,6.25,682.148
12952,100.0,6.25,682.148
12953,100.0,6.25,682.148
12954,100.0,6.25,698.148
12955,100.0,6.25,698.148
12956,100.0,6.25,698.148
12957,100.0,6.25,698.148
12958,100.0,6.25,698.148
12959,89.3,5.581,698.148
12960,113.6,7.1,698.148
12961,100.0,6.25,698.148
12962,100.0,6.25,698.148
12963,100.0,6.25,698.148
12964,100.0,6.25,698.148
12965,100.0,6.25,698.148
12966,100.0,6.25,698.148
12967,100.0,6.25,698.148
12968,100.0,6.25,698.148
12969,89.3,5.581,698.148
12970,100.0,6.25,698.148
12971,100.0,6.25,698.148
12972,100.0,6.25,698.148
12973,100.0,6.25,698.148
12974,99.7,6.231,698.148
12975,100.0,6.25,698.148
12976,100.0,6.25,698.148
12977,100.0,6.25,698.148
12978,100.0,6.25,698.148
12979,100.0,6.25,698.148
12980,100.0,6.25,698.148
12981,100.0,6.25,698.148
12982,100.0,6.25,698.148
12983,112.5,7.031,698.148
12984,75.0,4.688,698.148
12985,112.5,7.031,698.148
12986,100.0,6.25,698.148
12987,100.0,6.25,698.148
12988,100.0,6.25,698.148
12989,87.5,5.469,698.148
12990,100.0,6.25,698.148
12991,100.0,6.25,673.805
12992,85.2,5.325,666.18
12993,14.3,0.894,666.18
12994,0.0,0.0,666.18
12995,0.0,0.0,666.18
12996,0.0,0.0,666.18
12997,0.0,0.0,666.18
12998,0.0,0.0,666.18
12999,0.0,0.0,666.18
13000,0.0,0.0,666.18
13001,0.0,0.0,666.18
13002,14.3,0.894,666.18
13003,0.0,0.0,666.18
13004,0.0,0.0,666.18
13005,0.0,0.0,666.18
13006,0.0,0.0,666.18
13007,0.0,0.0,666.18
13008,0.0,0.0,666.18
13009,50.0,3.125,666.18
13010,100.0,6.25,666.18
13011,100.0,6.25,668.184
13012,100.0,6.25,668.184
13013,88.7,5.544,668.184
13014,100.0,6.25,668.184
13015,100.0,6.25,668.184
13016,100.0,6.25,668.184
13017,100.0,6.25,670.184
13018,87.5,5.469,670.184
13019,100.4,6.275,670.184
13020,100.0,6.25,670.184
13021,100.0,6.25,670.184
13022,88.7,5.544,670.184
13023,100.0,6.25,670.184
13024,100.0,6.25,674.184
13025,100.0,6.25,674.184
13026,100.0,6.25,674.184
13027,100.0,6.25,674.184
13028,100.0,6.25,674.184
13029,89.3,5.581,674.184
13030,99.7,6.231,674.184
13031,100.0,6.25,674.184
13032,100.0,6.25,674.184
13033,100.0,6.25,674.184
13034,87.5,5.469,674.184
13035,100.0,6.25,674.184
13036,100.0,6.25,674.184
13037,87.5,5.469,674.184
13038,100.0,6.25,674.184
13039,100.0,6.25,682.184
13040,100.0,6.25,682.184
13041,77.6,4.85,682.184
13042,112.5,7.031,682.184
13043,100.0,6.25,682.184
13044,87.5,5.469,682.184
13045,100.0,6.25,682.184
13046,100.0,6.25,682.184
13047,100.0,6.25,682.184
13048,100.0,6.25,682.184
13049,100.0,6.25,682.184
13050,100.0,6.25,682.184
13051,89.3,5.581,682.184
13052,100.0,6.25,682.184
13053,87.5,5.469,682.184
13054,87.5,5.469,682.184
13055,100.0,6.25,682.184
13056,100.0,6.25,682.184
13057,88.7,5.544,682.184
13058,114.7,7.169,682.184
13059,100.0,6.25,682.184
13060,88.7,5.544,682.184
13061,100.0,6.25,682.184
13062,87.5,5.469,682.184
13063,112.5,7.031,682.184
13064,100.0,6.25,682.184
13065,100.0,6.25,682.184
13066,100.0,6.25,682.184
13067,100.0,6.25,682.184
13068,88.7,5.544,682.184
13069,100.0,6.25,698.184
13070,100.0,6.25,698.184
13071,100.0,6.25,698.184
13072,100.0,6.25,698.184
13073,100.0,6.25,698.184
13074,87.5,5.469,698.184
13075,87.5,5.469,698.184
13076,100.0,6.25,698.184
13077,87.5,5.469,698.184
13078,100.0,6.25,698.184
13079,100.0,6.25,698.184
13080,100.0,6.25,698.184
13081,100.0,6.25,698.184
13082,100.0,6.25,698.184
13083,100.0,6.25,698.184
13084,100.0,6.25,698.184
13085,100.0,6.25,698.184
13086,100.0,6.25,698.184
13087,89.3,5.581,698.184
13088,113.6,7.1,698.184
13089,100.0,6.25,698.184
13090,100.0,6.25,698.184
13091,87.5,5.469,698.184
13092,89.3,5.581,698.184
13093,100.0,6.25,698.184
13094,100.0,6.25,698.184
13095,112.5,7.031,698.184
13096,100.0,6.25,698.184
13097,100.0,6.25,698.184
13098,100.0,6.25,698.184
13099,100.0,6.25,698.184
13100,100.0,6.25,698.184
13101,100.0,6.25,698.184
13102,77.6,4.85,698.184
13103,100.0,6.25,698.184
13104,100.0,6.25,698.184
13105,87.5,5.469,698.184
13106,100.0,6.25,673.805
13107,100.3,6.269,666.18
13108,12.5,0.781,666.18
13109,0.0,0.0,666.18
13110,0.0,0.0,666.18
13111,0.0,0.0,666.18
13112,0.0,0.0,666.18
13113,0.0,0.0,666.18
13114,0.0,0.0,666.18
13115,0.0,0.0,666.18
13116,14.2,0.887,666.18
13117,14.3,0.894,666.18
13118,0.0,0.0,666.18
13119,0.0,0.0,666.18
13120,0.0,0.0,666.18
13121,0.0,0.0,666.18
13122,0.0,0.0,666.18
13123,0.0,0.0,666.18
13124,0.0,0.0,666.18
13125,25.0,1.562,666.18
13126,100.0,6.25,666.18
13127,88.7,5.544,668.184
13128,100.0,6.25,668.184
13129,87.5,5.469,668.184
13130,112.5,7.031,668.184
13131,100.0,6.25,668.184
13132,87.5,5.469,668.184
13133,87.5,5.469,670.184
13134,100.0,6.25,670.184
13135,87.5,5.469,670.184
13136,75.0,4.688,670.184
13137,100.0,6.25,670.184
13138,89.3,5.581,670.184
13139,87.5,5.469,670.184
13140,100.0,6.25,670.184
13141,100.0,6.25,674.184
13142,100.0,6.25,674.184
13143,100.0,6.25,674.184
13144,100.0,6.25,674.184
13145,75.0,4.688,674.184
13146,100.0,6.25,674.184
13147,100.0,6.25,674.184
13148,75.0,4.688,674.184
13149,100.0,6.25,674.184
13150,100.0,6.25,674.184
13151,77.6,4.85,674.184
13152,87.5,5.469,674.184
13153,100.0,6.25,674.184
13154,100.0,6.25,674.184
13155,87.5,5.469,674.184
13156,87.5,5.469,674.184
13157,100.0,6.25,682.184
13158,100.0,6.25,682.184
13159,100.0,6.25,682.184
13160,75.0,4.688,682.184
13161,77.6,4.85,682.184
13162,100.0,6.25,682.184
13163,100.0,6.25,682.184
13164,75.0,4.688,682.184
13165,87.5,5.469,682.184
13166,87.5,5.469,682.184
13167,100.0,6.25,682.184
13168,87.5,5.469,682.184
13169,100.0,6.25,682.184
13170,87.5,5.469,682.184
13171,100.0,6.25,682.184
13172,89.3,5.581,682.184
13173,100.0,6.25,682.184
13174,87.5,5.469,682.184
13175,99.7,6.231,682.184
13176,100.0,6.25,682.184
13177,100.0,6.25,682.184
13178,100.0,6.25,682.184
13179,87.5,5.469,682.184
13180,100.0,6.25,682.184
13181,88.7,5.544,682.184
13182,100.0,6.25,682.184
13183,112.5,7.031,682.184
13184,87.5,5.469,682.184
13185,87.5,5.469,682.184
13186,87.5,5.469,682.184
13187,89.3,5.581,698.184
13188,100.0,6.25,698.184
13189,112.5,7.031,698.184
13190,100.0,6.25,698.184
13191,88.7,5.544,698.184
13192,112.5,7.031,698.184
13193,100.0,6.25,698.184
13194,100.0,6.25,698.184
13195,87.5,5.469,698.184
13196,89.3,5.581,698.184
13197,100.0,6.25,698.184
13198,87.5,5.469,698.184
13199,100.0,6.25,698.184
13200,87.5,5.469,698.184
13201,112.5,7.031,698.184
13202,100.0,6.25,698.184
13203,100.0,6.25,698.184
13204,100.0,6.25,698.184
13205,100.0,6.25,698.184
13206,100.0,6.25,698.184
13207,88.7,5.544,698.184
13208,100.0,6.25,698.184
13209,87.5,5.469,698.184
13210,100.0,6.25,698.184
13211,100.0,6.25,698.184
13212,77.6,4.85,698.184
13213,100.3,6.269,698.184
13214,77.6,4.85,698.184
13215,100.0,6.25,698.184
13216,100.0,6.25,698.184
13217,100.0,6.25,698.184
13218,100.0,6.25,698.184
13219,100.0,6.25,698.184
13220,100.0,6.25,698.184
13221,100.0,6.25,698.184
13222,87.5,5.469,698.184
13223,92.7,5.794,673.805
13224,85.2,5.325,666.18
13225,16.6,1.038,666.18
13226,0.0,0.0,666.18
13227,0.0,0.0,666.18
13228,0.0,0.0,666.18
13229,0.0,0.0,666.18
13230,0.0,0.0,666.18
13231,0.0,0.0,666.18
13232,14.3,0.894,666.18
13233,28.4,1.775,666.18
13234,0.0,0.0,666.18
13235,75.0,4.688,666.18
13236,100.0,6.25,666.18
13237,88.7,5.544,668.184
13238,87.5,5.469,668.184
13239,100.0,6.25,668.184
13240,112.5,7.031,668.184
13241,87.5,5.469,668.184
13242,100.0,6.25,668.184
13243,100.0,6.25,670.184
13244,62.5,3.906,670.184
13245,87.5,5.469,670.184
13246,75.0,4.688,670.184
13247,100.0,6.25,670.184
13248,87.5,5.469,670.184
13249,87.5,5.469,670.184
13250,67.0,4.188,674.184
13251,113.6,7.1,674.184
13252,67.0,4.188,674.184
13253,100.0,6.25,674.184
13254,75.0,4.688,674.184
13255,87.5,5.469,674.184
13256,87.5,5.469,674.184
13257,100.0,6.25,674.184
13258,87.5,5.469,674.184
13259,87.5,5.469,674.184
13260,100.0,6.25,674.184
13261,87.5,5.469,674.184
13262,75.0,4.688,674.184
13263,100.0,6.25,674.184
13264,88.7,5.544,674.184
13265,100.0,6.25,674.184
13266,112.5,7.031,682.184
13267,100.0,6.25,682.184
13268,87.5,5.469,682.184
13269,100.0,6.25,682.184
13270,100.0,6.25,682.184
13271,77.6,4.85,682.184
13272,100.0,6.25,682.184
13273,112.5,7.031,682.184
13274,100.0,6.25,682.184
13275,87.5,5.469,682.184
13276,75.0,4.688,682.184
13277,100.0,6.25,682.184
13278,100.0,6.25,682.184
13279,100.0,6.25,682.184
13280,100.0,6.25,682.184
13281,100.0,6.25,682.184
13282,89.3,5.581,682.184
13283,100.0,6.25,682.184
13284,100.0,6.25,682.184
13285,87.5,5.469,682.184
13286,100.0,6.25,682.184
13287,100.0,6.25,682.184
13288,87.5,5.469,682.184
13289,100.0,6.25,682.184
13290,100.0,6.25,682.184
13291,77.6,4.85,682.184
13292,100.0,6.25,682.184
13293,99.7,6.231,682.184
13294,112.5,7.031,682.184
13295,100.0,6.25,682.184
13296,100.0,6.25,682.184
13297,100.0,6.25,698.184
13298,100.0,6.25,698.184
13299,100.0,6.25,698.184
13300,89.3,5.581,698.184
13301,100.0,6.25,698.184
13302,87.5,5.469,698.184
13303,112.5,7.031,698.184
13304,87.5,5.469,698.184
13305,100.0,6.25,698.184
13306,100.0,6.25,698.184
13307,100.0,6.25,698.184
13308,100.0,6.25,698.184
13309,100.0,6.25,698.184
13310,100.0,6.25,698.184
13311,87.5,5.469,698.184
13312,100.0,6.25,698.184
13313,88.7,5.544,698.184
13314,112.5,7.031,698.184
13315,75.0,4.688,698.184
13316,100.0,6.25,698.184
13317,100.0,6.25,698.184
13318,100.0,6.25,698.184
13319,100.0,6.25,698.184
13320,100.0,6.25,698.184
13321,78.1,4.881,698.184
13322,100.0,6.25,698.184
13323,100.0,6.25,698.184
13324,100.0,6.25,698.184
13325,100.0,6.25,698.184
13326,100.0,6.25,698.184
13327,100.0,6.25,698.184
13328,100.0,6.25,698.184
13329,88.7,5.544,698.184
13330,100.0,6.25,698.184
13331,100.0,6.25,698.184
13332,100.0,6.25,698.184
13333,100.0,6.25,673.805
13334,87.5,5.469,666.18
13335,28.7,1.794,666.312
13336,0.0,0.0,666.312
13337,14.3,0.894,666.312
13338,0.0,0.0,666.312
13339,0.0,0.0,666.312
13340,0.0,0.0,666.312
13341,0.0,0.0,666.312
13342,0.0,0.0,666.312
13343,0.0,0.0,666.312
13344,0.0,0.0,666.312
13345,0.0,0.0,666.312
13346,0.0,0.0,666.312
13347,0.0,0.0,666.312
13348,0.0,0.0,666.312
13349,0.0,0.0,666.312
13350,0.0,0.0,666.312
13351,0.0,0.0,666.312
13352,0.0,0.0,666.312
13353,0.0,0.0,666.312
13354,0.0,0.0,666.312
13355,0.0,0.0,666.312
13356,0.0,0.0,666.312
13357,0.0,0.0,666.312
13358,0.0,0.0,666.312
13359,0.0,0.0,666.312
13360,0.0,0.0,666.312
13361,0.0,0.0,666.312
13362,0.0,0.0,666.312
13363,0.0,0.0,666.312
13364,0.0,0.0,666.312
13365,0.0,0.0,666.312
13366,0.0,0.0,666.312
13367,0.0,0.0,666.312
13368,0.0,0.0,666.312
13369,0.0,0.0,666.312
13370,0.0,0.0,666.312
13371,0.0,0.0,666.312
13372,0.0,0.0,666.312
13373,0.0,0.0,666.312
13374,0.0,0.0,666.312
13375,0.0,0.0,666.312
13376,0.0,0.0,666.312
13377,0.0,0.0,666.312
13378,0.0,0.0,666.312
13379,0.0,0.0,666.312
13380,0.0,0.0,666.312
13381,0.0,0.0,666.312
13382,0.0,0.0,666.312
13383,0.0,0.0,666.312
13384,0.0,0.0,666.312
13385,0.0,0.0,666.312
13386,0.0,0.0,666.312
13387,0.0,0.0,666.312
13388,0.0,0.0,666.312
13389,0.0,0.0,666.312
13390,0.0,0.0,666.312
13391,0.0,0.0,666.312
13392,0.0,0.0,666.312
13393,0.0,0.0,666.312
13394,0.0,0.0,666.312
13395,0.0,0.0,666.312
13396,0.0,0.0,666.312
13397,0.0,0.0,666.312
13398,0.0,0.0,666.312
13399,0.0,0.0,666.312
13400,0.0,0.0,666.312
13401,14.2,0.887,666.617
13402,0.0,0.0,666.617
13403,0.0,0.0,666.617
13404,0.0,0.0,666.617
13405,0.0,0.0,666.617
13406,0.0,0.0,666.617
13407,0.0,0.0,666.617
13408,0.0,0.0,666.617
13409,0.0,0.0,666.617
13410,0.0,0.0,666.617
13411,0.0,0.0,666.617
13412,0.0,0.0,666.617
13413,0.0,0.0,666.617
13414,0.0,0.0,666.617
13415,0.0,0.0,666.617
13416,0.0,0.0,666.617
13417,0.0,0.0,666.617
13418,0.0,0.0,666.617
13419,0.0,0.0,666.617
13420,0.0,0.0,666.617
13421,0.0,0.0,666.617
13422,0.0,0.0,666.617
13423,0.0,0.0,666.617
13424,0.0,0.0,666.617
13425,0.0,0.0,666.617
13426,0.0,0.0,666.617
13427,0.0,0.0,666.617
13428,0.0,0.0,666.617
13429,0.0,0.0,666.617
13430,0.0,0.0,666.617
13431,0.0,0.0,666.617
13432,0.0,0.0,666.617
13433,0.0,0.0,666.617
13434,0.0,0.0,666.617
13435,0.0,0.0,666.617
13436,0.0,0.0,666.617
13437,0.0,0.0,666.617
13438,0.0,0.0,666.617
13439,14.3,0.894,666.617
13440,0.0,0.0,666.617
13441,0.0,0.0,666.617
13442,0.0,0.0,666.617
13443,0.0,0.0,666.617
13444,0.0,0.0,666.617
13445,0.0,0.0,666.617
13446,0.0,0.0,666.617
13447,0.0,0.0,666.617
13448,0.0,0.0,666.617
13449,0.0,0.0,666.617
13450,0.0,0.0,666.617
13451,0.0,0.0,666.617
13452,0.0,0.0,666.617
13453,0.0,0.0,666.617
13454,0.0,0.0,666.617
13455,0.0,0.0,666.617
13456,0.0,0.0,666.617
13457,0.0,0.0,666.617
13458,0.0,0.0,666.617
13459,0.0,0.0,666.617
13460,0.0,0.0,666.617
13461,0.0,0.0,666.617
13462,0.0,0.0,666.617
13463,0.0,0.0,666.617
13464,0.0,0.0,666.617
13465,50.0,3.125,666.734
13466,114.7,7.169,666.734
13467,100.0,6.25,668.738
13468,100.0,6.25,668.738
13469,100.0,6.25,668.738
13470,100.0,6.25,668.738
13471,62.5,3.906,668.738
13472,75.0,4.688,668.738
13473,100.0,6.25,668.738
13474,100.0,6.25,668.738
13475,100.0,6.25,670.738
13476,100.0,6.25,670.738
13477,100.0,6.25,670.738
13478,100.0,6.25,670.738
13479,100.0,6.25,670.738
13480,100.0,6.25,670.738
13481,100.0,6.25,670.738
13482,100.0,6.25,670.738
13483,100.0,6.25,670.738
13484,100.0,6.25,674.738
13485,100.0,6.25,674.738
13486,100.0,6.25,674.738
13487,87.5,5.469,674.738
13488,99.4,6.213,674.738
13489,100.0,6.25,674.738
13490,100.0,6.25,674.738
13491,100.3,6.269,674.738
13492,100.0,6.25,674.738
13493,88.7,5.544,674.738
13494,114.7,7.169,674.738
13495,100.0,6.25,674.738
13496,87.5,5.469,674.738
13497,75.0,4.688,674.742
13498,113.6,7.1,674.742
13499,100.4,6.275,674.742
13500,75.0,4.688,674.742
13501,85.2,5.325,674.742
13502,75.0,4.688,674.742
13503,100.0,6.25,682.742
13504,114.7,7.169,682.742
13505,41.8,2.612,682.742
13506,87.5,5.469,682.742
13507,87.5,5.469,682.742
13508,100.0,6.25,682.742
13509,87.5,5.469,682.742
13510,62.5,3.906,682.742
13511,75.0,4.688,682.742
13512,100.0,6.25,682.742
13513,77.6,4.85,682.742
13514,100.0,6.25,682.742
13515,87.5,5.469,682.742
13516,112.5,7.031,682.742
13517,100.0,6.25,682.742
13518,100.0,6.25,682.742
13519,100.0,6.25,682.742
13520,100.0,6.25,682.742
13521,87.5,5.469,682.742
13522,18.2,1.137,682.742
13523,22.2,1.387,682.742
13524,10.0,0.625,682.742
13525,37.5,2.344,682.742
13526,100.0,6.25,682.742
13527,100.0,6.25,682.742
13528,70.1,4.381,682.742
13529,50.0,3.125,682.742
13530,75.0,4.688,682.742
13531,100.0,6.25,682.742
13532,100.0,6.25,682.742
13533,100.0,6.25,682.742
13534,100.0,6.25,682.742
13535,100.0,6.25,682.742
13536,100.0,6.25,682.742
13537,100.0,6.25,682.742
13538,88.7,5.544,682.742
13539,100.0,6.25,682.742
13540,100.0,6.25,682.742
13541,100.0,6.25,682.742
13542,100.0,6.25,682.742
13543,100.0,6.25,682.742
13544,100.0,6.25,682.742
13545,87.5,5.469,682.742
13546,87.5,5.469,682.742
13547,89.3,5.581,682.742
13548,100.0,6.25,682.742
13549,87.5,5.469,682.742
13550,100.0,6.25,682.742
13551,100.0,6.25,682.742
13552,87.5,5.469,682.742
13553,75.0,4.688,682.742
13554,75.0,4.688,682.742
13555,75.0,4.688,682.742
13556,87.5,5.469,682.742
13557,100.0,6.25,682.742
13558,100.0,6.25,682.742
13559,77.6,4.85,682.742
13560,62.5,3.906,682.742
13561,88.7,5.544,682.742
13562,50.0,3.125,682.742
13563,100.0,6.25,682.742
13564,87.5,5.469,682.742
13565,87.5,5.469,682.742
13566,100.0,6.25,682.742
13567,75.0,4.688,682.742
13568,86.0,5.375,682.742
13569,87.5,5.469,682.742
13570,88.7,5.544,682.742
13571,87.5,5.469,682.742
13572,100.0,6.25,682.742
13573,100.0,6.25,698.742
13574,87.5,5.469,698.742
13575,87.5,5.469,698.742
13576,112.5,7.031,698.742
13577,62.5,3.906,698.742
13578,87.5,5.469,698.742
13579,87.5,5.469,698.742
13580,100.0,6.25,698.742
13581,87.5,5.469,698.742
13582,71.7,4.481,698.742
13583,77.6,4.85,698.742
13584,75.0,4.688,698.742
13585,62.5,3.906,698.742
13586,25.0,1.562,698.742
13587,100.0,6.25,698.742
13588,50.0,3.125,698.742
13589,87.5,5.469,698.742
13590,50.0,3.125,698.742
13591,25.0,1.562,698.742
13592,12.5,0.781,698.742
13593,33.5,2.094,698.742
13594,62.5,3.906,698.742
13595,33.2,2.075,698.742
13596,87.5,5.469,698.742
13597,87.5,5.469,698.742
13598,87.5,5.469,698.742
13599,62.5,3.906,698.742
13600,37.5,2.344,698.742
13601,75.0,4.688,698.742
13602,37.5,2.344,698.742
13603,75.0,4.688,698.742
13604,67.0,4.188,698.742
13605,37.5,2.344,698.742
13606,42.6,2.663,698.742
13607,62.5,3.906,698.742
13608,12.5,0.781,698.742
13609,33.5,2.094,698.742
13610,37.5,2.344,698.742
13611,50.0,3.125,698.742
13612,50.0,3.125,698.742
13613,62.5,3.906,698.742
13614,37.5,2.344,698.742
13615,50.0,3.125,698.742
13616,33.2,2.075,698.742
13617,37.5,2.344,698.742
13618,62.5,3.906,698.742
13619,33.2,2.075,698.742
13620,50.0,3.125,698.742
13621,0.0,0.0,698.742
13622,25.0,1.562,698.742
13623,12.5,0.781,698.742
13624,75.0,4.688,698.742
13625,114.7,7.169,698.742
13626,87.5,5.469,698.742
13627,77.6,4.85,698.742
13628,87.5,5.469,698.742
13629,100.0,6.25,698.742
13630,75.0,4.688,698.742
13631,62.5,3.906,698.742
13632,50.0,3.125,698.742
13633,75.0,4.688,698.742
13634,75.0,4.688,698.742
13635,87.5,5.469,698.742
13636,87.5,5.469,698.742
13637,100.0,6.25,698.742
13638,87.5,5.469,698.742
13639,87.5,5.469,698.742
13640,100.0,6.25,698.742
13641,62.5,3.906,698.742
13642,75.0,4.688,698.742
13643,67.0,4.188,698.742
13644,62.5,3.906,698.742
13645,87.5,5.469,698.742
13646,75.0,4.688,698.742
13647,87.5,5.469,698.742
13648,87.5,5.469,698.742
13649,62.5,3.906,698.742
13650,87.5,5.469,698.742
13651,62.5,3.906,698.742
13652,75.0,4.688,698.742
13653,75.0,4.688,698.742
13654,50.0,3.125,698.742
13655,99.4,6.213,698.742
13656,87.5,5.469,698.742
13657,87.5,5.469,698.742
13658,100.0,6.25,698.742
13659,78.1,4.881,698.742
13660,100.0,6.25,698.742
13661,87.5,5.469,698.742
13662,87.5,5.469,698.742
13663,87.5,5.469,698.742
13664,62.5,3.906,698.742
13665,37.5,2.344,698.742
13666,75.0,4.688,698.742
13667,100.0,6.25,698.742
13668,100.0,6.25,698.742
13669,87.5,5.469,698.742
13670,100.0,6.25,698.742
13671,100.0,6.25,698.742
13672,100.0,6.25,698.742
13673,87.5,5.469,698.742
13674,100.0,6.25,698.742
13675,87.5,5.469,698.742
13676,87.5,5.469,698.742
13677,87.5,5.469,698.742
13678,100.0,6.25,698.742
13679,100.0,6.25,698.742
13680,100.0,6.25,698.742
13681,87.5,5.469,698.742
13682,55.4,3.462,698.742
13683,86.0,5.375,698.742
13684,100.0,6.25,698.742
13685,50.0,3.125,698.742
13686,87.5,5.469,698.742
13687,100.0,6.25,698.742
13688,87.5,5.469,698.742
13689,100.0,6.25,698.742
13690,100.0,6.25,698.742
13691,87.5,5.469,698.742
13692,87.5,5.469,698.742
13693,100.0,6.25,698.742
13694,100.0,6.25,698.742
13695,100.0,6.25,698.742
13696,77.6,4.85,698.742
13697,100.3,6.269,698.742
13698,87.5,5.469,698.742
13699,100.0,6.25,698.742
13700,100.0,6.25,698.742
13701,50.0,3.125,698.742
13702,75.0,4.688,698.742
13703,87.5,5.469,698.742
13704,88.7,5.544,698.742
13705,87.5,5.469,698.742
13706,100.0,6.25,698.742
13707,87.5,5.469,698.742
13708,94.5,5.906,674.371
13709,89.3,5.581,666.746
13710,28.4,1.775,667.012
13711,0.0,0.0,667.043
13712,0.0,0.0,667.043
13713,0.0,0.0,667.043
13714,0.0,0.0,667.043
13715,14.3,0.894,667.051
13716,28.4,1.775,667.051
13717,0.0,0.0,667.051
13718,0.0,0.0,667.051
13719,14.3,0.894,667.051
13720,0.0,0.0,667.051
13721,0.0,0.0,667.051
13722,0.0,0.0,667.047
13723,12.5,0.781,672.266
13724,42.6,2.663,668.852
13725,0.0,0.0,668.852
13726,0.0,0.0,668.852
13727,0.0,0.0,668.852
13728,0.0,0.0,668.852
13729,28.4,1.775,668.852
13730,0.0,0.0,668.852
13731,14.3,0.894,668.852
13732,0.0,0.0,668.863
13733,0.0,0.0,668.859
13734,28.4,1.775,668.859
13735,100.0,6.25,670.699
13736,100.0,6.25,670.703
13737,100.0,6.25,670.703
13738,100.0,6.25,672.707
13739,100.0,6.25,672.707
13740,87.5,5.469,672.707
13741,87.5,5.469,672.707
13742,100.0,6.25,672.707
13743,87.5,5.469,672.707
13744,100.0,6.25,672.707
13745,78.1,4.881,672.707
13746,99.4,6.213,672.707
13747,89.3,5.581,672.707
13748,100.0,6.25,674.707
13749,100.0,6.25,674.707
13750,87.5,5.469,674.707
13751,75.0,4.688,674.707
13752,50.0,3.125,674.707
13753,62.5,3.906,674.707
13754,30.0,1.875,674.707
13755,25.0,1.562,674.707
13756,12.5,0.781,674.707
13757,44.3,2.769,674.707
13758,75.0,4.688,674.707
13759,11.1,0.694,674.707
13760,0.0,0.0,674.707
13761,25.0,1.562,674.707
13762,5.0,0.312,674.707
13763,11.1,0.694,674.707
13764,75.0,4.688,674.707
13765,20.0,1.25,674.707
13766,37.5,2.344,674.707
13767,37.5,2.344,674.707
13768,5.9,0.369,674.707
13769,9.1,0.569,674.707
13770,0.0,0.0,674.707
13771,0.0,0.0,674.707
13772,0.0,0.0,674.707
13773,3.7,0.231,674.707
13774,9.1,0.569,674.707
13775,0.0,0.0,674.707
13776,0.0,0.0,674.707
13777,0.0,0.0,674.707
13778,0.0,0.0,674.707
13779,4.8,0.3,674.707
13780,15.4,0.963,674.707
13781,0.0,0.0,674.707
13782,10.0,0.625,674.707
13783,0.0,0.0,674.707
13784,0.0,0.0,674.707
13785,0.0,0.0,674.707
13786,8.3,0.519,674.707
13787,16.7,1.044,674.707
13788,10.0,0.625,674.707
13789,37.5,2.344,674.707
13790,37.5,2.344,674.707
13791,37.5,2.344,674.707
13792,69.7,4.356,674.707
13793,33.5,2.094,674.707
13794,42.6,2.663,674.707
13795,100.0,6.25,674.707
13796,89.3,5.581,674.707
13797,85.2,5.325,674.707
13798,89.3,5.581,678.707
13799,99.4,6.213,678.707
13800,100.0,6.25,678.707
13801,100.0,6.25,678.707
13802,100.0,6.25,678.707
13803,100.0,6.25,678.707
13804,100.0,6.25,678.707
13805,100.0,6.25,678.707
13806,100.0,6.25,678.707
13807,89.3,5.581,678.707
13808,100.0,6.25,678.707
13809,100.0,6.25,678.707
13810,100.0,6.25,678.707
13811,100.0,6.25,678.707
13812,62.5,3.906,678.707
13813,100.0,6.25,678.707
13814,100.0,6.25,678.707
13815,112.5,7.031,678.707
13816,62.5,3.906,678.707
13817,112.5,7.031,678.707
13818,100.0,6.25,678.707
13819,100.0,6.25,678.707
13820,100.0,6.25,678.707
13821,100.0,6.25,678.707
13822,100.0,6.25,678.707
13823,100.0,6.25,678.707
13824,100.0,6.25,678.707
13825,100.0,6.25,686.707
13826,100.0,6.25,686.707
13827,100.0,6.25,686.707
13828,100.0,6.25,686.707
13829,87.5,5.469,686.707
13830,100.0,6.25,686.707
13831,100.0,6.25,686.707
13832,100.0,6.25,686.707
13833,87.5,5.469,686.707
13834,87.5,5.469,686.707
13835,100.0,6.25,686.707
13836,100.0,6.25,686.707
13837,77.6,4.85,686.707
13838,57.3,3.581,686.707
13839,88.7,5.544,686.707
13840,87.5,5.469,686.707
13841,87.5,5.469,686.707
13842,75.0,4.688,686.707
13843,100.0,6.25,686.707
13844,100.0,6.25,686.707
13845,87.5,5.469,686.707
13846,77.6,4.85,686.707
13847,50.0,3.125,686.707
13848,37.5,2.344,686.707
13849,62.5,3.906,686.707
13850,50.0,3.125,686.707
13851,37.5,2.344,686.707
13852,37.5,2.344,686.707
13853,87.5,5.469,686.707
13854,75.0,4.688,686.707
13855,75.0,4.688,686.707
13856,75.0,4.688,686.707
13857,75.0,4.688,686.707
13858,87.5,5.469,686.707
13859,45.7,2.856,686.707
13860,37.5,2.344,686.707
13861,100.0,6.25,686.707
13862,62.5,3.906,686.707
13863,112.5,7.031,686.707
13864,87.5,5.469,686.707
13865,100.0,6.25,686.707
13866,50.0,3.125,686.707
13867,77.6,4.85,686.707
13868,86.0,5.375,686.707
13869,77.6,4.85,686.707
13870,75.0,4.688,686.707
13871,75.0,4.688,686.707
13872,62.5,3.906,686.707
13873,25.0,1.562,686.707
13874,87.5,5.469,686.707
13875,75.0,4.688,686.707
13876,87.5,5.469,686.707
13877,100.0,6.25,686.707
13878,100.0,6.25,686.707
13879,88.7,5.544,686.707
13880,75.0,4.688,686.707
13881,87.5,5.469,686.707
13882,100.0,6.25,686.707
13883,100.0,6.25,686.707
13884,100.0,6.25,686.707
13885,50.0,3.125,686.707
13886,62.5,3.906,686.707
13887,50.0,3.125,686.707
13888,33.4,2.087,686.707
13889,62.5,3.906,686.707
13890,100.0,6.25,686.707
13891,37.5,2.344,686.707
13892,75.0,4.688,686.707
13893,87.5,5.469,686.707
13894,100.0,6.25,686.707
13895,100.0,6.25,686.707
13896,100.0,6.25,686.707
13897,100.0,6.25,686.707
13898,88.7,5.544,686.707
13899,100.0,6.25,686.707
13900,112.5,7.031,686.707
13901,87.5,5.469,686.707
13902,100.0,6.25,686.707
13903,100.0,6.25,702.707
13904,62.5,3.906,702.707
13905,100.0,6.25,702.707
13906,100.0,6.25,702.707
13907,89.3,5.581,702.707
13908,100.0,6.25,702.707
13909,112.5,7.031,702.707
13910,100.0,6.25,702.707
13911,100.0,6.25,702.707
13912,100.0,6.25,702.707
13913,87.5,5.469,702.707
13914,88.7,5.544,702.707
13915,100.0,6.25,702.707
13916,112.5,7.031,702.707
13917,100.0,6.25,702.707
13918,100.0,6.25,702.707
13919,100.0,6.25,702.707
13920,100.0,6.25,702.707
13921,100.0,6.25,702.707
13922,77.6,4.85,702.707
13923,87.5,5.469,702.707
13924,100.0,6.25,702.707
13925,100.0,6.25,702.707
13926,100.0,6.25,702.707
13927,100.0,6.25,702.707
13928,100.0,6.25,702.707
13929,100.0,6.25,702.707
13930,89.3,5.581,702.707
13931,100.0,6.25,702.707
13932,100.0,6.25,702.707
13933,100.0,6.25,702.707
13934,100.0,6.25,702.707
13935,100.0,6.25,702.707
13936,88.7,5.544,702.707
13937,87.5,5.469,702.707
13938,100.0,6.25,702.707
13939,100.0,6.25,702.707
13940,100.0,6.25,702.707
13941,87.5,5.469,702.707
13942,100.0,6.25,702.707
13943,100.0,6.25,702.707
13944,89.3,5.581,702.707
13945,87.5,5.469,702.707
13946,112.5,7.031,702.707
13947,100.0,6.25,702.707
13948,100.0,6.25,702.707
13949,100.0,6.25,702.707
13950,88.7,5.544,702.707
13951,87.5,5.469,702.707
13952,100.0,6.25,702.707
13953,100.0,6.25,702.707
13954,100.0,6.25,702.707
13955,100.0,6.25,702.707
13956,100.0,6.25,702.707
13957,88.7,5.544,702.707
13958,67.0,4.188,702.707
13959,75.0,4.688,702.707
13960,87.5,5.469,702.707
13961,100.0,6.25,702.707
13962,100.0,6.25,702.707
13963,100.0,6.25,702.707
13964,98.6,6.162,679.285
13965,88.7,5.544,679.285
13966,71.7,4.481,671.66
13967,0.0,0.0,671.66
13968,0.0,0.0,671.66
13969,0.0,0.0,671.66
13970,28.4,1.775,671.66
13971,0.0,0.0,671.66
13972,0.0,0.0,671.66
13973,0.0,0.0,671.66
13974,100.0,6.25,671.66
13975,100.0,6.25,671.66
13976,112.5,7.031,671.66
13977,100.0,6.25,673.664
13978,100.0,6.25,673.664
13979,100.0,6.25,673.664
13980,100.0,6.25,673.664
13981,100.0,6.25,673.664
13982,100.0,6.25,673.664
13983,100.0,6.25,673.664
13984,100.0,6.25,673.664
13985,100.0,6.25,673.664
13986,100.0,6.25,675.664
13987,100.0,6.25,675.664
13988,100.0,6.25,675.664
13989,89.3,5.581,675.664
13990,87.5,5.469,675.664
13991,100.0,6.25,675.664
13992,100.0,6.25,675.664
13993,87.5,5.469,675.664
13994,100.0,6.25,675.664
13995,87.5,5.469,675.664
13996,100.0,6.25,675.664
13997,77.6,4.85,675.664
13998,100.0,6.25,675.664
13999,87.5,5.469,679.664
14000,75.0,4.688,679.664
14001,100.0,6.25,679.664
14002,100.0,6.25,679.664
14003,100.0,6.25,679.664
14004,100.0,6.25,679.664
14005,100.0,6.25,679.664
14006,100.0,6.25,679.664
14007,100.0,6.25,679.664
14008,100.0,6.25,679.664
14009,87.5,5.469,679.664
14010,100.0,6.25,679.664
14011,100.0,6.25,679.664
14012,87.5,5.469,679.664
14013,89.3,5.581,679.664
14014,100.0,6.25,679.664
14015,100.0,6.25,679.664
14016,100.0,6.25,679.664
14017,100.0,6.25,679.664
14018,100.0,6.25,679.664
14019,62.5,3.906,679.664
14020,100.0,6.25,679.664
14021,75.0,4.688,679.664
14022,87.5,5.469,679.664
14023,100.0,6.25,679.664
14024,100.0,6.25,679.664
14025,100.0,6.25,687.664
14026,100.0,6.25,687.664
14027,100.0,6.25,687.664
14028,100.0,6.25,687.664
14029,55.4,3.462,687.664
14030,100.0,6.25,687.664
14031,100.0,6.25,687.664
14032,87.5,5.469,687.664
14033,87.5,5.469,687.664
14034,87.5,5.469,687.664
14035,100.0,6.25,687.664
14036,87.5,5.469,687.664
14037,100.0,6.25,687.664
14038,100.0,6.25,687.664
14039,100.0,6.25,687.664
14040,100.0,6.25,687.664
14041,100.0,6.25,687.664
14042,87.5,5.469,687.664
14043,87.5,5.469,687.664
14044,100.0,6.25,687.664
14045,88.7,5.544,687.664
14046,87.5,5.469,687.664
14047,100.0,6.25,687.664
14048,100.0,6.25,687.664
14049,100.0,6.25,687.664
14050,100.0,6.25,687.664
14051,100.0,6.25,687.664
14052,100.0,6.25,687.664
14053,87.5,5.469,687.664
14054,89.3,5.581,687.664
14055,100.0,6.25,687.664
14056,100.0,6.25,687.664
14057,112.5,7.031,687.664
14058,100.0,6.25,687.664
14059,100.0,6.25,687.664
14060,75.0,4.688,687.664
14061,62.5,3.906,687.664
14062,100.0,6.25,687.664
14063,87.5,5.469,687.664
14064,100.0,6.25,687.664
14065,77.6,4.85,687.664
14066,75.0,4.688,687.664
14067,75.0,4.688,687.664
14068,87.5,5.469,687.664
14069,100.0,6.25,687.664
14070,100.0,6.25,687.664
14071,100.0,6.25,687.664
14072,100.0,6.25,687.664
14073,87.5,5.469,687.664
14074,100.0,6.25,687.664
14075,100.0,6.25,687.664
14076,100.0,6.25,687.664
14077,100.0,6.25,687.664
14078,87.5,5.469,687.664
14079,112.5,7.031,703.664
14080,100.0,6.25,703.664
14081,100.0,6.25,703.664
14082,100.0,6.25,703.664
14083,100.0,6.25,703.664
14084,100.0,6.25,703.664
14085,87.5,5.469,703.664
14086,100.0,6.25,703.664
14087,114.7,7.169,703.664
14088,87.5,5.469,703.664
14089,75.0,4.688,703.664
14090,88.7,5.544,703.664
14091,100.0,6.25,703.664
14092,87.5,5.469,703.664
14093,77.6,4.85,703.664
14094,44.6,2.788,703.664
14095,100.0,6.25,703.664
14096,100.0,6.25,703.664
14097,100.0,6.25,703.664
14098,88.7,5.544,703.664
14099,100.0,6.25,703.664
14100,87.5,5.469,703.664
14101,100.0,6.25,703.664
14102,100.0,6.25,703.664
14103,87.5,5.469,703.664
14104,100.0,6.25,703.664
14105,75.0,4.688,703.664
14106,100.0,6.25,703.664
14107,100.0,6.25,703.664
14108,87.5,5.469,703.664
14109,87.5,5.469,703.664
14110,112.5,7.031,703.664
14111,87.5,5.469,703.664
14112,100.0,6.25,703.664
14113,87.5,5.469,703.664
14114,112.5,7.031,703.664
14115,100.0,6.25,703.664
14116,100.3,6.269,703.664
14117,87.5,5.469,703.664
14118,87.5,5.469,703.664
14119,62.5,3.906,703.664
14120,100.0,6.25,703.664
14121,113.6,7.1,703.664
14122,100.0,6.25,703.664
14123,100.0,6.25,703.664
14124,100.0,6.25,703.664
14125,100.0,6.25,703.664
14126,87.5,5.469,703.664
14127,100.0,6.25,703.664
14128,100.0,6.25,703.664
14129,100.0,6.25,703.664
14130,100.0,6.25,703.664
14131,100.0,6.25,703.664
14132,75.0,4.688,703.664
14133,100.0,6.25,703.664
14134,87.5,5.469,703.664
14135,100.0,6.25,703.664
14136,100.0,6.25,703.664
14137,114.7,7.169,703.664
14138,77.6,4.85,703.664
14139,100.0,6.25,703.664
14140,100.0,6.25,703.664
14141,100.0,6.25,703.664
14142,98.5,6.156,679.285
14143,100.0,6.25,679.285
14144,62.5,3.906,671.66
14145,0.0,0.0,671.66
14146,0.0,0.0,671.66
14147,0.0,0.0,671.66
14148,14.2,0.887,671.66
14149,0.0,0.0,671.66
14150,0.0,0.0,671.66
14151,14.2,0.887,671.66
14152,0.0,0.0,671.66
14153,0.0,0.0,671.66
14154,0.0,0.0,671.66
14155,0.0,0.0,671.66
14156,0.0,0.0,671.66
14157,0.0,0.0,671.66
14158,0.0,0.0,671.66
14159,0.0,0.0,671.66
14160,0.0,0.0,671.66
14161,0.0,0.0,671.66
14162,0.0,0.0,671.66
14163,0.0,0.0,671.66
14164,0.0,0.0,671.66
14165,0.0,0.0,671.66
14166,14.3,0.894,671.66
14167,0.0,0.0,671.688
14168,0.0,0.0,671.688
14169,0.0,0.0,671.688
14170,0.0,0.0,671.688
14171,0.0,0.0,671.688
14172,0.0,0.0,671.688
14173,0.0,0.0,671.688
14174,0.0,0.0,671.688
14175,0.0,0.0,671.688
14176,0.0,0.0,671.688
14177,0.0,0.0,671.688
14178,0.0,0.0,671.688
14179,0.0,0.0,671.688
14180,50.0,3.125,670.031
14181,71.7,4.481,670.031
14182,0.0,0.0,670.031
14183,0.0,0.0,670.031
14184,0.0,0.0,670.031
14185,0.0,0.0,670.031
14186,0.0,0.0,670.031
14187,0.0,0.0,670.031
14188,0.0,0.0,670.031
14189,0.0,0.0,670.031
14190,0.0,0.0,670.031
14191,0.0,0.0,670.031
14192,0.0,0.0,670.031
14193,0.0,0.0,670.031
14194,0.0,0.0,670.031
14195,0.0,0.0,670.031
14196,0.0,0.0,670.031
14197,0.0,0.0,670.031
14198,0.0,0.0,670.031
14199,0.0,0.0,670.031
14200,0.0,0.0,670.031
14201,0.0,0.0,670.031
14202,0.0,0.0,670.031
14203,0.0,0.0,670.031
14204,0.0,0.0,670.031
14205,0.0,0.0,670.031
14206,0.0,0.0,670.031
14207,0.0,0.0,670.031
14208,0.0,0.0,670.031
14209,0.0,0.0,670.031
14210,0.0,0.0,670.031
14211,37.5,2.344,670.031
14212,87.5,5.469,670.031
14213,100.0,6.25,670.031
14214,100.0,6.25,670.031
14215,75.0,4.688,672.035
14216,87.5,5.469,672.035
14217,100.0,6.25,672.035
14218,100.3,6.269,672.035
14219,100.0,6.25,672.035
14220,100.0,6.25,672.035
14221,87.5,5.469,672.035
14222,75.0,4.688,672.035
14223,100.0,6.25,672.035
14224,88.7,5.544,672.035
14225,114.7,7.169,674.035
14226,87.5,5.469,674.035
14227,100.0,6.25,674.035
14228,100.0,6.25,674.035
14229,100.0,6.25,674.035
14230,100.0,6.25,674.035
14231,100.0,6.25,674.035
14232,100.0,6.25,674.035
14233,100.0,6.25,674.035
14234,100.0,6.25,674.035
14235,87.5,5.469,674.035
14236,87.5,5.469,674.035
14237,112.5,7.031,674.035
14238,100.0,6.25,678.035
14239,100.0,6.25,678.035
14240,100.0,6.25,678.035
14241,62.5,3.906,678.035
14242,112.5,7.031,678.035
14243,100.0,6.25,678.035
14244,87.5,5.469,678.035
14245,99.4,6.213,678.035
14246,100.0,6.25,678.035
14247,100.0,6.25,678.035
14248,100.0,6.25,678.035
14249,87.5,5.469,678.035
14250,87.5,5.469,678.035
14251,100.0,6.25,678.035
14252,100.0,6.25,678.035
14253,100.0,6.25,678.035
14254,100.0,6.25,678.035
14255,100.0,6.25,678.035
14256,100.0,6.25,678.035
14257,100.0,6.25,678.035
14258,87.5,5.469,678.035
14259,100.0,6.25,678.035
14260,100.0,6.25,678.035
14261,100.0,6.25,678.035
14262,100.0,6.25,678.035
14263,87.5,5.469,678.035
14264,114.7,7.169,686.035
14265,100.0,6.25,686.035
14266,87.5,5.469,686.035
14267,100.0,6.25,686.035
14268,100.0,6.25,686.035
14269,100.0,6.25,686.035
14270,100.0,6.25,686.035
14271,100.0,6.25,686.035
14272,100.0,6.25,686.035
14273,100.0,6.25,686.035
14274,100.0,6.25,686.035
14275,88.7,5.544,686.035
14276,112.5,7.031,686.035
14277,100.0,6.25,686.035
14278,100.0,6.25,686.035
14279,100.0,6.25,686.035
14280,100.0,6.25,686.035
14281,100.0,6.25,686.035
14282,100.0,6.25,686.035
14283,75.0,4.688,686.035
14284,100.0,6.25,686.035
14285,100.0,6.25,686.035
14286,100.0,6.25,686.035
14287,100.0,6.25,686.035
14288,100.0,6.25,686.035
14289,62.5,3.906,686.035
14290,114.7,7.169,686.035
14291,88.7,5.544,686.035
14292,87.5,5.469,686.035
14293,100.0,6.25,686.035
14294,100.0,6.25,686.035
14295,100.0,6.25,686.035
14296,100.0,6.25,686.035
14297,87.5,5.469,686.035
14298,114.7,7.169,686.035
14299,100.0,6.25,686.035
14300,88.7,5.544,686.035
14301,114.7,7.169,686.035
14302,99.7,6.231,686.035
14303,87.5,5.469,686.035
14304,87.5,5.469,686.035
14305,114.7,7.169,686.035
14306,75.0,4.688,686.035
14307,114.7,7.169,686.035
14308,75.0,4.688,686.035
14309,99.4,6.213,686.035
14310,78.1,4.881,686.035
14311,113.6,7.1,686.035
14312,75.0,4.688,686.035
14313,100.0,6.25,686.035
14314,87.5,5.469,686.035
14315,86.0,5.375,686.035
14316,87.5,5.469,702.035
14317,100.0,6.25,702.035
14318,100.0,6.25,702.035
14319,88.7,5.544,702.035
14320,100.0,6.25,702.035
14321,100.0,6.25,702.035
14322,100.0,6.25,702.035
14323,78.1,4.881,702.035
14324,87.5,5.469,702.035
14325,112.5,7.031,702.035
14326,100.0,6.25,702.035
14327,100.0,6.25,702.035
14328,100.0,6.25,702.035
14329,88.7,5.544,702.035
14330,100.0,6.25,702.035
14331,87.5,5.469,702.035
14332,100.0,6.25,702.035
14333,100.0,6.25,702.035
14334,100.0,6.25,702.035
14335,100.0,6.25,702.035
14336,88.7,5.544,702.035
14337,75.0,4.688,702.035
14338,100.0,6.25,702.035
14339,100.0,6.25,702.035
14340,100.0,6.25,702.035
14341,100.0,6.25,702.035
14342,89.3,5.581,702.035
14343,87.5,5.469,702.035
14344,100.0,6.25,702.035
14345,62.5,3.906,702.035
14346,100.0,6.25,702.035
14347,75.0,4.688,702.035
14348,100.0,6.25,702.035
14349,75.0,4.688,702.035
14350,100.0,6.25,702.035
14351,100.0,6.25,702.035
14352,88.7,5.544,702.035
14353,100.0,6.25,702.035
14354,100.0,6.25,702.035
14355,100.0,6.25,702.035
14356,37.5,2.344,702.035
14357,100.0,6.25,702.035
14358,100.0,6.25,702.035
14359,77.6,4.85,702.035
14360,112.5,7.031,702.035
14361,100.0,6.25,702.035
14362,100.0,6.25,702.035
14363,100.0,6.25,702.035
14364,100.0,6.25,702.035
14365,100.0,6.25,702.035
14366,89.3,5.581,702.035
14367,100.0,6.25,702.035
14368,87.5,5.469,702.035
14369,100.0,6.25,702.035
14370,87.5,5.469,702.035
14371,100.0,6.25,702.035
14372,100.0,6.25,702.035
14373,112.5,7.031,702.035
14374,50.0,3.125,702.035
14375,87.5,5.469,702.035
14376,100.0,6.25,702.035
14377,100.0,6.25,702.035
14378,92.8,5.8,677.656
14379,114.7,7.169,670.031
14380,0.0,0.0,670.031
14381,42.6,2.663,670.031
14382,14.3,0.894,670.031
14383,0.0,0.0,670.031
14384,14.2,0.887,670.031
14385,14.3,0.894,670.031
14386,0.0,0.0,670.031
14387,0.0,0.0,670.031
14388,25.0,1.562,670.031
14389,100.0,6.25,670.031
14390,75.0,4.688,670.031
14391,100.0,6.25,672.035
14392,87.5,5.469,672.035
14393,100.0,6.25,672.035
14394,100.0,6.25,672.035
14395,100.0,6.25,672.035
14396,100.0,6.25,672.035
14397,89.3,5.581,672.035
14398,100.0,6.25,672.035
14399,100.0,6.25,672.035
14400,112.5,7.031,672.035
14401,100.0,6.25,674.035
14402,100.0,6.25,674.035
14403,100.0,6.25,674.035
14404,100.0,6.25,674.035
14405,100.0,6.25,674.035
14406,100.0,6.25,674.035
14407,100.0,6.25,674.035
14408,100.0,6.25,674.035
14409,87.5,5.469,674.035
14410,100.0,6.25,674.035
14411,88.7,5.544,674.035
14412,100.0,6.25,674.035
14413,100.0,6.25,674.035
14414,100.0,6.25,678.035
14415,100.0,6.25,678.035
14416,100.0,6.25,678.035
14417,100.0,6.25,678.035
14418,100.0,6.25,678.035
14419,100.0,6.25,678.035
14420,87.5,5.469,678.035
14421,100.0,6.25,678.035
14422,100.0,6.25,678.035
14423,87.5,5.469,678.035
14424,62.5,3.906,678.035
14425,75.0,4.688,678.035
14426,100.0,6.25,678.035
14427,100.0,6.25,678.035
14428,100.0,6.25,678.035
14429,100.0,6.25,678.035
14430,100.0,6.25,678.035
14431,75.0,4.688,678.035
14432,100.0,6.25,678.035
14433,100.0,6.25,678.035
14434,87.5,5.469,678.035
14435,89.3,5.581,678.035
14436,100.0,6.25,678.035
14437,100.0,6.25,678.035
14438,87.5,5.469,678.035
14439,100.0,6.25,678.035
14440,100.0,6.25,686.035
14441,100.0,6.25,686.035
14442,100.0,6.25,686.035
14443,100.0,6.25,686.035
14444,100.0,6.25,686.035
14445,87.5,5.469,686.035
14446,100.0,6.25,686.035
14447,100.0,6.25,686.035
14448,87.5,5.469,686.035
14449,100.0,6.25,686.035
14450,88.7,5.544,686.035
14451,100.0,6.25,686.035
14452,75.0,4.688,686.035
14453,100.0,6.25,686.035
14454,100.0,6.25,686.035
14455,100.0,6.25,686.035
14456,75.0,4.688,686.035
14457,100.0,6.25,686.035
14458,100.0,6.25,686.035
14459,100.0,6.25,686.035
14460,100.0,6.25,686.035
14461,100.0,6.25,686.035
14462,100.0,6.25,686.035
14463,100.0,6.25,686.035
14464,100.0,6.25,686.035
14465,100.0,6.25,686.035
14466,100.0,6.25,686.035
14467,88.7,5.544,686.035
14468,100.0,6.25,686.035
14469,100.0,6.25,686.035
14470,100.0,6.25,686.035
14471,100.0,6.25,686.035
14472,87.5,5.469,686.035
14473,50.0,3.125,686.035
14474,87.5,5.469,686.035
14475,100.0,6.25,686.035
14476,100.0,6.25,686.035
14477,87.5,5.469,686.035
14478,100.0,6.25,686.035
14479,100.0,6.25,686.035
14480,100.0,6.25,686.035
14481,100.0,6.25,686.035
14482,100.0,6.25,686.035
14483,100.0,6.25,686.035
14484,100.0,6.25,686.035
14485,89.3,5.581,686.035
14486,100.0,6.25,686.035
14487,100.0,6.25,686.035
14488,100.0,6.25,686.035
14489,37.5,2.344,686.035
14490,62.5,3.906,686.035
14491,100.0,6.25,686.035
14492,100.0,6.25,702.035
14493,100.0,6.25,702.035
14494,100.0,6.25,702.035
14495,100.0,6.25,702.035
14496,100.0,6.25,702.035
14497,87.5,5.469,702.035
14498,88.7,5.544,702.035
14499,100.0,6.25,702.035
14500,87.5,5.469,702.035
14501,100.0,6.25,702.035
14502,100.0,6.25,702.035
14503,87.5,5.469,702.035
14504,100.0,6.25,702.035
14505,100.0,6.25,702.035
14506,100.0,6.25,702.035
14507,100.0,6.25,702.035
14508,100.0,6.25,702.035
14509,100.0,6.25,702.035
14510,88.7,5.544,702.035
14511,87.5,5.469,702.035
14512,100.0,6.25,702.035
14513,114.7,7.169,702.035
14514,100.0,6.25,702.035
14515,100.0,6.25,702.035
14516,88.7,5.544,702.035
14517,100.0,6.25,702.035
14518,100.0,6.25,702.035
14519,87.5,5.469,702.035
14520,100.0,6.25,702.035
14521,87.5,5.469,702.035
14522,87.5,5.469,702.035
14523,100.0,6.25,702.035
14524,100.0,6.25,702.035
14525,87.5,5.469,702.035
14526,89.3,5.581,702.035
14527,99.4,6.213,702.035
14528,78.1,4.881,702.035
14529,100.0,6.25,702.035
14530,100.0,6.25,702.035
14531,100.0,6.25,702.035
14532,62.5,3.906,702.035
14533,100.0,6.25,702.035
14534,100.0,6.25,702.035
14535,100.0,6.25,702.035
14536,100.0,6.25,702.035
14537,100.0,6.25,702.035
14538,100.0,6.25,702.035
14539,100.0,6.25,702.035
14540,100.0,6.25,702.035
14541,88.7,5.544,702.035
14542,100.0,6.25,702.035
14543,100.0,6.25,702.035
14544,100.0,6.25,702.035
14545,100.0,6.25,702.035
14546,100.0,6.25,702.035
14547,100.0,6.25,702.035
14548,89.3,5.581,702.035
14549,100.0,6.25,702.035
14550,87.5,5.469,702.035
14551,75.0,4.688,702.035
14552,100.0,6.25,702.035
14553,97.0,6.062,677.656
14554,114.7,7.169,677.656
14555,71.0,4.438,670.031
14556,0.0,0.0,670.031
14557,12.5,0.781,670.031
14558,0.0,0.0,670.031
14559,0.0,0.0,670.031
14560,0.0,0.0,670.031
14561,0.0,0.0,670.031
14562,0.0,0.0,670.031
14563,0.0,0.0,670.031
14564,0.0,0.0,670.031
14565,0.0,0.0,670.031
14566,14.3,0.894,670.027
14567,0.0,0.0,670.027
14568,0.0,0.0,670.027
14569,0.0,0.0,670.027
14570,0.0,0.0,670.027
14571,0.0,0.0,670.027
14572,0.0,0.0,670.027
14573,0.0,0.0,670.027
14574,0.0,0.0,670.027
14575,0.0,0.0,670.027
14576,0.0,0.0,670.027
14577,0.0,0.0,670.027
14578,0.0,0.0,670.027
14579,0.0,0.0,670.027
14580,14.2,0.887,670.027
14581,0.0,0.0,670.027
14582,0.0,0.0,670.027
14583,0.0,0.0,670.027
14584,0.0,0.0,670.027
14585,0.0,0.0,670.027
14586,0.0,0.0,670.027
14587,0.0,0.0,670.027
14588,14.3,0.894,670.027
14589,0.0,0.0,670.027
14590,0.0,0.0,670.027
14591,0.0,0.0,670.027
14592,0.0,0.0,670.027
14593,0.0,0.0,670.027
14594,0.0,0.0,670.027
14595,0.0,0.0,670.027
14596,0.0,0.0,670.027
14597,0.0,0.0,670.027
14598,75.0,4.688,670.027
14599,100.0,6.25,670.027
14600,100.0,6.25,670.027
14601,100.0,6.25,672.031
14602,88.7,5.544,672.031
14603,87.5,5.469,672.031
14604,112.5,7.031,672.031
14605,87.5,5.469,672.031
14606,100.0,6.25,672.031
14607,100.0,6.25,672.031
14608,100.0,6.25,672.031
14609,89.3,5.581,672.031
14610,87.5,5.469,672.031
14611,100.0,6.25,674.031
14612,100.0,6.25,674.031
14613,100.0,6.25,674.031
14614,100.0,6.25,674.031
14615,100.0,6.25,674.031
14616,100.0,6.25,674.031
14617,88.7,5.544,674.031
14618,100.0,6.25,674.031
14619,87.5,5.469,674.031
14620,87.5,5.469,674.031
14621,100.0,6.25,674.031
14622,100.0,6.25,674.031
14623,100.0,6.25,674.031
14624,100.0,6.25,678.031
14625,100.0,6.25,678.031
14626,100.0,6.25,678.031
14627,88.7,5.544,678.031
14628,100.0,6.25,678.031
14629,100.0,6.25,678.031
14630,100.0,6.25,678.031
14631,100.0,6.25,678.031
14632,100.0,6.25,678.031
14633,87.5,5.469,678.031
14634,100.0,6.25,678.031
14635,62.5,3.906,678.031
14636,100.0,6.25,678.031
14637,100.0,6.25,678.031
14638,100.0,6.25,678.031
14639,75.0,4.688,678.031
14640,75.0,4.688,678.031
14641,87.5,5.469,678.031
14642,100.0,6.25,678.031
14643,89.3,5.581,678.031
14644,100.0,6.25,678.031
14645,100.0,6.25,678.031
14646,100.0,6.25,678.031
14647,87.5,5.469,678.031
14648,112.5,7.031,678.031
14649,100.0,6.25,678.031
14650,100.0,6.25,678.031
14651,100.0,6.25,686.031
14652,100.0,6.25,686.031
14653,100.0,6.25,686.031
14654,87.5,5.469,686.031
14655,100.0,6.25,686.031
14656,100.0,6.25,686.031
14657,100.0,6.25,686.031
14658,100.0,6.25,686.031
14659,77.6,4.85,686.031
14660,100.0,6.25,686.031
14661,100.0,6.25,686.031
14662,100.0,6.25,686.031
14663,87.5,5.469,686.031
14664,100.0,6.25,686.031
14665,100.0,6.25,686.031
14666,100.0,6.25,686.031
14667,100.0,6.25,686.031
14668,100.0,6.25,686.031
14669,100.0,6.25,686.031
14670,100.0,6.25,686.031
14671,100.0,6.25,686.031
14672,100.0,6.25,686.031
14673,100.0,6.25,686.031
14674,100.0,6.25,686.031
14675,89.3,5.581,686.031
14676,62.5,3.906,686.031
14677,100.0,6.25,686.031
14678,100.0,6.25,686.031
14679,100.0,6.25,686.031
14680,100.0,6.25,686.031
14681,100.0,6.25,686.031
14682,100.0,6.25,686.031
14683,100.0,6.25,686.031
14684,62.5,3.906,686.031
14685,100.0,6.25,686.031
14686,75.0,4.688,686.031
14687,87.5,5.469,686.031
14688,87.5,5.469,686.031
14689,100.0,6.25,686.031
14690,33.2,2.075,686.031
14691,100.3,6.269,686.031
14692,77.6,4.85,686.031
14693,25.0,1.562,686.031
14694,0.0,0.0,686.031
14695,0.0,0.0,686.031
14696,22.2,1.387,686.031
14697,11.2,0.7,686.031
14698,24.9,1.556,686.031
14699,0.0,0.0,686.031
14700,78.1,4.881,686.031
14701,50.0,3.125,686.031
14702,22.2,1.387,686.031
14703,37.5,2.344,686.031
14704,50.0,3.125,686.031
14705,60.1,3.756,686.031
14706,0.0,0.0,686.031
14707,0.0,0.0,686.031
14708,8.0,0.5,686.031
14709,62.5,3.906,686.031
14710,55.8,3.487,686.031
14711,12.5,0.781,686.031
14712,8.3,0.519,686.031
14713,11.2,0.7,686.031
14714,75.0,4.688,686.031
14715,87.5,5.469,686.031
14716,75.0,4.688,686.031
14717,100.0,6.25,686.031
14718,62.5,3.906,686.031
14719,100.0,6.25,686.031
14720,100.0,6.25,686.031
14721,100.0,6.25,686.031
14722,62.5,3.906,686.031
14723,87.5,5.469,686.031
14724,75.0,4.688,686.031
14725,87.5,5.469,686.031
14726,50.0,3.125,686.031
14727,39.8,2.487,686.031
14728,25.0,1.562,686.031
14729,100.0,6.25,686.031
14730,75.0,4.688,686.031
14731,75.0,4.688,686.031
14732,75.0,4.688,686.031
14733,62.5,3.906,686.031
14734,50.0,3.125,686.031
14735,55.8,3.487,686.031
14736,12.5,0.781,686.031
14737,62.5,3.906,686.031
14738,100.0,6.25,686.031
14739,100.0,6.25,686.031
14740,100.0,6.25,686.031
14741,87.5,5.469,702.031
14742,87.5,5.469,702.031
14743,100.0,6.25,702.031
14744,100.0,6.25,702.031
14745,100.0,6.25,702.031
14746,100.0,6.25,702.031
14747,100.0,6.25,702.031
14748,87.5,5.469,702.031
14749,100.0,6.25,702.031
14750,100.0,6.25,702.031
14751,100.0,6.25,702.031
14752,100.0,6.25,702.031
14753,62.5,3.906,702.031
14754,87.5,5.469,702.031
14755,75.0,4.688,702.031
14756,75.0,4.688,702.031
14757,62.5,3.906,702.031
14758,100.0,6.25,702.031
14759,87.5,5.469,702.031
14760,100.0,6.25,702.031
14761,100.0,6.25,702.031
14762,100.0,6.25,702.031
14763,100.0,6.25,702.031
14764,100.0,6.25,702.031
14765,100.0,6.25,702.031
14766,100.0,6.25,702.031
14767,87.5,5.469,702.031
14768,87.5,5.469,702.031
14769,100.0,6.25,702.031
14770,75.0,4.688,702.031
14771,100.0,6.25,702.031
14772,100.0,6.25,702.031
14773,87.5,5.469,702.031
14774,100.0,6.25,702.031
14775,75.0,4.688,702.031
14776,100.0,6.25,702.031
14777,87.5,5.469,702.031
14778,100.0,6.25,702.031
14779,87.5,5.469,702.031
14780,87.5,5.469,702.031
14781,100.0,6.25,702.031
14782,100.0,6.25,702.031
14783,100.0,6.25,702.031
14784,100.0,6.25,702.031
14785,100.0,6.25,702.031
14786,100.0,6.25,702.031
14787,100.0,6.25,702.031
14788,87.5,5.469,702.031
14789,100.0,6.25,702.031
14790,100.0,6.25,702.031
14791,75.0,4.688,702.031
14792,20.0,1.25,702.031
14793,27.3,1.706,702.031
14794,0.0,0.0,702.031
14795,16.7,1.044,702.031
14796,13.4,0.838,702.031
14797,10.0,0.625,702.031
14798,0.0,0.0,702.031
14799,55.8,3.487,702.031
14800,25.0,1.562,702.031
14801,25.0,1.562,702.031
14802,14.3,0.894,702.031
14803,10.0,0.625,702.031
14804,11.1,0.694,702.031
14805,87.5,5.469,702.031
14806,112.5,7.031,702.031
14807,75.0,4.688,702.031
14808,100.0,6.25,702.031
14809,100.0,6.25,702.031
14810,100.0,6.25,702.031
14811,100.0,6.25,702.031
14812,100.0,6.25,702.031
14813,87.5,5.469,702.031
14814,100.0,6.25,702.031
14815,100.0,6.25,702.031
14816,87.5,5.469,702.031
14817,100.0,6.25,702.031
14818,87.5,5.469,702.031
14819,100.0,6.25,702.031
14820,87.5,5.469,702.031
14821,100.0,6.25,702.031
14822,100.0,6.25,702.031
14823,75.0,4.688,702.031
14824,100.0,6.25,702.031
14825,100.0,6.25,702.031
14826,100.0,6.25,702.031
14827,100.0,6.25,702.031
14828,100.0,6.25,702.031
14829,100.0,6.25,702.031
14830,100.0,6.25,702.031
14831,100.0,6.25,702.031
14832,100.0,6.25,702.031
14833,100.0,6.25,702.031
14834,100.0,6.25,702.031
14835,87.5,5.469,702.031
14836,100.0,6.25,702.031
14837,100.0,6.25,702.031
14838,100.0,6.25,702.031
14839,100.0,6.25,702.031
14840,89.3,5.581,702.031
14841,113.6,7.1,702.031
14842,100.0,6.25,702.031
14843,70.1,4.381,702.031
14844,62.5,3.906,702.031
14845,75.0,4.688,702.031
14846,100.3,6.269,702.031
14847,87.5,5.469,702.031
14848,55.4,3.462,702.031
14849,75.0,4.688,702.031
14850,75.0,4.688,702.031
14851,100.0,6.25,702.031
14852,100.0,6.25,702.031
14853,50.0,3.125,702.031
14854,75.0,4.688,702.031
14855,44.3,2.769,702.031
14856,50.0,3.125,702.031
14857,75.0,4.688,702.031
14858,62.5,3.906,702.031
14859,44.6,2.788,702.031
14860,50.0,3.125,702.031
14861,87.5,5.469,702.031
14862,50.0,3.125,702.031
14863,50.0,3.125,702.031
14864,75.0,4.688,702.031
14865,75.0,4.688,702.031
14866,62.5,3.906,702.031
14867,75.0,4.688,702.031
14868,75.0,4.688,702.031
14869,87.5,5.469,702.031
14870,100.0,6.25,702.031
14871,49.8,3.112,702.031
14872,75.0,4.688,702.031
14873,87.5,5.469,702.031
14874,100.0,6.25,702.031
14875,100.0,6.25,702.031
14876,100.0,6.25,702.031
14877,100.0,6.25,702.031
14878,100.0,6.25,702.172
14879,92.1,5.756,677.824
14880,100.0,6.25,670.199
14881,0.0,0.0,670.199
14882,0.0,0.0,670.199
14883,14.3,0.894,670.203
14884,0.0,0.0,670.203
14885,25.0,1.562,670.203
14886,16.6,1.038,670.203
14887,77.6,4.85,670.203
14888,87.5,5.469,670.203
14889,114.7,7.169,670.203
14890,77.6,4.85,672.207
14891,100.0,6.25,672.207
14892,100.0,6.25,672.207
14893,100.0,6.25,672.207
14894,87.5,5.469,672.207
14895,62.5,3.906,672.207
14896,87.5,5.469,672.207
14897,62.5,3.906,672.207
14898,50.0,3.125,672.207
14899,100.0,6.25,672.207
14900,87.5,5.469,672.207
14901,50.0,3.125,674.207
14902,0.0,0.0,674.207
14903,75.0,4.688,674.207
14904,100.0,6.25,674.207
14905,112.5,7.031,674.207
14906,87.5,5.469,674.207
14907,100.0,6.25,674.207
14908,100.0,6.25,674.207
14909,100.0,6.25,674.207
14910,100.0,6.25,674.207
14911,87.5,5.469,674.207
14912,100.0,6.25,674.207
14913,100.0,6.25,674.207
14914,100.0,6.25,678.207
14915,87.5,5.469,678.207
14916,100.0,6.25,678.207
14917,100.0,6.25,678.207
14918,87.5,5.469,678.207
14919,100.0,6.25,678.207
14920,87.5,5.469,678.207
14921,62.5,3.906,678.207
14922,87.5,5.469,678.207
14923,100.0,6.25,678.207
14924,87.5,5.469,678.207
14925,87.5,5.469,678.207
14926,75.0,4.688,678.207
14927,100.0,6.25,678.207
14928,100.0,6.25,678.207
14929,100.0,6.25,678.207
14930,100.0,6.25,678.207
14931,100.0,6.25,678.207
14932,87.5,5.469,678.207
14933,100.0,6.25,678.207
14934,89.3,5.581,678.207
14935,100.0,6.25,678.207
14936,100.0,6.25,678.207
14937,100.0,6.25,678.207
14938,75.0,4.688,678.207
14939,100.0,6.25,678.207
14940,100.0,6.25,678.207
14941,112.5,7.031,686.207
14942,62.5,3.906,686.207
14943,100.0,6.25,686.207
14944,100.0,6.25,686.207
14945,100.0,6.25,686.207
14946,75.0,4.688,686.207
14947,100.0,6.25,686.207
14948,85.2,5.325,686.207
14949,100.0,6.25,686.207
14950,100.0,6.25,686.207
14951,100.0,6.25,686.207
14952,67.0,4.188,686.207
14953,100.0,6.25,686.207
14954,100.0,6.25,686.207
14955,100.0,6.25,686.207
14956,87.5,5.469,686.207
14957,77.6,4.85,686.207
14958,100.0,6.25,686.207
14959,100.0,6.25,686.207
14960,87.5,5.469,686.207
14961,87.5,5.469,686.207
14962,33.2,2.075,686.207
14963,25.0,1.562,686.207
14964,50.0,3.125,686.207
14965,62.5,3.906,686.207
14966,62.5,3.906,686.207
14967,62.5,3.906,686.207
14968,87.5,5.469,686.207
14969,100.0,6.25,686.207
14970,100.0,6.25,686.207
14971,89.3,5.581,686.207
14972,100.0,6.25,686.207
14973,100.0,6.25,686.207
14974,112.5,7.031,686.207
14975,100.0,6.25,686.207
14976,87.5,5.469,686.207
14977,100.0,6.25,686.207
14978,100.0,6.25,686.207
14979,100.0,6.25,686.207
14980,100.0,6.25,686.207
14981,88.7,5.544,686.207
14982,100.0,6.25,686.207
14983,100.0,6.25,686.207
14984,112.5,7.031,686.207
14985,100.0,6.25,686.207
14986,100.0,6.25,686.207
14987,87.5,5.469,686.207
14988,100.0,6.25,686.207
14989,100.0,6.25,686.207
14990,100.0,6.25,686.207
14991,89.3,5.581,686.207
14992,100.0,6.25,686.207
14993,75.0,4.688,686.207
14994,100.0,6.25,686.207
14995,87.5,5.469,686.207
14996,100.0,6.25,686.207
14997,100.0,6.25,686.207
14998,100.0,6.25,686.207
14999,100.0,6.25,702.207
15000,87.5,5.469,702.207
15001,100.0,6.25,702.207
15002,100.0,6.25,702.207
15003,100.0,6.25,702.207
15004,88.7,5.544,702.207
15005,100.0,6.25,702.207
15006,112.5,7.031,702.207
15007,100.0,6.25,702.207
15008,100.0,6.25,702.207
15009,100.0,6.25,702.207
15010,100.0,6.25,702.207
15011,87.5,5.469,702.207
15012,100.0,6.25,702.207
15013,100.0,6.25,702.207
15014,87.5,5.469,702.207
15015,88.7,5.544,702.207
15016,100.0,6.25,702.207
15017,100.0,6.25,702.207
15018,100.0,6.25,702.207
15019,112.5,7.031,702.207
15020,100.0,6.25,702.207
15021,100.0,6.25,702.207
15022,100.0,6.25,702.207
15023,100.0,6.25,702.207
15024,89.3,5.581,702.207
15025,100.0,6.25,702.207
15026,112.5,7.031,702.207
15027,100.0,6.25,702.207
15028,100.0,6.25,702.207
15029,37.5,2.344,702.207
15030,87.5,5.469,702.207
15031,100.0,6.25,702.207
15032,88.7,5.544,702.207
15033,100.0,6.25,702.207
15034,100.0,6.25,702.207
15035,100.0,6.25,702.449
15036,100.0,6.25,702.883
15037,87.5,5.469,703.035
15038,100.0,6.25,703.035
15039,87.5,5.469,703.035
15040,100.0,6.25,703.035
15041,100.0,6.25,703.035
15042,100.0,6.25,703.035
15043,87.5,5.469,703.035
15044,100.0,6.25,703.035
15045,88.7,5.544,703.035
15046,100.0,6.25,703.035
15047,50.0,3.125,703.035
15048,18.3,1.144,703.035
15049,25.0,1.562,703.035
15050,44.3,2.769,703.035
15051,25.0,1.562,703.035
15052,55.4,3.462,703.035
15053,87.5,5.469,703.035
15054,100.0,6.25,703.035
15055,89.3,5.581,703.035
15056,100.0,6.25,703.035
15057,100.0,6.25,703.035
15058,62.5,3.906,703.035
15059,100.0,6.25,703.035
15060,100.0,6.25,703.035
15061,100.0,6.25,703.035
15062,100.0,6.25,703.035
15063,100.0,6.25,703.035
15064,100.0,6.25,703.035
15065,94.1,5.881,678.656
15066,86.0,5.375,671.031
15067,14.2,0.887,671.031
15068,0.0,0.0,671.031
15069,0.0,0.0,671.031
15070,0.0,0.0,671.031
15071,0.0,0.0,671.031
15072,0.0,0.0,671.031
15073,0.0,0.0,671.031
15074,0.0,0.0,671.031
15075,0.0,0.0,671.031
15076,0.0,0.0,671.031
15077,0.0,0.0,671.031
15078,0.0,0.0,671.031
15079,0.0,0.0,671.031
15080,0.0,0.0,671.031
15081,0.0,0.0,671.031
15082,28.7,1.794,671.031
15083,0.0,0.0,671.031
15084,0.0,0.0,671.031
15085,14.2,0.887,671.031
15086,0.0,0.0,671.031
15087,0.0,0.0,671.031
15088,0.0,0.0,671.031
15089,0.0,0.0,671.031
15090,0.0,0.0,671.031
15091,0.0,0.0,671.031
15092,0.0,0.0,671.031
15093,0.0,0.0,671.031
15094,75.0,4.688,671.039
15095,14.2,0.887,671.039
15096,0.0,0.0,671.039
15097,0.0,0.0,671.039
15098,0.0,0.0,671.039
15099,0.0,0.0,671.039
15100,0.0,0.0,671.039
15101,43.0,2.688,671.039
15102,0.0,0.0,671.039
15103,0.0,0.0,671.039
15104,0.0,0.0,671.039
15105,0.0,0.0,671.039
15106,0.0,0.0,671.039
15107,0.0,0.0,671.039
15108,0.0,0.0,671.039
15109,0.0,0.0,671.039
15110,12.5,0.781,671.039
15111,0.0,0.0,671.039
15112,0.0,0.0,671.039
15113,0.0,0.0,671.039
15114,25.0,1.562,671.043
15115,100.0,6.25,671.051
15116,75.0,4.688,671.051
15117,75.0,4.688,671.051
15118,100.0,6.25,671.051
15119,100.0,6.25,673.055
15120,89.3,5.581,673.055
15121,100.0,6.25,673.055
15122,100.0,6.25,673.055
15123,100.0,6.25,673.055
15124,75.0,4.688,673.055
15125,100.0,6.25,673.055
15126,100.0,6.25,673.055
15127,100.0,6.25,673.055
15128,100.0,6.25,673.055
15129,100.0,6.25,675.055
15130,88.7,5.544,675.055
15131,112.5,7.031,675.055
15132,37.5,2.344,675.055
15133,75.0,4.688,675.055
15134,100.0,6.25,675.055
15135,87.5,5.469,675.055
15136,100.0,6.25,675.055
15137,100.0,6.25,675.055
15138,100.0,6.25,675.055
15139,88.7,5.544,675.055
15140,100.0,6.25,675.055
15141,100.0,6.25,675.055
15142,75.0,4.688,679.055
15143,100.0,6.25,679.055
15144,100.0,6.25,679.055
15145,100.0,6.25,679.055
15146,100.0,6.25,679.055
15147,100.0,6.25,679.055
15148,100.0,6.25,679.055
15149,89.3,5.581,679.055
15150,100.0,6.25,679.039
15151,100.0,6.25,679.039
15152,112.5,7.031,679.039
15153,100.0,6.25,679.039
15154,100.0,6.25,679.039
15155,100.0,6.25,679.039
15156,87.5,5.469,679.039
15157,88.7,5.544,679.039
15158,100.0,6.25,679.039
15159,100.0,6.25,679.039
15160,44.3,2.769,679.039
15161,112.5,7.031,679.039
15162,100.0,6.25,679.039
15163,100.0,6.25,679.039
15164,37.5,2.344,679.039
15165,87.5,5.469,679.039
15166,100.0,6.25,679.039
15167,89.3,5.581,679.039
15168,100.0,6.25,679.039
15169,100.0,6.25,687.039
15170,100.0,6.25,687.039
15171,87.5,5.469,687.039
15172,100.0,6.25,687.039
15173,100.0,6.25,687.039
15174,100.0,6.25,687.039
15175,100.0,6.25,687.039
15176,100.0,6.25,687.039
15177,88.7,5.544,687.039
15178,87.5,5.469,687.039
15179,89.3,5.581,687.039
15180,50.0,3.125,687.039
15181,112.5,7.031,687.039
15182,100.0,6.25,687.039
15183,100.0,6.25,687.039
15184,100.0,6.25,687.039
15185,100.0,6.25,687.039
15186,100.0,6.25,687.039
15187,88.7,5.544,687.039
15188,100.0,6.25,687.039
15189,100.0,6.25,687.039
15190,100.0,6.25,687.039
15191,100.0,6.25,687.039
15192,87.5,5.469,687.039
15193,100.0,6.25,687.039
15194,100.0,6.25,687.039
15195,100.0,6.25,687.039
15196,88.7,5.544,687.039
15197,87.5,5.469,687.039
15198,100.0,6.25,687.039
15199,112.5,7.031,687.039
15200,87.5,5.469,687.039
15201,100.0,6.25,687.039
15202,87.5,5.469,687.039
15203,100.0,6.25,687.039
15204,89.3,5.581,687.039
15205,100.0,6.25,687.039
15206,100.0,6.25,687.039
15207,112.5,7.031,687.039
15208,100.0,6.25,687.039
15209,87.5,5.469,687.039
15210,100.0,6.25,687.039
15211,100.0,6.25,687.039
15212,100.0,6.25,687.039
15213,100.0,6.25,687.039
15214,88.7,5.544,687.039
15215,100.3,6.269,687.039
15216,88.7,5.544,687.039
15217,100.0,6.25,687.039
15218,100.0,6.25,687.039
15219,87.5,5.469,687.039
15220,100.0,6.25,703.039
15221,100.0,6.25,703.039
15222,100.0,6.25,703.039
15223,75.0,4.688,703.039
15224,100.0,6.25,703.039
15225,100.0,6.25,703.039
15226,88.7,5.544,703.039
15227,100.0,6.25,703.039
15228,100.0,6.25,703.039
15229,87.5,5.469,703.039
15230,100.0,6.25,703.039
15231,100.0,6.25,703.039
15232,87.5,5.469,703.039
15233,87.5,5.469,703.039
15234,100.0,6.25,703.039
15235,100.0,6.25,703.039
15236,100.0,6.25,703.039
15237,100.0,6.25,703.039
15238,89.3,5.581,703.039
15239,100.0,6.25,703.039
15240,100.0,6.25,703.039
15241,112.5,7.031,703.039
15242,100.0,6.25,703.039
15243,100.0,6.25,703.039
15244,100.0,6.25,703.039
15245,100.0,6.25,703.039
15246,100.0,6.25,703.039
15247,77.6,4.85,703.039
15248,114.7,7.169,703.039
15249,75.0,4.688,703.039
15250,22.2,1.387,703.039
15251,62.5,3.906,703.039
15252,62.5,3.906,703.039
15253,50.0,3.125,703.039
15254,87.5,5.469,703.039
15255,50.0,3.125,703.039
15256,37.5,2.344,703.039
15257,100.0,6.25,703.039
15258,89.3,5.581,703.039
15259,75.0,4.688,703.039
15260,87.5,5.469,703.039
15261,100.0,6.25,703.039
15262,100.0,6.25,703.039
15263,37.5,2.344,703.039
15264,87.5,5.469,703.039
15265,55.4,3.462,703.039
15266,33.2,2.075,703.039
15267,75.0,4.688,703.039
15268,62.5,3.906,703.039
15269,67.0,4.188,703.039
15270,62.5,3.906,703.039
15271,50.0,3.125,703.039
15272,62.5,3.906,703.039
15273,77.6,4.85,703.039
15274,62.5,3.906,703.039
15275,44.6,2.788,703.039
15276,33.2,2.075,703.039
15277,62.5,3.906,703.039
15278,100.0,6.25,703.039
15279,55.4,3.462,703.039
15280,100.0,6.25,703.039
15281,100.0,6.25,703.039
15282,100.0,6.25,703.039
15283,87.5,5.469,703.039
15284,100.0,6.25,703.039
15285,100.0,6.25,703.039
15286,100.0,6.25,703.039
15287,33.5,2.094,703.039
15288,33.2,2.075,703.039
15289,50.0,3.125,703.039
15290,100.0,6.25,703.039
15291,112.5,7.031,703.039
15292,100.0,6.25,703.039
15293,100.0,6.25,703.07
15294,100.0,6.25,703.301
15295,44.6,2.788,703.52
15296,71.0,4.438,703.621
15297,33.5,2.094,703.699
15298,33.2,2.075,703.812
15299,50.0,3.125,703.895
15300,25.0,1.562,703.977
15301,75.0,4.688,704.082
15302,37.5,2.344,704.152
15303,50.0,3.125,704.289
15304,66.5,4.156,704.668
15305,98.1,6.131,680.465
15306,86.0,5.375,672.84
15307,16.6,1.038,672.859
15308,0.0,0.0,672.859
15309,0.0,0.0,672.859
15310,0.0,0.0,672.859
15311,14.2,0.887,672.859
15312,12.5,0.781,672.859
15313,0.0,0.0,672.859
15314,0.0,0.0,672.859
15315,0.0,0.0,672.859
15316,100.0,6.25,672.859
15317,87.5,5.469,672.859
15318,113.6,7.1,674.863
15319,100.3,6.269,674.863
15320,100.0,6.25,674.863
15321,87.5,5.469,674.863
15322,100.3,6.269,674.863
15323,75.0,4.688,674.863
15324,100.0,6.25,676.863
15325,99.4,6.213,676.863
15326,114.7,7.169,676.863
15327,100.0,6.25,676.863
15328,100.0,6.25,676.863
15329,100.0,6.25,676.863
15330,87.5,5.469,676.863
15331,88.7,5.544,676.863
15332,100.0,6.25,680.863
15333,100.0,6.25,680.863
15334,100.0,6.25,680.863
15335,100.0,6.25,680.863
15336,87.5,5.469,680.863
15337,100.0,6.25,680.863
15338,100.0,6.25,680.863
15339,87.5,5.469,680.863
15340,100.0,6.25,680.863
15341,78.1,4.881,680.863
15342,100.0,6.25,680.863
15343,100.0,6.25,680.863
15344,112.5,7.031,680.863
15345,100.0,6.25,680.863
15346,100.0,6.25,688.863
15347,100.0,6.25,688.863
15348,100.0,6.25,688.863
15349,100.0,6.25,688.863
15350,88.7,5.544,688.863
15351,100.0,6.25,688.863
15352,100.0,6.25,688.863
15353,87.5,5.469,688.863
15354,100.0,6.25,688.863
15355,87.5,5.469,688.863
15356,100.0,6.25,688.863
15357,100.0,6.25,688.863
15358,88.7,5.544,688.863
15359,100.0,6.25,688.863
15360,100.0,6.25,688.863
15361,100.0,6.25,688.863
15362,100.0,6.25,688.863
15363,100.0,6.25,688.863
15364,100.0,6.25,688.863
15365,100.0,6.25,688.863
15366,100.0,6.25,688.953
15367,87.5,5.469,689.059
15368,89.3,5.581,689.059
15369,100.0,6.25,689.059
15370,100.0,6.25,689.059
15371,112.5,7.031,689.059
15372,100.0,6.25,689.059
15373,100.0,6.25,689.059
15374,100.0,6.25,705.059
15375,100.0,6.25,705.059
15376,100.0,6.25,705.059
15377,88.7,5.544,705.059
15378,100.0,6.25,705.059
15379,112.5,7.031,705.059
15380,100.0,6.25,705.059
15381,100.0,6.25,705.059
15382,100.0,6.25,705.059
15383,100.0,6.25,705.059
15384,100.0,6.25,705.059
15385,88.7,5.544,705.059
15386,100.0,6.25,705.059
15387,112.5,7.031,705.059
15388,100.0,6.25,705.059
15389,100.0,6.25,705.059
15390,100.0,6.25,705.059
15391,100.0,6.25,705.059
15392,100.0,6.25,705.059
15393,100.0,6.25,705.059
15394,100.0,6.25,705.059
15395,100.0,6.25,705.059
15396,89.3,5.581,705.059
15397,100.0,6.25,705.059
15398,100.0,6.25,705.059
15399,112.5,7.031,705.059
15400,87.5,5.469,705.059
15401,100.0,6.25,705.059
15402,100.0,6.25,705.059
15403,100.0,6.25,705.059
15404,100.0,6.25,705.059
15405,100.0,6.25,705.059
15406,100.0,6.25,705.059
15407,99.9,6.244,680.68
15408,100.3,6.269,672.055
15409,14.2,0.887,672.059
15410,0.0,0.0,672.059
15411,0.0,0.0,672.059
15412,14.2,0.887,672.059
15413,0.0,0.0,672.059
15414,50.0,3.125,672.059
15415,100.0,6.25,672.059
15416,100.0,6.25,674.062
15417,100.0,6.25,674.062
15418,112.5,7.031,674.062
15419,100.0,6.25,674.062
15420,100.0,6.25,674.062
15421,100.0,6.25,676.062
15422,100.0,6.25,676.062
15423,100.0,6.25,676.062
15424,89.3,5.581,676.062
15425,100.0,6.25,676.062
15426,100.0,6.25,676.062
15427,100.0,6.25,676.062
15428,100.0,6.25,680.062
15429,100.0,6.25,680.062
15430,100.0,6.25,680.062
15431,100.0,6.25,680.062
15432,88.7,5.544,680.062
15433,100.0,6.25,680.062
15434,100.0,6.25,680.062
15435,112.5,7.031,680.062
15436,100.0,6.25,680.062
15437,100.0,6.25,680.062
15438,100.0,6.25,680.062
15439,100.0,6.25,680.062
15440,100.0,6.25,680.062
15441,87.5,5.469,680.062
15442,87.5,5.469,688.062
15443,88.7,5.544,688.062
15444,100.0,6.25,688.062
15445,100.0,6.25,688.062
15446,100.0,6.25,688.062
15447,100.0,6.25,688.062
15448,100.0,6.25,688.062
15449,100.0,6.25,688.062
15450,100.0,6.25,688.062
15451,100.0,6.25,688.062
15452,89.3,5.581,688.062
15453,100.0,6.25,688.062
15454,100.0,6.25,688.062
15455,100.0,6.25,688.062
15456,100.0,6.25,688.062
15457,100.0,6.25,688.062
15458,100.0,6.25,688.062
15459,87.5,5.469,688.062
15460,100.0,6.25,688.062
15461,77.6,4.85,688.062
15462,87.5,5.469,688.062
15463,100.0,6.25,688.062
15464,100.0,6.25,688.062
15465,100.0,6.25,688.062
15466,100.0,6.25,688.062
15467,100.0,6.25,688.062
15468,100.0,6.25,688.062
15469,89.3,5.581,688.062
15470,99.7,6.231,704.062
15471,100.0,6.25,704.062
15472,112.5,7.031,704.062
15473,100.0,6.25,704.062
15474,100.0,6.25,704.062
15475,87.5,5.469,704.062
15476,88.7,5.544,704.062
15477,87.5,5.469,704.062
15478,100.0,6.25,704.062
15479,87.5,5.469,704.062
15480,112.5,7.031,704.062
15481,100.0,6.25,704.062
15482,100.0,6.25,704.062
15483,87.5,5.469,704.062
15484,100.0,6.25,704.062
15485,100.0,6.25,704.062
15486,89.3,5.581,704.062
15487,100.0,6.25,704.062
15488,100.0,6.25,704.062
15489,112.5,7.031,704.062
15490,100.0,6.25,704.062
15491,100.0,6.25,704.062
15492,100.0,6.25,704.062
15493,87.5,5.469,704.062
15494,100.0,6.25,704.062
15495,87.5,5.469,704.062
15496,100.0,6.25,704.062
15497,88.7,5.544,704.062
15498,100.0,6.25,704.062
15499,87.5,5.469,704.062
15500,100.0,6.25,704.062
15501,100.0,6.25,704.062
15502,100.0,6.25,704.062
15503,100.0,6.25,704.742
15504,97.7,6.106,680.621
15505,86.0,5.375,672.996
15506,0.0,0.0,672.996
15507,0.0,0.0,672.996
15508,14.3,0.894,672.996
15509,0.0,0.0,672.996
15510,0.0,0.0,672.996
15511,0.0,0.0,672.996
15512,0.0,0.0,672.996
15513,0.0,0.0,672.996
15514,0.0,0.0,672.996
15515,0.0,0.0,672.996
15516,0.0,0.0,672.996
15517,0.0,0.0,672.996
15518,0.0,0.0,672.996
15519,0.0,0.0,672.996
15520,0.0,0.0,672.996
15521,0.0,0.0,672.996
15522,84.3,5.269,672.484
15523,28.7,1.794,665.18
15524,0.0,0.0,665.18
15525,0.0,0.0,665.18
15526,0.0,0.0,665.18
15527,0.0,0.0,665.18
15528,0.0,0.0,665.18
15529,0.0,0.0,665.18
15530,0.0,0.0,665.18
15531,0.0,0.0,665.18
15532,0.0,0.0,665.18
15533,0.0,0.0,665.18
15534,0.0,0.0,665.18
15535,0.0,0.0,665.18
15536,14.3,0.894,665.223
15537,0.0,0.0,665.223
15538,0.0,0.0,665.223
15539,0.0,0.0,665.715
15540,87.5,5.469,666.387
15541,100.0,6.25,666.387
15542,112.5,7.031,668.391
15543,100.0,6.25,668.391
15544,100.0,6.25,668.391
15545,100.0,6.25,668.391
15546,100.0,6.25,668.391
15547,88.7,5.544,670.391
15548,100.0,6.25,670.391
15549,100.0,6.25,670.391
15550,112.5,7.031,670.391
15551,100.0,6.25,670.391
15552,100.0,6.25,670.391
15553,100.0,6.25,670.391
15554,100.0,6.25,674.391
15555,100.0,6.25,674.391
15556,89.3,5.581,674.391
15557,100.0,6.25,674.391
15558,100.0,6.25,674.391
15559,112.5,7.031,674.391
15560,100.0,6.25,674.391
15561,100.0,6.25,674.391
15562,87.5,5.469,674.391
15563,100.0,6.25,674.391
15564,88.7,5.544,674.391
15565,100.0,6.25,674.391
15566,100.0,6.25,674.391
15567,100.0,6.25,674.391
15568,112.5,7.031,682.391
15569,87.5,5.469,682.391
15570,100.0,6.25,682.391
15571,100.0,6.25,682.391
15572,100.0,6.25,682.391
15573,100.0,6.25,682.391
15574,100.0,6.25,682.391
15575,87.5,5.469,682.391
15576,88.7,5.544,682.391
15577,100.0,6.25,682.391
15578,100.0,6.25,682.391
15579,112.5,7.031,682.391
15580,100.0,6.25,682.391
15581,100.0,6.25,682.391
15582,100.0,6.25,682.391
15583,100.0,6.25,682.391
15584,89.3,5.581,682.391
15585,100.0,6.25,682.391
15586,100.0,6.25,682.391
15587,100.0,6.25,682.391
15588,100.0,6.25,682.391
15589,100.0,6.25,682.391
15590,100.0,6.25,682.391
15591,88.7,5.544,682.391
15592,100.0,6.25,682.391
15593,100.0,6.25,682.391
15594,100.0,6.25,682.391
15595,100.0,6.25,682.391
15596,100.0,6.25,698.391
15597,100.0,6.25,698.391
15598,100.0,6.25,698.391
15599,88.7,5.544,698.391
15600,112.5,7.031,698.391
15601,100.0,6.25,698.391
15602,100.0,6.25,698.391
15603,100.0,6.25,698.391
15604,100.0,6.25,698.391
15605,100.0,6.25,698.391
15606,87.5,5.469,698.391
15607,100.0,6.25,698.391
15608,89.3,5.581,698.391
15609,100.0,6.25,698.391
15610,112.5,7.031,698.391
15611,100.0,6.25,698.391
15612,100.0,6.25,698.391
15613,100.0,6.25,698.391
15614,87.5,5.469,698.391
15615,100.0,6.25,698.391
15616,88.7,5.544,698.391
15617,100.0,6.25,698.391
15618,112.5,7.031,698.391
15619,100.0,6.25,698.391
15620,100.0,6.25,698.391
15621,100.0,6.25,698.391
15622,100.0,6.25,698.391
15623,100.0,6.25,698.391
15624,100.0,6.25,698.391
15625,89.3,5.581,698.391
15626,100.0,6.25,698.391
15627,87.5,5.469,698.391
15628,100.0,6.25,698.391
15629,97.9,6.119,673.508
15630,62.5,3.906,665.883
15631,14.3,0.894,665.906
15632,0.0,0.0,665.906
15633,0.0,0.0,665.906
15634,0.0,0.0,666.125
15635,0.0,0.0,666.125
15636,37.5,2.344,666.16
15637,100.0,6.25,666.664
15638,100.0,6.25,668.668
15639,88.7,5.544,668.668
15640,100.0,6.25,668.668
15641,100.0,6.25,668.668
15642,112.5,7.031,668.668
15643,87.5,5.469,670.668
15644,100.0,6.25,670.668
15645,100.0,6.25,670.668
15646,87.5,5.469,670.668
15647,100.0,6.25,670.668
15648,89.3,5.581,670.668
15649,100.0,6.25,670.668
15650,112.5,7.031,674.668
15651,87.5,5.469,674.668
15652,100.0,6.25,674.668
15653,100.0,6.25,674.668
15654,100.0,6.25,674.668
15655,100.0,6.25,674.668
15656,100.0,6.25,674.668
15657,88.7,5.544,674.668
15658,100.0,6.25,674.668
15659,100.0,6.25,674.668
15660,100.0,6.25,674.668
15661,112.5,7.031,674.668
15662,100.0,6.25,674.668
15663,100.0,6.25,674.668
15664,100.0,6.25,682.668
15665,100.0,6.25,682.668
15666,89.3,5.581,682.668
15667,100.0,6.25,682.668
15668,112.5,7.031,682.668
15669,100.0,6.25,682.668
15670,100.0,6.25,682.668
15671,100.0,6.25,682.668
15672,100.0,6.25,682.668
15673,100.0,6.25,682.668
15674,100.0,6.25,682.668
15675,88.7,5.544,682.668
15676,100.0,6.25,682.668
15677,100.0,6.25,682.668
15678,112.5,7.031,682.668
15679,100.0,6.25,682.668
15680,100.0,6.25,682.668
15681,100.0,6.25,682.668
15682,100.0,6.25,682.668
15683,100.0,6.25,682.668
15684,88.7,5.544,682.668
15685,100.0,6.25,682.668
15686,100.0,6.25,682.668
15687,112.5,7.031,682.668
15688,100.0,6.25,682.668
15689,100.0,6.25,682.668
15690,100.0,6.25,682.668
15691,78.1,4.881,698.668
15692,100.0,6.25,698.668
15693,100.0,6.25,698.668
15694,100.0,6.25,698.668
15695,100.0,6.25,698.668
15696,100.0,6.25,698.668
15697,100.0,6.25,698.668
15698,100.0,6.25,698.668
15699,100.0,6.25,698.668
15700,100.0,6.25,698.668
15701,88.7,5.544,698.668
15702,100.0,6.25,698.668
15703,112.5,7.031,698.668
15704,100.0,6.25,698.668
15705,100.0,6.25,698.668
15706,100.0,6.25,698.668
15707,87.5,5.469,698.668
15708,87.5,5.469,698.668
15709,100.0,6.25,698.668
15710,100.0,6.25,698.668
15711,100.0,6.25,698.668
15712,77.6,4.85,698.668
15713,100.0,6.25,698.668
15714,112.5,7.031,698.668
15715,100.0,6.25,698.668
15716,100.0,6.25,698.668
15717,100.0,6.25,698.668
15718,100.0,6.25,698.668
15719,89.3,5.581,698.668
15720,100.0,6.25,698.668
15721,87.5,5.469,698.668
15722,112.5,7.031,698.668
15723,100.0,6.25,698.668
15724,95.8,5.987,674.281
15725,50.0,3.125,666.656
15726,0.0,0.0,666.656
15727,0.0,0.0,667.125
15728,0.0,0.0,667.125
15729,0.0,0.0,667.125
15730,0.0,0.0,667.125
15731,0.0,0.0,667.125
15732,0.0,0.0,667.203
15733,0.0,0.0,667.203
15734,0.0,0.0,667.223
15735,0.0,0.0,667.223
15736,0.0,0.0,667.223
15737,0.0,0.0,667.223
15738,0.0,0.0,667.223
15739,0.0,0.0,667.223
15740,0.0,0.0,667.223
15741,0.0,0.0,667.223
15742,0.0,0.0,667.223
15743,0.0,0.0,667.223
15744,14.2,0.887,667.566
15745,0.0,0.0,667.77
15746,0.0,0.0,667.77
15747,0.0,0.0,667.77
15748,0.0,0.0,667.77
15749,0.0,0.0,667.77
15750,0.0,0.0,667.82
15751,0.0,0.0,667.82
15752,0.0,0.0,667.84
15753,0.0,0.0,667.84
15754,0.0,0.0,667.84
15755,43.0,2.688,665.375
15756,14.2,0.887,665.496
15757,0.0,0.0,665.496
15758,0.0,0.0,665.496
15759,0.0,0.0,665.508
15760,0.0,0.0,665.508
15761,14.2,0.887,665.508
15762,14.3,0.894,665.758
15763,0.0,0.0,665.758
15764,0.0,0.0,665.758
15765,0.0,0.0,665.758
15766,0.0,0.0,665.758
15767,14.3,0.894,665.77
15768,0.0,0.0,665.77
15769,0.0,0.0,665.77
15770,0.0,0.0,665.781
15771,0.0,0.0,665.781
15772,37.5,2.344,665.938
15773,100.0,6.25,666.578
15774,88.7,5.544,668.582
15775,100.0,6.25,668.582
15776,100.0,6.25,668.582
15777,112.5,7.031,668.582
15778,100.0,6.25,668.582
15779,100.0,6.25,668.582
15780,87.5,5.469,670.582
15781,100.0,6.25,670.582
15782,100.0,6.25,670.582
15783,100.0,6.25,670.582
15784,89.3,5.581,670.582
15785,100.0,6.25,670.582
15786,112.5,7.031,670.582
15787,100.0,6.25,674.582
15788,100.0,6.25,674.582
15789,100.0,6.25,674.582
15790,87.5,5.469,674.582
15791,100.0,6.25,674.582
15792,88.7,5.544,674.582
15793,100.0,6.25,674.582
15794,100.0,6.25,674.582
15795,100.0,6.25,674.582
15796,112.5,7.031,674.582
15797,100.0,6.25,674.582
15798,100.0,6.25,674.582
15799,100.0,6.25,674.582
15800,100.0,6.25,674.582
15801,100.0,6.25,682.582
15802,89.3,5.581,682.582
15803,100.0,6.25,682.582
15804,112.5,7.031,682.582
15805,87.5,5.469,682.582
15806,100.0,6.25,682.582
15807,100.0,6.25,682.582
15808,100.0,6.25,682.582
15809,100.0,6.25,682.582
15810,100.0,6.25,682.582
15811,100.0,6.25,682.582
15812,88.7,5.544,682.582
15813,100.0,6.25,682.582
15814,100.0,6.25,682.582
15815,112.5,7.031,682.582
15816,100.0,6.25,682.582
15817,100.0,6.25,682.582
15818,100.0,6.25,682.582
15819,100.0,6.25,682.582
15820,87.5,5.469,682.582
15821,87.5,5.469,682.582
15822,100.0,6.25,682.582
15823,77.6,4.85,682.582
15824,100.0,6.25,682.582
15825,112.5,7.031,682.582
15826,100.0,6.25,682.582
15827,100.0,6.25,682.582
15828,100.0,6.25,682.582
15829,100.0,6.25,698.582
15830,100.0,6.25,698.582
15831,100.0,6.25,698.582
15832,100.0,6.25,698.582
15833,100.0,6.25,698.582
15834,100.0,6.25,698.582
15835,89.3,5.581,698.582
15836,100.0,6.25,698.582
15837,87.5,5.469,698.582
15838,100.0,6.25,698.582
15839,100.0,6.25,698.582
15840,100.0,6.25,698.582
15841,100.0,6.25,698.582
15842,88.7,5.544,698.582
15843,100.0,6.25,698.582
15844,112.5,7.031,698.582
15845,100.0,6.25,698.582
15846,100.0,6.25,698.582
15847,100.0,6.25,698.582
15848,87.5,5.469,698.582
15849,100.0,6.25,698.582
15850,88.7,5.544,698.582
15851,100.0,6.25,698.582
15852,100.0,6.25,698.582
15853,112.5,7.031,698.582
15854,100.0,6.25,698.582
15855,100.0,6.25,698.582
15856,100.0,6.25,698.582
15857,100.0,6.25,698.582
15858,100.0,6.25,698.582
15859,89.3,5.581,698.582
15860,100.0,6.25,698.582
15861,100.0,6.25,698.582
15862,100.0,6.25,674.535
15863,71.0,4.438,666.91
15864,28.7,1.794,666.91
15865,0.0,0.0,666.91
15866,0.0,0.0,666.91
15867,0.0,0.0,666.91
15868,14.2,0.887,666.91
15869,0.0,0.0,666.91
15870,0.0,0.0,666.91
15871,39.8,2.487,666.91
15872,100.0,6.25,666.91
15873,100.0,6.25,668.914
15874,112.5,7.031,668.914
15875,100.0,6.25,668.914
15876,100.0,6.25,668.914
15877,100.0,6.25,668.914
15878,100.0,6.25,670.914
15879,87.5,5.469,670.914
15880,100.0,6.25,670.914
15881,100.0,6.25,670.914
15882,89.3,5.581,670.914
15883,100.0,6.25,670.914
15884,100.0,6.25,670.914
15885,100.0,6.25,670.914
15886,112.5,7.031,674.914
15887,100.0,6.25,674.914
15888,100.0,6.25,674.914
15889,100.0,6.25,674.914
15890,100.0,6.25,674.914
15891,88.7,5.544,674.914
15892,100.0,6.25,674.914
15893,100.0,6.25,674.914
15894,112.5,7.031,674.914
15895,100.0,6.25,674.914
15896,100.0,6.25,674.914
15897,75.0,4.688,674.914
15898,100.0,6.25,674.914
15899,100.0,6.25,674.914
15900,100.0,6.25,674.914
15901,100.0,6.25,682.914
15902,88.7,5.544,682.914
15903,87.5,5.469,682.914
15904,100.0,6.25,682.914
15905,112.5,7.031,682.914
15906,100.0,6.25,682.914
15907,100.0,6.25,682.914
15908,100.0,6.25,682.914
15909,100.0,6.25,682.914
15910,89.3,5.581,682.914
15911,100.0,6.25,682.914
15912,100.0,6.25,682.914
15913,112.5,7.031,682.914
15914,100.0,6.25,682.914
15915,100.0,6.25,682.914
15916,100.0,6.25,682.914
15917,100.0,6.25,682.914
15918,100.0,6.25,682.914
15919,88.7,5.544,682.914
15920,100.0,6.25,682.914
15921,100.0,6.25,682.914
15922,100.0,6.25,682.914
15923,100.0,6.25,682.914
15924,100.0,6.25,682.914
15925,100.0,6.25,682.914
15926,100.0,6.25,682.914
15927,100.0,6.25,682.914
15928,100.0,6.25,682.914
15929,100.4,6.275,698.914
15930,87.5,5.469,698.914
15931,100.0,6.25,698.914
15932,100.0,6.25,698.914
15933,100.0,6.25,698.914
15934,100.0,6.25,698.914
15935,100.0,6.25,698.914
15936,100.0,6.25,698.914
15937,100.0,6.25,698.914
15938,100.0,6.25,698.914
15939,100.0,6.25,698.914
15940,88.7,5.544,698.914
15941,100.0,6.25,698.914
15942,100.0,6.25,698.914
15943,87.5,5.469,698.914
15944,100.0,6.25,698.914
15945,100.0,6.25,698.914
15946,100.0,6.25,698.914
15947,100.0,6.25,698.914
15948,88.7,5.544,698.914
15949,100.0,6.25,698.914
15950,100.0,6.25,698.914
15951,62.5,3.906,698.914
15952,75.0,4.688,698.914
15953,100.0,6.25,698.914
15954,100.0,6.25,698.914
15955,100.0,6.25,698.914
15956,100.0,6.25,698.914
15957,100.0,6.25,698.914
15958,89.3,5.581,698.914
15959,100.0,6.25,698.914
15960,100.0,6.25,698.914
15961,100.0,6.25,698.914
15962,100.0,6.25,698.914
15963,95.6,5.975,675.488
15964,100.0,6.25,667.863
15965,0.0,0.0,667.863
15966,14.2,0.887,667.863
15967,14.3,0.894,667.863
15968,0.0,0.0,667.863
15969,0.0,0.0,667.863
15970,0.0,0.0,667.863
15971,0.0,0.0,667.863
15972,0.0,0.0,667.863
15973,0.0,0.0,667.863
15974,0.0,0.0,667.863
15975,0.0,0.0,667.863
15976,30.0,1.875,667.863
15977,100.0,6.25,667.863
15978,88.7,5.544,669.867
15979,100.0,6.25,669.867
15980,100.0,6.25,669.867
15981,100.0,6.25,669.867
15982,100.0,6.25,669.867
15983,100.0,6.25,671.867
15984,100.0,6.25,671.867
15985,100.0,6.25,671.867
15986,100.0,6.25,671.867
15987,100.0,6.25,671.867
15988,100.0,6.25,671.867
15989,89.3,5.581,671.867
15990,100.0,6.25,675.867
15991,100.0,6.25,675.867
15992,112.5,7.031,675.867
15993,87.5,5.469,675.867
15994,100.0,6.25,675.867
15995,100.0,6.25,675.867
15996,100.0,6.25,675.867
15997,100.0,6.25,675.867
15998,100.0,6.25,675.867
15999,100.0,6.25,675.867
16000,100.0,6.25,675.867
16001,87.5,5.469,675.867
16002,88.7,5.544,675.867
16003,100.0,6.25,675.867
16004,100.0,6.25,675.867
16005,112.5,7.031,683.867
16006,100.0,6.25,683.867
16007,100.0,6.25,683.867
16008,100.0,6.25,683.867
16009,100.0,6.25,683.867
16010,100.0,6.25,683.867
16011,100.0,6.25,683.867
16012,100.0,6.25,683.867
16013,88.7,5.544,683.867
16014,100.0,6.25,683.867
16015,100.0,6.25,683.867
16016,112.5,7.031,683.867
16017,100.0,6.25,683.867
16018,100.0,6.25,683.867
16019,100.0,6.25,683.867
16020,100.0,6.25,683.867
16021,100.0,6.25,683.867
16022,100.0,6.25,683.867
16023,100.0,6.25,683.867
16024,89.3,5.581,683.867
16025,100.0,6.25,683.867
16026,100.0,6.25,683.867
16027,112.5,7.031,683.867
16028,87.5,5.469,683.867
16029,100.0,6.25,683.867
16030,100.0,6.25,683.867
16031,100.0,6.25,683.867
16032,100.0,6.25,683.867
16033,87.5,5.469,699.867
16034,100.0,6.25,699.867
16035,100.0,6.25,699.867
16036,100.0,6.25,699.867
16037,100.0,6.25,699.867
16038,75.0,4.688,699.867
16039,100.0,6.25,699.867
16040,100.0,6.25,699.867
16041,100.0,6.25,699.867
16042,100.0,6.25,699.867
16043,100.0,6.25,699.867
16044,88.7,5.544,699.867
16045,100.0,6.25,699.867
16046,112.5,7.031,699.867
16047,100.0,6.25,699.867
16048,100.0,6.25,699.867
16049,100.0,6.25,699.867
16050,100.0,6.25,699.867
16051,100.0,6.25,699.867
16052,100.0,6.25,699.867
16053,100.0,6.25,699.867
16054,100.0,6.25,699.867
16055,87.5,5.469,699.867
16056,89.3,5.581,699.867
16057,100.0,6.25,699.867
16058,100.0,6.25,699.867
16059,112.5,7.031,699.867
16060,100.0,6.25,699.867
16061,100.0,6.25,699.867
16062,100.0,6.25,699.867
16063,100.0,6.25,699.867
16064,100.0,6.25,699.867
16065,100.0,6.25,699.867
16066,88.7,5.544,699.867
16067,102.4,6.4,675.488
16068,85.2,5.325,667.863
16069,14.3,0.894,667.871
16070,28.7,1.794,667.902
16071,12.5,0.781,667.902
16072,37.5,2.344,667.91
16073,100.0,6.25,667.91
16074,75.0,4.688,669.914
16075,100.0,6.25,669.914
16076,87.5,5.469,669.914
16077,87.5,5.469,669.914
16078,77.6,4.85,669.914
16079,112.5,7.031,671.914
16080,100.0,6.25,671.914
16081,100.0,6.25,671.914
16082,100.0,6.25,671.914
16083,100.0,6.25,671.914
16084,100.0,6.25,671.914
16085,100.0,6.25,671.914
16086,90.1,5.631,675.914
16087,100.0,6.25,675.914
16088,75.0,4.688,675.914
16089,100.0,6.25,675.914
16090,100.0,6.25,675.914
16091,100.0,6.25,675.914
16092,100.0,6.25,675.914
16093,88.7,5.544,675.914
16094,100.0,6.25,675.914
16095,112.5,7.031,675.914
16096,100.0,6.25,675.914
16097,100.0,6.25,675.914
16098,100.0,6.25,675.914
16099,88.7,5.544,675.914
16100,100.0,6.25,683.914
16101,112.5,7.031,683.914
16102,100.0,6.25,683.914
16103,100.0,6.25,683.914
16104,100.0,6.25,683.914
16105,100.0,6.25,683.914
16106,100.0,6.25,683.914
16107,89.3,5.581,683.914
16108,100.0,6.25,683.914
16109,112.5,7.031,683.914
16110,87.5,5.469,683.914
16111,100.0,6.25,683.914
16112,100.0,6.25,683.914
16113,100.0,6.25,683.914
16114,100.0,6.25,683.914
16115,66.5,4.156,683.914
16116,112.5,7.031,683.914
16117,100.0,6.25,683.914
16118,100.0,6.25,683.914
16119,100.0,6.25,683.914
16120,100.0,6.25,683.914
16121,89.3,5.581,683.914
16122,100.0,6.25,683.914
16123,88.7,5.544,683.914
16124,99.7,6.231,683.914
16125,112.5,7.031,683.914
16126,87.5,5.469,683.914
16127,87.5,5.469,683.914
16128,100.0,6.25,699.914
16129,100.0,6.25,699.914
16130,89.3,5.581,699.914
16131,100.0,6.25,699.914
16132,75.0,4.688,699.914
16133,100.0,6.25,699.914
16134,100.0,6.25,699.914
16135,100.0,6.25,699.914
16136,77.6,4.85,699.914
16137,87.5,5.469,699.914
16138,112.5,7.031,699.914
16139,87.5,5.469,699.914
16140,100.0,6.25,699.914
16141,87.5,5.469,699.914
16142,100.0,6.25,699.914
16143,100.0,6.25,699.914
16144,100.0,6.25,699.914
16145,88.7,5.544,699.914
16146,89.3,5.581,699.914
16147,112.5,7.031,699.914
16148,100.0,6.25,699.914
16149,100.0,6.25,699.914
16150,100.0,6.25,699.914
16151,100.0,6.25,699.914
16152,88.7,5.544,699.914
16153,100.0,6.25,699.914
16154,112.5,7.031,699.914
16155,100.0,6.25,699.914
16156,89.3,5.581,699.914
16157,100.0,6.25,699.914
16158,100.0,6.25,699.914
16159,88.7,5.544,699.914
16160,100.0,6.25,699.914
16161,112.5,7.031,699.914
16162,102.4,6.4,675.535
16163,55.8,3.487,667.91
16164,14.2,0.887,667.91
16165,0.0,0.0,667.91
16166,0.0,0.0,667.91
16167,0.0,0.0,667.922
16168,28.7,1.794,667.922
16169,0.0,0.0,667.922
16170,0.0,0.0,667.922
16171,37.5,2.344,667.922
16172,112.5,7.031,667.922
16173,100.0,6.25,669.926
16174,100.0,6.25,669.926
16175,100.0,6.25,669.926
16176,100.0,6.25,669.926
16177,100.0,6.25,669.926
16178,89.3,5.581,671.926
16179,100.0,6.25,671.926
16180,112.5,7.031,671.926
16181,100.0,6.25,671.926
16182,100.0,6.25,671.926
16183,100.0,6.25,671.926
16184,100.0,6.25,671.926
16185,100.0,6.25,675.926
16186,88.7,5.544,675.926
16187,100.0,6.25,675.926
16188,100.0,6.25,675.926
16189,87.5,5.469,675.926
16190,100.0,6.25,675.926
16191,100.0,6.25,675.926
16192,100.0,6.25,675.926
16193,100.0,6.25,675.926
16194,100.0,6.25,675.926
16195,89.3,5.581,675.926
16196,100.0,6.25,675.926
16197,100.0,6.25,675.926
16198,100.0,6.25,675.926
16199,100.0,6.25,675.926
16200,100.0,6.25,683.926
16201,100.0,6.25,683.926
16202,100.0,6.25,683.926
16203,88.7,5.544,683.926
16204,100.0,6.25,683.926
16205,112.5,7.031,683.926
16206,99.7,6.231,683.926
16207,100.0,6.25,683.926
16208,100.0,6.25,683.926
16209,100.0,6.25,683.926
16210,87.5,5.469,683.926
16211,89.3,5.581,683.926
16212,100.0,6.25,683.926
16213,112.5,7.031,683.926
16214,100.0,6.25,683.926
16215,100.0,6.25,683.926
16216,100.0,6.25,683.926
16217,87.5,5.469,683.926
16218,88.7,5.544,683.926
16219,87.5,5.469,683.926
16220,112.5,7.031,683.926
16221,100.0,6.25,683.926
16222,100.0,6.25,683.926
16223,100.0,6.25,683.926
16224,87.5,5.469,683.926
16225,100.0,6.25,683.926
16226,100.0,6.25,683.926
16227,88.7,5.544,699.926
16228,87.5,5.469,699.926
16229,112.5,7.031,699.926
16230,100.0,6.25,699.926
16231,100.0,6.25,699.926
16232,100.0,6.25,699.926
16233,100.0,6.25,699.926
16234,89.3,5.581,699.926
16235,100.0,6.25,699.926
16236,87.5,5.469,699.926
16237,112.5,7.031,699.926
16238,100.0,6.25,699.926
16239,100.0,6.25,699.926
16240,100.0,6.25,699.926
16241,88.7,5.544,699.926
16242,87.5,5.469,699.926
16243,100.0,6.25,699.926
16244,100.0,6.25,699.926
16245,100.0,6.25,699.926
16246,100.0,6.25,699.926
16247,100.0,6.25,699.926
16248,87.5,5.469,699.926
16249,78.1,4.881,699.926
16250,100.0,6.25,699.926
16251,112.5,7.031,699.926
16252,100.0,6.25,699.926
16253,100.0,6.25,699.926
16254,100.0,6.25,699.926
16255,100.0,6.25,699.926
16256,100.0,6.25,699.926
16257,88.7,5.544,699.926
16258,100.0,6.25,699.926
16259,100.0,6.25,699.926
16260,100.0,6.25,699.926
16261,97.9,6.119,675.547
16262,114.7,7.169,667.922
16263,0.0,0.0,667.922
16264,0.0,0.0,667.922
16265,0.0,0.0,667.922
16266,0.0,0.0,667.922
16267,0.0,0.0,667.922
16268,0.0,0.0,667.922
16269,0.0,0.0,667.922
16270,28.7,1.794,667.922
16271,14.3,0.894,667.922
16272,0.0,0.0,667.922
16273,0.0,0.0,667.922
16274,0.0,0.0,667.922
16275,0.0,0.0,667.922
16276,77.6,4.85,667.922
16277,100.0,6.25,667.922
16278,100.0,6.25,669.926
16279,87.5,5.469,669.926
16280,112.5,7.031,669.926
16281,100.0,6.25,669.926
16282,100.0,6.25,669.926
16283,100.0,6.25,671.926
16284,100.0,6.25,671.926
16285,89.3,5.581,671.926
16286,100.0,6.25,671.926
16287,112.5,7.031,671.926
16288,87.5,5.469,671.926
16289,112.5,7.031,671.926
16290,100.0,6.25,675.926
16291,100.0,6.25,675.926
16292,100.0,6.25,675.926
16293,100.0,6.25,675.926
16294,100.0,6.25,675.926
16295,88.7,5.544,675.926
16296,100.0,6.25,675.926
16297,112.5,7.031,675.926
16298,100.0,6.25,675.926
16299,100.0,6.25,675.926
16300,100.0,6.25,675.926
16301,87.5,5.469,675.926
16302,89.3,5.581,675.926
16303,100.0,6.25,675.926
16304,100.0,6.25,683.926
16305,100.0,6.25,683.926
16306,100.0,6.25,683.926
16307,100.0,6.25,683.926
16308,88.7,5.544,683.926
16309,100.0,6.25,683.926
16310,87.5,5.469,683.926
16311,112.5,7.031,683.926
16312,100.0,6.25,683.926
16313,100.0,6.25,683.926
16314,100.0,6.25,683.926
16315,100.0,6.25,683.926
16316,88.7,5.544,683.926
16317,112.5,7.031,683.926
16318,100.0,6.25,683.926
16319,100.0,6.25,683.926
16320,100.0,6.25,683.926
16321,100.0,6.25,683.926
16322,89.3,5.581,683.926
16323,112.5,7.031,683.926
16324,87.5,5.469,683.926
16325,112.5,7.031,683.926
16326,100.0,6.25,683.926
16327,88.7,5.544,683.926
16328,100.0,6.25,683.926
16329,100.0,6.25,683.926
16330,88.7,5.544,683.926
16331,100.0,6.25,683.926
16332,112.5,7.031,699.926
16333,100.0,6.25,699.926
16334,87.5,5.469,699.926
16335,100.0,6.25,699.926
16336,112.5,7.031,699.926
16337,100.0,6.25,699.926
16338,100.0,6.25,699.926
16339,100.0,6.25,699.926
16340,100.0,6.25,699.926
16341,89.3,5.581,699.926
16342,100.0,6.25,699.926
16343,112.5,7.031,699.926
16344,100.0,6.25,699.926
16345,100.0,6.25,699.926
16346,100.0,6.25,699.926
16347,100.0,6.25,699.926
16348,88.7,5.544,699.926
16349,87.5,5.469,699.926
16350,87.5,5.469,699.926
16351,100.0,6.25,699.926
16352,100.0,6.25,699.926
16353,100.0,6.25,699.926
16354,89.3,5.581,699.926
16355,99.7,6.231,699.926
16356,87.5,5.469,699.926
16357,112.5,7.031,699.926
16358,100.0,6.25,699.926
16359,100.0,6.25,699.926
16360,100.0,6.25,699.926
16361,100.0,6.25,699.926
16362,90.1,5.631,699.926
16363,87.5,5.469,699.926
16364,100.0,6.25,699.926
16365,97.9,6.119,675.547
16366,100.0,6.25,675.547
16367,71.0,4.438,667.922
16368,14.3,0.894,667.922
16369,0.0,0.0,667.922
16370,0.0,0.0,667.922
16371,43.0,2.688,668.523
16372,12.5,0.781,668.523
16373,20.0,1.25,668.527
16374,87.5,5.469,668.527
16375,100.0,6.25,670.531
16376,100.0,6.25,670.531
16377,87.5,5.469,670.531
16378,100.0,6.25,670.531
16379,87.5,5.469,670.531
16380,88.7,5.544,670.531
16381,100.0,6.25,672.531
16382,87.5,5.469,672.531
16383,87.5,5.469,672.531
16384,100.0,6.25,672.531
16385,100.0,6.25,672.531
16386,100.0,6.25,672.531
16387,100.0,6.25,672.531
16388,88.7,5.544,676.531
16389,100.0,6.25,676.531
16390,100.0,6.25,676.531
16391,75.0,4.688,676.531
16392,112.5,7.031,676.531
16393,75.0,4.688,676.531
16394,100.0,6.25,676.531
16395,100.0,6.25,676.531
16396,87.5,5.469,676.531
16397,114.7,7.169,676.531
16398,100.3,6.269,676.531
16399,100.0,6.25,676.531
16400,88.7,5.544,676.531
16401,112.5,7.031,676.531
16402,100.0,6.25,676.531
16403,87.5,5.469,684.531
16404,112.5,7.031,684.531
16405,100.0,6.25,684.531
16406,100.0,6.25,684.531
16407,100.0,6.25,684.531
16408,100.0,6.25,684.531
16409,88.7,5.544,684.531
16410,100.0,6.25,684.531
16411,112.5,7.031,684.531
16412,87.5,5.469,684.531
16413,112.5,7.031,684.531
16414,100.0,6.25,684.531
16415,100.0,6.25,684.531
16416,87.5,5.469,684.531
16417,114.7,7.169,684.531
16418,100.0,6.25,684.531
16419,88.7,5.544,684.531
16420,100.0,6.25,684.531
16421,114.7,7.169,684.531
16422,75.0,4.688,684.531
16423,100.0,6.25,684.531
16424,100.0,6.25,684.531
16425,87.5,5.469,684.531
16426,112.5,7.031,684.531
16427,100.0,6.25,684.531
16428,100.3,6.269,684.531
16429,87.5,5.469,684.531
16430,113.6,7.1,684.531
16431,100.0,6.25,684.531
16432,100.0,6.25,700.531
16433,100.0,6.25,700.531
16434,100.0,6.25,700.531
16435,89.3,5.581,700.531
16436,99.4,6.213,700.531
16437,75.0,4.688,700.531
16438,100.0,6.25,700.531
16439,87.5,5.469,700.531
16440,112.5,7.031,700.531
16441,100.0,6.25,700.531
16442,100.0,6.25,700.531
16443,100.0,6.25,700.531
16444,87.5,5.469,700.531
16445,87.5,5.469,700.531
16446,100.0,6.25,700.531
16447,87.5,5.469,700.531
16448,87.5,5.469,700.531
16449,114.7,7.169,700.531
16450,88.7,5.544,700.531
16451,114.7,7.169,700.531
16452,100.0,6.25,700.531
16453,100.0,6.25,700.531
16454,100.0,6.25,700.531
16455,100.0,6.25,700.531
16456,87.5,5.469,700.531
16457,100.0,6.25,700.531
16458,88.7,5.544,700.531
16459,112.5,7.031,700.531
16460,100.3,6.269,700.531
16461,100.0,6.25,700.531
16462,100.0,6.25,700.531
16463,100.0,6.25,700.531
16464,99.7,6.231,700.531
16465,87.5,5.469,700.531
16466,102.2,6.388,676.152
16467,85.2,5.325,668.527
16468,12.5,0.781,668.527
16469,0.0,0.0,668.527
16470,0.0,0.0,668.527
16471,0.0,0.0,668.527
16472,0.0,0.0,668.527
16473,0.0,0.0,668.527
16474,0.0,0.0,668.527
16475,0.0,0.0,668.527
16476,0.0,0.0,668.527
16477,0.0,0.0,668.527
16478,0.0,0.0,668.527
16479,0.0,0.0,668.527
16480,0.0,0.0,668.527
16481,0.0,0.0,668.527
16482,0.0,0.0,668.527
16483,0.0,0.0,668.527
16484,0.0,0.0,668.527
16485,0.0,0.0,668.527
16486,0.0,0.0,668.527
16487,0.0,0.0,668.527
16488,14.2,0.887,668.527
16489,0.0,0.0,668.527
16490,0.0,0.0,668.527
16491,0.0,0.0,668.527
16492,0.0,0.0,668.527
16493,0.0,0.0,668.527
16494,0.0,0.0,668.527
16495,0.0,0.0,668.527
16496,0.0,0.0,668.527
16497,0.0,0.0,668.527
16498,0.0,0.0,668.527
16499,0.0,0.0,668.527
16500,0.0,0.0,668.527
16501,0.0,0.0,668.527
16502,0.0,0.0,668.527
16503,0.0,0.0,668.527
16504,0.0,0.0,668.527
16505,0.0,0.0,668.527
16506,0.0,0.0,668.527
16507,0.0,0.0,668.527
16508,0.0,0.0,668.527
16509,0.0,0.0,668.527
16510,0.0,0.0,668.527
16511,0.0,0.0,668.527
16512,0.0,0.0,668.527
16513,0.0,0.0,668.527
16514,0.0,0.0,668.527
16515,0.0,0.0,668.527
16516,0.0,0.0,668.527
16517,0.0,0.0,668.527
16518,0.0,0.0,668.527
16519,0.0,0.0,668.527
16520,0.0,0.0,668.527
16521,0.0,0.0,668.527
16522,0.0,0.0,668.527
16523,0.0,0.0,668.527
16524,0.0,0.0,668.527
16525,0.0,0.0,668.527
16526,0.0,0.0,668.527
16527,0.0,0.0,668.527
16528,0.0,0.0,668.527
16529,0.0,0.0,668.527
16530,0.0,0.0,668.527
16531,0.0,0.0,668.527
16532,0.0,0.0,668.527
16533,0.0,0.0,668.527
16534,0.0,0.0,668.527
16535,0.0,0.0,668.527
16536,0.0,0.0,668.527
16537,0.0,0.0,668.527
16538,0.0,0.0,668.527
16539,0.0,0.0,668.527
16540,0.0,0.0,668.527
16541,0.0,0.0,668.527
16542,14.2,0.887,668.527
16543,14.3,0.894,668.547
16544,0.0,0.0,668.547
16545,0.0,0.0,668.547
16546,0.0,0.0,668.547
16547,62.5,3.906,668.547
16548,100.0,6.25,668.547
16549,88.7,5.544,670.551
16550,87.5,5.469,670.551
16551,114.7,7.169,670.551
16552,100.0,6.25,670.551
16553,100.0,6.25,670.551
16554,88.7,5.544,672.551
16555,87.5,5.469,672.551
16556,114.7,7.169,672.551
16557,100.0,6.25,672.551
16558,100.0,6.25,672.551
16559,100.0,6.25,672.551
16560,100.0,6.25,672.551
16561,100.0,6.25,676.551
16562,100.0,6.25,676.551
16563,100.0,6.25,676.551
16564,100.0,6.25,676.551
16565,100.0,6.25,676.551
16566,100.0,6.25,676.551
16567,99.4,6.213,676.551
16568,87.5,5.469,676.551
16569,100.0,6.25,676.551
16570,100.0,6.25,676.551
16571,100.0,6.25,676.551
16572,100.0,6.25,676.551
16573,100.0,6.25,676.551
16574,100.0,6.25,676.551
16575,89.3,5.581,676.551
16576,99.4,6.213,684.551
16577,89.3,5.581,684.551
16578,113.6,7.1,684.551
16579,70.1,4.381,684.551
16580,87.5,5.469,684.551
16581,100.0,6.25,684.551
16582,87.5,5.469,684.551
16583,112.5,7.031,684.551
16584,87.5,5.469,684.551
16585,100.0,6.25,684.551
16586,114.7,7.169,684.551
16587,100.0,6.25,684.551
16588,87.5,5.469,684.551
16589,87.5,5.469,684.551
16590,87.5,5.469,684.551
16591,100.0,6.25,684.551
16592,100.0,6.25,684.551
16593,100.0,6.25,684.551
16594,100.0,6.25,684.551
16595,100.0,6.25,684.551
16596,100.0,6.25,684.551
16597,100.0,6.25,684.551
16598,77.6,4.85,684.551
16599,100.0,6.25,684.551
16600,100.0,6.25,684.551
16601,87.5,5.469,684.551
16602,114.7,7.169,684.551
16603,100.0,6.25,684.551
16604,75.0,4.688,684.551
16605,100.0,6.25,700.551
16606,100.0,6.25,700.551
16607,100.0,6.25,700.551
16608,100.0,6.25,700.551
16609,99.4,6.213,700.551
16610,89.3,5.581,700.551
16611,100.0,6.25,700.551
16612,100.0,6.25,700.551
16613,100.0,6.25,700.551
16614,113.6,7.1,700.551
16615,100.0,6.25,700.551
16616,87.5,5.469,700.551
16617,87.5,5.469,700.551
16618,111.6,6.975,700.551
16619,100.0,6.25,700.551
16620,100.0,6.25,700.551
16621,100.0,6.25,700.551
16622,88.7,5.544,700.551
16623,100.0,6.25,700.551
16624,100.0,6.25,700.551
16625,114.7,7.169,700.551
16626,100.0,6.25,700.551
16627,100.0,6.25,700.551
16628,100.0,6.25,700.551
16629,100.0,6.25,700.551
16630,100.0,6.25,700.551
16631,100.0,6.25,700.551
16632,90.1,5.631,700.551
16633,100.0,6.25,700.551
16634,100.0,6.25,700.551
16635,112.5,7.031,700.551
16636,100.0,6.25,700.551
16637,100.0,6.25,700.551
16638,96.1,6.006,676.172
16639,100.0,6.25,668.547
16640,28.7,1.794,668.598
16641,0.0,0.0,668.598
16642,0.0,0.0,668.598
16643,0.0,0.0,668.598
16644,14.3,0.894,668.668
16645,0.0,0.0,668.766
16646,0.0,0.0,668.766
16647,0.0,0.0,668.766
16648,67.0,4.188,668.793
16649,100.0,6.25,668.793
16650,87.5,5.469,670.797
16651,100.0,6.25,670.797
16652,112.5,7.031,670.797
16653,100.0,6.25,670.797
16654,100.0,6.25,670.797
16655,100.0,6.25,672.797
16656,100.0,6.25,672.797
16657,100.0,6.25,672.797
16658,100.0,6.25,672.797
16659,88.7,5.544,672.797
16660,100.0,6.25,672.797
16661,100.0,6.25,672.797
16662,75.0,4.688,676.797
16663,87.5,5.469,676.797
16664,100.0,6.25,676.797
16665,87.5,5.469,676.797
16666,100.0,6.25,676.797
16667,100.0,6.25,676.797
16668,78.1,4.881,676.797
16669,100.0,6.25,676.797
16670,100.0,6.25,676.797
16671,100.0,6.25,676.797
16672,75.0,4.688,676.797
16673,75.0,4.688,676.797
16674,112.5,7.031,676.797
16675,100.0,6.25,676.797
16676,100.0,6.25,676.797
16677,100.0,6.25,684.797
16678,100.0,6.25,684.797
16679,100.0,6.25,684.797
16680,100.0,6.25,684.797
16681,88.7,5.544,684.797
16682,100.0,6.25,684.797
16683,100.0,6.25,684.797
16684,112.5,7.031,684.797
16685,100.0,6.25,684.797
16686,100.0,6.25,684.797
16687,100.0,6.25,684.797
16688,100.0,6.25,684.797
16689,100.0,6.25,684.797
16690,100.0,6.25,684.797
16691,88.7,5.544,684.797
16692,87.5,5.469,684.797
16693,87.5,5.469,684.797
16694,75.0,4.688,684.797
16695,87.5,5.469,684.797
16696,100.0,6.25,684.797
16697,100.0,6.25,684.797
16698,100.0,6.25,684.797
16699,100.0,6.25,684.797
16700,78.1,4.881,684.797
16701,100.0,6.25,684.797
16702,100.0,6.25,684.797
16703,100.0,6.25,684.797
16704,112.5,7.031,684.797
16705,100.0,6.25,700.797
16706,87.5,5.469,700.797
16707,100.0,6.25,700.797
16708,100.0,6.25,700.797
16709,100.0,6.25,700.797
16710,88.7,5.544,700.797
16711,100.0,6.25,700.797
16712,100.0,6.25,700.797
16713,87.5,5.469,700.797
16714,87.5,5.469,700.797
16715,100.0,6.25,700.797
16716,100.0,6.25,700.797
16717,100.0,6.25,700.797
16718,75.0,4.688,700.797
16719,88.7,5.544,700.797
16720,87.5,5.469,700.797
16721,112.5,7.031,700.797
16722,100.0,6.25,700.797
16723,87.5,5.469,700.797
16724,100.0,6.25,700.797
16725,100.0,6.25,700.797
16726,100.4,6.275,700.797
16727,88.7,5.544,700.797
16728,87.5,5.469,700.797
16729,100.0,6.25,700.797
16730,75.0,4.688,700.797
16731,100.0,6.25,700.797
16732,100.0,6.25,700.797
16733,100.0,6.25,700.797
16734,100.0,6.25,700.797
16735,89.3,5.581,700.797
16736,100.0,6.25,700.797
16737,100.0,6.25,700.797
16738,87.5,5.469,700.797
16739,99.9,6.244,676.516
16740,86.0,5.375,668.891
16741,0.0,0.0,668.891
16742,0.0,0.0,668.891
16743,0.0,0.0,668.891
16744,0.0,0.0,668.891
16745,14.2,0.887,668.895
16746,0.0,0.0,668.895
16747,0.0,0.0,668.895
16748,0.0,0.0,668.895
16749,0.0,0.0,668.895
16750,0.0,0.0,668.895
16751,0.0,0.0,668.895
16752,0.0,0.0,668.895
16753,0.0,0.0,668.895
16754,0.0,0.0,668.895
16755,0.0,0.0,668.895
16756,0.0,0.0,668.895
16757,0.0,0.0,668.895
16758,0.0,0.0,668.895
16759,0.0,0.0,668.895
16760,0.0,0.0,668.895
16761,0.0,0.0,668.895
16762,0.0,0.0,668.895
16763,14.2,0.887,668.895
16764,12.5,0.781,668.895
16765,0.0,0.0,668.895
16766,0.0,0.0,668.895
16767,0.0,0.0,668.895
16768,0.0,0.0,668.895
16769,0.0,0.0,668.895
16770,0.0,0.0,668.895
16771,14.2,0.887,668.895
16772,0.0,0.0,668.895
16773,25.0,1.562,668.895
16774,100.0,6.25,668.895
16775,88.7,5.544,670.898
16776,100.0,6.25,670.898
16777,100.0,6.25,670.898
16778,100.0,6.25,670.898
16779,100.0,6.25,670.898
16780,100.0,6.25,672.898
16781,89.3,5.581,672.898
16782,100.0,6.25,672.898
16783,100.0,6.25,672.898
16784,100.0,6.25,672.898
16785,100.0,6.25,672.898
16786,100.0,6.25,672.898
16787,100.0,6.25,672.898
16788,100.0,6.25,676.898
16789,100.0,6.25,676.898
16790,88.7,5.544,676.898
16791,100.0,6.25,676.898
16792,112.5,7.031,676.898
16793,100.0,6.25,676.898
16794,100.0,6.25,676.898
16795,100.0,6.25,676.898
16796,100.0,6.25,676.898
16797,88.7,5.544,676.898
16798,100.0,6.25,676.898
16799,100.0,6.25,676.898
16800,100.0,6.25,676.898
16801,100.0,6.25,676.898
16802,100.0,6.25,684.898
16803,100.0,6.25,684.898
16804,100.0,6.25,684.898
16805,87.5,5.469,684.898
16806,100.0,6.25,684.898
16807,89.3,5.581,684.898
16808,100.0,6.25,684.898
16809,112.5,7.031,684.898
16810,87.5,5.469,684.898
16811,100.0,6.25,684.898
16812,100.0,6.25,684.898
16813,100.0,6.25,684.898
16814,100.0,6.25,684.898
16815,88.7,5.544,684.898
16816,87.5,5.469,684.898
16817,112.5,7.031,684.898
16818,100.0,6.25,684.898
16819,100.0,6.25,684.898
16820,100.0,6.25,684.898
16821,100.0,6.25,684.898
16822,88.7,5.544,684.898
16823,100.0,6.25,684.898
16824,87.5,5.469,684.898
16825,100.0,6.25,684.898
16826,100.0,6.25,684.898
16827,100.0,6.25,684.898
16828,100.0,6.25,684.898
16829,100.0,6.25,684.898
16830,100.0,6.25,700.898
16831,89.3,5.581,700.898
16832,100.0,6.25,700.898
16833,100.0,6.25,700.898
16834,100.0,6.25,700.898
16835,100.0,6.25,700.898
16836,100.0,6.25,700.898
16837,100.0,6.25,700.898
16838,100.0,6.25,700.898
16839,88.7,5.544,700.898
16840,112.5,7.031,700.898
16841,87.5,5.469,700.898
16842,112.5,7.031,700.898
16843,100.0,6.25,700.898
16844,100.0,6.25,700.898
16845,100.0,6.25,700.898
16846,100.0,6.25,700.898
16847,100.0,6.25,700.898
16848,89.3,5.581,700.898
16849,112.5,7.031,700.898
16850,100.0,6.25,700.898
16851,100.0,6.25,700.898
16852,100.0,6.25,700.898
16853,100.0,6.25,700.898
16854,100.0,6.25,700.898
16855,100.0,6.25,700.898
16856,100.0,6.25,700.898
16857,100.0,6.25,700.898
16858,88.7,5.544,700.898
16859,75.0,4.688,700.898
16860,100.0,6.25,700.898
16861,100.0,6.25,700.898
16862,100.0,6.25,700.898
16863,100.0,6.25,700.898
16864,100.1,6.256,676.523
16865,85.2,5.325,668.898
16866,14.3,0.894,668.898
16867,28.4,1.775,668.898
16868,0.0,0.0,668.898
16869,0.0,0.0,668.898
16870,12.5,0.781,668.898
16871,100.0,6.25,668.898
16872,87.5,5.469,670.902
16873,100.0,6.25,670.902
16874,100.0,6.25,670.902
16875,100.0,6.25,670.902
16876,100.0,6.25,670.902
16877,87.5,5.469,670.902
16878,100.0,6.25,672.902
16879,100.0,6.25,672.902
16880,100.0,6.25,672.902
16881,75.0,4.688,672.902
16882,113.6,7.1,672.902
16883,100.0,6.25,672.902
16884,100.0,6.25,672.902
16885,100.0,6.25,676.902
16886,100.0,6.25,676.902
16887,87.5,5.469,676.902
16888,100.0,6.25,676.902
16889,87.5,5.469,676.902
16890,87.5,5.469,676.902
16891,114.7,7.169,676.902
16892,100.0,6.25,676.902
16893,100.0,6.25,676.902
16894,100.0,6.25,676.902
16895,100.0,6.25,676.902
16896,88.7,5.544,676.902
16897,100.0,6.25,676.902
16898,100.0,6.25,676.902
16899,100.0,6.25,676.902
16900,100.0,6.25,684.902
16901,87.5,5.469,684.902
16902,87.5,5.469,684.902
16903,100.0,6.25,684.902
16904,75.0,4.688,684.902
16905,100.0,6.25,684.902
16906,87.5,5.469,684.902
16907,100.0,6.25,684.902
16908,87.5,5.469,684.902
16909,114.7,7.169,684.902
16910,88.7,5.544,684.902
16911,114.7,7.169,684.902
16912,100.0,6.25,684.902
16913,87.5,5.469,684.902
16914,100.0,6.25,684.902
16915,77.6,4.85,684.902
16916,114.7,7.169,684.902
16917,100.0,6.25,684.902
16918,100.0,6.25,684.902
16919,100.0,6.25,684.902
16920,100.0,6.25,684.902
16921,88.7,5.544,684.902
16922,100.0,6.25,684.902
16923,114.7,7.169,684.902
16924,88.7,5.544,684.902
16925,112.5,7.031,684.902
16926,100.0,6.25,684.902
16927,100.0,6.25,684.902
16928,100.0,6.25,684.902
16929,78.1,4.881,700.902
16930,100.0,6.25,700.902
16931,100.0,6.25,700.902
16932,113.6,7.1,700.902
16933,89.3,5.581,700.902
16934,100.0,6.25,700.902
16935,87.5,5.469,700.902
16936,100.0,6.25,700.902
16937,112.5,7.031,700.902
16938,87.5,5.469,700.902
16939,75.0,4.688,700.902
16940,113.6,7.1,700.902
16941,89.3,5.581,700.902
16942,99.4,6.213,700.902
16943,89.3,5.581,700.902
16944,87.5,5.469,700.902
16945,100.0,6.25,700.902
16946,100.0,6.25,700.902
16947,100.0,6.25,700.902
16948,100.0,6.25,700.902
16949,99.4,6.213,700.902
16950,100.0,6.25,700.902
16951,100.0,6.25,700.902
16952,100.0,6.25,700.902
16953,89.3,5.581,700.902
16954,100.0,6.25,700.902
16955,100.0,6.25,700.902
16956,113.6,7.1,700.902
16957,89.3,5.581,700.902
16958,113.6,7.1,700.902
16959,100.0,6.25,700.902
16960,87.5,5.469,700.902
16961,112.5,7.031,700.902
16962,87.5,5.469,700.902
16963,87.5,5.469,700.902
16964,102.5,6.406,676.523
16965,85.2,5.325,668.898
16966,14.3,0.894,668.895
16967,0.0,0.0,668.895
16968,0.0,0.0,668.895
16969,0.0,0.0,668.895
16970,0.0,0.0,668.895
16971,0.0,0.0,668.895
16972,0.0,0.0,668.895
16973,0.0,0.0,668.895
16974,0.0,0.0,668.895
16975,0.0,0.0,668.895
16976,0.0,0.0,668.895
16977,0.0,0.0,668.895
16978,0.0,0.0,668.895
16979,0.0,0.0,668.895
16980,0.0,0.0,668.895
16981,0.0,0.0,668.895
16982,0.0,0.0,668.895
16983,0.0,0.0,668.895
16984,0.0,0.0,668.895
16985,12.5,0.781,668.898
16986,12.5,0.781,668.898
16987,0.0,0.0,668.898
16988,0.0,0.0,668.898
16989,0.0,0.0,668.898
16990,0.0,0.0,668.898
16991,0.0,0.0,668.898
16992,0.0,0.0,668.898
16993,0.0,0.0,668.898
16994,0.0,0.0,668.898
16995,14.3,0.894,668.898
16996,0.0,0.0,668.898
16997,0.0,0.0,668.898
16998,0.0,0.0,668.898
16999,0.0,0.0,668.898
17000,0.0,0.0,668.898
17001,0.0,0.0,668.898
17002,0.0,0.0,668.898
17003,0.0,0.0,668.898
17004,0.0,0.0,668.898
17005,50.0,3.125,668.902
17006,100.0,6.25,668.902
17007,100.0,6.25,670.906
17008,87.5,5.469,670.906
17009,100.0,6.25,670.906
17010,100.0,6.25,670.906
17011,113.6,7.1,670.906
17012,100.0,6.25,672.906
17013,100.0,6.25,672.906
17014,100.0,6.25,672.906
17015,100.0,6.25,672.906
17016,87.5,5.469,672.906
17017,62.5,3.906,672.906
17018,87.5,5.469,672.906
17019,100.0,6.25,672.906
17020,100.0,6.25,676.906
17021,100.0,6.25,676.906
17022,100.0,6.25,676.906
17023,100.0,6.25,676.906
17024,100.0,6.25,676.906
17025,100.0,6.25,676.906
17026,100.0,6.25,676.906
17027,100.0,6.25,676.906
17028,100.0,6.25,676.906
17029,87.5,5.469,676.906
17030,87.5,5.469,676.906
17031,100.0,6.25,676.906
17032,100.0,6.25,676.906
17033,100.0,6.25,676.906
17034,100.0,6.25,684.906
17035,100.0,6.25,684.906
17036,100.0,6.25,684.906
17037,100.0,6.25,684.906
17038,100.0,6.25,684.906
17039,100.0,6.25,684.906
17040,100.0,6.25,684.906
17041,100.0,6.25,684.906
17042,100.0,6.25,684.906
17043,87.5,5.469,684.906
17044,75.0,4.688,684.906
17045,100.0,6.25,684.906
17046,87.5,5.469,684.906
17047,87.5,5.469,684.906
17048,100.0,6.25,684.906
17049,100.0,6.25,684.906
17050,87.5,5.469,684.906
17051,87.5,5.469,684.906
17052,100.0,6.25,684.906
17053,87.5,5.469,684.906
17054,114.7,7.169,684.906
17055,100.0,6.25,684.906
17056,100.0,6.25,684.906
17057,87.5,5.469,684.906
17058,100.0,6.25,684.906
17059,113.6,7.1,684.906
17060,100.0,6.25,684.906
17061,100.0,6.25,684.906
17062,100.0,6.25,684.906
17063,100.0,6.25,684.906
17064,100.0,6.25,700.906
17065,100.0,6.25,700.906
17066,87.5,5.469,700.906
17067,87.5,5.469,700.906
17068,100.0,6.25,700.906
17069,114.7,7.169,700.906
17070,100.0,6.25,700.906
17071,100.0,6.25,700.906
17072,87.5,5.469,700.906
17073,114.7,7.169,700.906
17074,100.0,6.25,700.91
17075,100.0,6.25,700.91
17076,100.0,6.25,700.91
17077,100.0,6.25,700.91
17078,100.0,6.25,700.91
17079,100.0,6.25,700.91
17080,100.0,6.25,700.91
17081,100.0,6.25,700.91
17082,100.0,6.25,700.91
17083,88.7,5.544,700.91
17084,100.0,6.25,700.91
17085,114.7,7.169,700.91
17086,100.0,6.25,700.91
17087,100.0,6.25,700.91
17088,100.0,6.25,700.91
17089,100.0,6.25,700.91
17090,88.7,5.544,700.91
17091,100.0,6.25,700.91
17092,100.0,6.25,700.91
17093,87.5,5.469,700.91
17094,87.5,5.469,700.91
17095,100.0,6.25,700.91
17096,100.0,6.25,700.91
17097,87.5,5.469,700.91
17098,97.9,6.119,676.535
17099,71.7,4.481,668.91
17100,0.0,0.0,668.91
17101,14.3,0.894,668.91
17102,14.3,0.894,668.91
17103,0.0,0.0,668.91
17104,0.0,0.0,668.91
17105,0.0,0.0,668.91
17106,0.0,0.0,668.91
17107,14.3,0.894,668.91
17108,14.3,0.894,668.91
17109,14.2,0.887,668.91
17110,28.7,1.794,668.91
17111,14.3,0.894,668.91
17112,100.0,6.25,668.91
17113,100.0,6.25,670.914
17114,100.0,6.25,670.914
17115,100.0,6.25,670.914
17116,100.0,6.25,670.914
17117,100.0,6.25,670.914
17118,100.0,6.25,670.914
17119,100.0,6.25,672.914
17120,100.0,6.25,672.914
17121,100.0,6.25,672.914
17122,75.0,4.688,672.914
17123,100.0,6.25,672.914
17124,100.0,6.25,672.914
17125,88.7,5.544,672.914
17126,114.7,7.169,676.914
17127,100.0,6.25,676.914
17128,100.0,6.25,676.914
17129,100.0,6.25,676.914
17130,100.0,6.25,676.914
17131,100.0,6.25,676.914
17132,100.0,6.25,676.914
17133,100.0,6.25,676.914
17134,100.0,6.25,676.914
17135,99.7,6.231,676.914
17136,100.0,6.25,676.914
17137,100.0,6.25,676.914
17138,100.0,6.25,676.914
17139,87.5,5.469,676.914
17140,100.0,6.25,684.914
17141,100.0,6.25,684.914
17142,100.0,6.25,684.914
17143,100.0,6.25,684.914
17144,100.0,6.25,684.914
17145,100.0,6.25,684.914
17146,100.0,6.25,684.914
17147,100.0,6.25,684.914
17148,100.0,6.25,684.914
17149,100.0,6.25,684.914
17150,100.0,6.25,684.914
17151,100.0,6.25,684.914
17152,100.0,6.25,684.914
17153,100.0,6.25,684.914
17154,99.7,6.231,684.914
17155,100.0,6.25,684.914
17156,100.0,6.25,684.914
17157,100.0,6.25,684.914
17158,87.5,5.469,684.914
17159,100.0,6.25,684.914
17160,100.0,6.25,684.914
17161,89.3,5.581,684.914
17162,100.0,6.25,684.914
17163,87.5,5.469,684.914
17164,100.0,6.25,684.914
17165,100.0,6.25,684.914
17166,100.0,6.25,684.914
17167,87.5,5.469,684.914
17168,100.0,6.25,700.914
17169,87.5,5.469,700.914
17170,100.0,6.25,700.914
17171,100.0,6.25,700.914
17172,100.0,6.25,700.914
17173,100.0,6.25,700.914
17174,100.0,6.25,700.914
17175,87.5,5.469,700.914
17176,100.0,6.25,700.914
17177,100.0,6.25,700.914
17178,100.0,6.25,700.914
17179,88.7,5.544,700.914
17180,114.7,7.169,700.914
17181,100.0,6.25,700.914
17182,88.7,5.544,700.914
17183,100.0,6.25,700.914
17184,100.0,6.25,700.914
17185,100.0,6.25,700.914
17186,100.0,6.25,700.914
17187,100.0,6.25,700.914
17188,100.0,6.25,700.914
17189,100.0,6.25,700.914
17190,100.0,6.25,700.914
17191,100.0,6.25,700.914
17192,100.0,6.25,700.914
17193,100.0,6.25,700.914
17194,87.5,5.469,700.914
17195,87.5,5.469,700.914
17196,87.5,5.469,700.914
17197,100.0,6.25,700.914
17198,100.0,6.25,700.914
17199,100.0,6.25,700.914
17200,100.0,6.25,700.914
17201,100.0,6.25,700.914
17202,100.0,6.25,700.914
17203,100.0,6.25,700.914
17204,100.0,6.25,700.914
17205,100.0,6.25,700.914
17206,100.0,6.25,700.914
17207,97.1,6.069,676.535
17208,100.0,6.25,668.91
17209,14.3,0.894,668.91
17210,28.7,1.794,668.91
17211,0.0,0.0,668.91
17212,0.0,0.0,668.91
17213,0.0,0.0,668.91
17214,75.0,4.688,668.91
17215,100.0,6.25,668.91
17216,100.0,6.25,668.91
17217,100.0,6.25,670.914
17218,100.0,6.25,670.914
17219,100.0,6.25,670.914
17220,100.0,6.25,670.914
17221,100.0,6.25,670.914
17222,100.0,6.25,670.914
17223,87.5,5.469,670.914
17224,100.0,6.25,670.914
17225,100.0,6.25,670.914
17226,87.5,5.469,670.914
17227,89.3,5.581,672.914
17228,100.0,6.25,672.914
17229,100.0,6.25,672.914
17230,112.5,7.031,672.914
17231,100.0,6.25,672.914
17232,100.0,6.25,672.914
17233,100.0,6.25,672.914
17234,100.0,6.25,672.914
17235,100.0,6.25,672.914
17236,100.0,6.25,672.914
17237,87.5,5.469,672.914
17238,100.0,6.25,672.914
17239,100.0,6.25,672.914
17240,100.0,6.25,676.914
17241,100.0,6.25,676.914
17242,87.5,5.469,676.914
17243,100.0,6.25,676.914
17244,100.0,6.25,676.914
17245,100.0,6.25,676.914
17246,88.7,5.544,676.914
17247,100.0,6.25,676.914
17248,100.0,6.25,676.914
17249,100.0,6.25,676.914
17250,75.0,4.688,676.914
17251,100.0,6.25,676.914
17252,87.5,5.469,676.914
17253,100.0,6.25,676.914
17254,100.0,6.25,676.914
17255,100.0,6.25,676.914
17256,100.0,6.25,676.914
17257,100.0,6.25,676.914
17258,100.0,6.25,676.914
17259,100.0,6.25,676.914
17260,100.0,6.25,676.914
17261,100.0,6.25,676.914
17262,100.0,6.25,676.914
17263,100.0,6.25,676.914
17264,100.0,6.25,676.914
17265,75.0,4.688,684.914
17266,100.0,6.25,684.914
17267,75.0,4.688,684.914
17268,67.0,4.188,684.914
17269,100.0,6.25,684.914
17270,100.0,6.25,684.914
17271,87.5,5.469,684.914
17272,100.0,6.25,684.914
17273,87.5,5.469,684.914
17274,75.0,4.688,684.914
17275,100.0,6.25,684.914
17276,87.5,5.469,684.914
17277,100.0,6.25,684.914
17278,87.5,5.469,684.914
17279,75.0,4.688,684.914
17280,100.0,6.25,684.914
17281,100.0,6.25,684.914
17282,87.5,5.469,684.914
17283,87.5,5.469,684.914
17284,100.0,6.25,684.914
17285,100.0,6.25,684.914
17286,100.0,6.25,684.914
17287,100.0,6.25,684.914
17288,88.7,5.544,684.914
17289,100.0,6.25,684.914
17290,112.5,7.031,684.914
17291,100.0,6.25,684.914
17292,100.0,6.25,684.914
17293,100.0,6.25,684.914
17294,100.0,6.25,684.914
17295,87.5,5.469,684.914
17296,100.0,6.25,684.914
17297,100.0,6.25,684.914
17298,100.0,6.25,684.914
17299,100.0,6.25,684.914
17300,87.5,5.469,684.914
17301,100.0,6.25,684.914
17302,100.0,6.25,684.914
17303,87.5,5.469,684.914
17304,88.7,5.544,684.914
17305,87.5,5.469,684.914
17306,100.0,6.25,684.914
17307,100.0,6.25,684.914
17308,100.0,6.25,684.914
17309,112.5,7.031,684.914
17310,87.5,5.469,684.914
17311,100.0,6.25,684.914
17312,87.5,5.469,684.914
17313,100.0,6.25,684.914
17314,100.0,6.25,684.914
17315,100.0,6.25,684.914
17316,89.3,5.581,684.914
17317,100.0,6.25,684.914
17318,100.0,6.25,700.914
17319,100.0,6.25,700.914
17320,87.5,5.469,700.914
17321,100.0,6.25,700.914
17322,100.0,6.25,700.914
17323,87.5,5.469,700.914
17324,79.6,4.975,700.914
17325,87.5,5.469,700.914
17326,100.0,6.25,700.914
17327,87.5,5.469,700.914
17328,87.5,5.469,700.914
17329,100.0,6.25,700.914
17330,100.0,6.25,700.914
17331,100.0,6.25,700.914
17332,100.0,6.25,700.914
17333,89.3,5.581,700.914
17334,75.0,4.688,700.914
17335,87.5,5.469,700.914
17336,100.0,6.25,700.914
17337,100.0,6.25,700.914
17338,87.5,5.469,700.914
17339,100.0,6.25,700.914
17340,87.5,5.469,700.914
17341,100.0,6.25,700.914
17342,100.0,6.25,700.914
17343,100.0,6.25,700.914
17344,100.0,6.25,700.914
17345,100.0,6.25,700.914
17346,100.0,6.25,700.914
17347,88.7,5.544,700.914
17348,100.0,6.25,700.914
17349,78.1,4.881,700.914
17350,87.5,5.469,700.914
17351,100.0,6.25,700.914
17352,100.0,6.25,700.914
17353,100.0,6.25,700.914
17354,100.0,6.25,700.914
17355,100.0,6.25,700.914
17356,100.0,6.25,700.914
17357,88.7,5.544,700.914
17358,112.5,7.031,700.914
17359,100.0,6.25,700.914
17360,100.0,6.25,700.914
17361,100.0,6.25,700.914
17362,100.0,6.25,700.914
17363,100.0,6.25,700.914
17364,88.7,5.544,700.914
17365,100.0,6.25,700.914
17366,100.0,6.25,700.914
17367,112.5,7.031,700.914
17368,100.0,6.25,700.914
17369,100.0,6.25,700.914
17370,100.0,6.25,700.914
17371,100.0,6.25,700.914
17372,100.0,6.25,700.914
17373,100.0,6.25,700.914
17374,89.3,5.581,700.914
17375,100.0,6.25,700.914
17376,100.0,6.25,700.914
17377,100.0,6.25,700.914
17378,92.8,5.8,676.535
17379,100.3,6.269,668.91
17380,28.4,1.775,668.91
17381,0.0,0.0,668.91
17382,0.0,0.0,668.91
17383,0.0,0.0,668.91
17384,0.0,0.0,668.91
17385,0.0,0.0,668.91
17386,14.2,0.887,668.91
17387,0.0,0.0,668.91
17388,0.0,0.0,668.91
17389,0.0,0.0,668.91
17390,0.0,0.0,668.91
17391,0.0,0.0,668.91
17392,0.0,0.0,668.91
17393,0.0,0.0,668.91
17394,0.0,0.0,668.91
17395,0.0,0.0,668.91
17396,0.0,0.0,668.91
17397,0.0,0.0,668.91
17398,0.0,0.0,668.91
17399,0.0,0.0,668.91
17400,0.0,0.0,668.91
17401,0.0,0.0,668.91
17402,0.0,0.0,668.91
17403,0.0,0.0,668.91
17404,0.0,0.0,668.91
17405,0.0,0.0,668.91
17406,0.0,0.0,668.91
17407,0.0,0.0,668.91
17408,0.0,0.0,668.91
17409,0.0,0.0,668.91
17410,0.0,0.0,668.91
17411,0.0,0.0,668.91
17412,0.0,0.0,668.91
17413,0.0,0.0,668.91
17414,0.0,0.0,668.91
17415,0.0,0.0,668.91
17416,0.0,0.0,668.91
17417,0.0,0.0,668.91
17418,0.0,0.0,668.91
17419,0.0,0.0,668.91
17420,0.0,0.0,668.91
17421,0.0,0.0,668.91
17422,0.0,0.0,668.91
17423,0.0,0.0,668.91
17424,0.0,0.0,668.91
17425,0.0,0.0,668.91
17426,14.3,0.894,668.91
17427,0.0,0.0,668.91
17428,0.0,0.0,668.91
17429,0.0,0.0,668.91
17430,0.0,0.0,668.91
17431,0.0,0.0,668.91
17432,0.0,0.0,668.91
17433,0.0,0.0,668.91
17434,0.0,0.0,668.91
17435,0.0,0.0,668.91
17436,0.0,0.0,668.91
17437,0.0,0.0,668.91
17438,14.2,0.887,668.91
17439,0.0,0.0,668.91
17440,14.3,0.894,668.91
17441,0.0,0.0,668.91
17442,0.0,0.0,668.91
17443,0.0,0.0,668.91
17444,0.0,0.0,668.91
17445,0.0,0.0,668.91
17446,0.0,0.0,668.91
17447,0.0,0.0,668.91
17448,0.0,0.0,668.91
17449,0.0,0.0,668.91
17450,0.0,0.0,668.91
17451,0.0,0.0,668.91
17452,0.0,0.0,668.91
17453,0.0,0.0,668.91
17454,0.0,0.0,668.91
17455,0.0,0.0,668.91
17456,0.0,0.0,668.91
17457,0.0,0.0,668.91
17458,0.0,0.0,668.91
17459,0.0,0.0,668.91
17460,0.0,0.0,668.91
17461,0.0,0.0,668.91
17462,0.0,0.0,668.91
17463,0.0,0.0,668.91
17464,0.0,0.0,668.91
17465,0.0,0.0,668.91
17466,0.0,0.0,668.91
17467,0.0,0.0,668.91
17468,0.0,0.0,668.91
17469,0.0,0.0,668.91
17470,0.0,0.0,668.91
17471,0.0,0.0,668.91
17472,0.0,0.0,668.91
17473,0.0,0.0,668.91
17474,0.0,0.0,668.91
17475,0.0,0.0,668.91
17476,0.0,0.0,668.91
17477,0.0,0.0,668.91
17478,0.0,0.0,668.91
17479,0.0,0.0,668.91
17480,0.0,0.0,668.91
17481,0.0,0.0,668.91
17482,0.0,0.0,668.91
17483,0.0,0.0,668.91
17484,0.0,0.0,668.91
17485,0.0,0.0,668.91
17486,0.0,0.0,668.91
17487,0.0,0.0,668.91
17488,0.0,0.0,668.91
17489,0.0,0.0,668.91
17490,0.0,0.0,668.91
17491,0.0,0.0,668.91
17492,0.0,0.0,668.91
17493,0.0,0.0,668.91
17494,0.0,0.0,668.91
17495,0.0,0.0,668.91
17496,0.0,0.0,668.91
17497,0.0,0.0,668.91
17498,0.0,0.0,668.91
17499,0.0,0.0,668.91
17500,0.0,0.0,668.91
17501,0.0,0.0,668.91
17502,0.0,0.0,668.91
17503,0.0,0.0,668.91
17504,0.0,0.0,668.91
17505,0.0,0.0,668.91
17506,0.0,0.0,668.91
17507,0.0,0.0,668.91
17508,0.0,0.0,668.91
17509,0.0,0.0,668.91
17510,14.3,0.894,668.91
17511,0.0,0.0,668.91
17512,0.0,0.0,668.91
17513,0.0,0.0,668.91
17514,0.0,0.0,668.91
17515,0.0,0.0,668.91
17516,100.0,6.25,668.91
17517,87.5,5.469,668.91
17518,100.0,6.25,670.914
17519,100.0,6.25,670.914
17520,87.5,5.469,670.914
17521,100.0,6.25,670.914
17522,100.0,6.25,670.914
17523,112.5,7.031,670.914
17524,75.0,4.688,670.914
17525,100.0,6.25,670.914
17526,100.0,6.25,670.914
17527,87.5,5.469,670.914
17528,112.5,7.031,670.914
17529,87.5,5.469,672.914
17530,100.0,6.25,672.914
17531,100.0,6.25,672.914
17532,100.0,6.25,672.914
17533,100.0,6.25,672.914
17534,62.5,3.906,672.914
17535,112.5,7.031,672.914
17536,100.0,6.25,672.914
17537,100.0,6.25,672.914
17538,100.0,6.25,672.914
17539,100.0,6.25,672.914
17540,100.0,6.25,672.914
17541,100.0,6.25,672.914
17542,100.0,6.25,676.914
17543,100.0,6.25,676.914
17544,87.5,5.469,676.914
17545,100.0,6.25,676.914
17546,100.0,6.25,676.914
17547,100.0,6.25,676.914
17548,100.0,6.25,676.914
17549,100.0,6.25,676.914
17550,100.0,6.25,676.914
17551,100.0,6.25,676.914
17552,100.0,6.25,676.914
17553,89.3,5.581,676.914
17554,100.0,6.25,676.914
17555,112.5,7.031,676.914
17556,100.0,6.25,676.914
17557,100.0,6.25,676.914
17558,100.0,6.25,676.914
17559,87.5,5.469,676.914
17560,100.0,6.25,676.914
17561,100.0,6.25,676.914
17562,100.0,6.25,676.914
17563,100.0,6.25,676.914
17564,87.5,5.469,676.914
17565,100.0,6.25,676.914
17566,100.0,6.25,676.914
17567,77.6,4.85,676.914
17568,100.0,6.25,684.914
17569,100.0,6.25,684.914
17570,100.0,6.25,684.914
17571,62.5,3.906,684.914
17572,100.0,6.25,684.914
17573,100.0,6.25,684.914
17574,100.0,6.25,684.914
17575,100.0,6.25,684.914
17576,100.0,6.25,684.914
17577,100.0,6.25,684.914
17578,87.5,5.469,684.914
17579,100.0,6.25,684.914
17580,100.0,6.25,684.914
17581,77.6,4.85,684.914
17582,100.0,6.25,684.914
17583,100.0,6.25,684.914
17584,100.0,6.25,684.914
17585,100.0,6.25,684.914
17586,50.0,3.125,684.914
17587,87.5,5.469,684.914
17588,100.0,6.25,684.914
17589,100.0,6.25,684.914
17590,100.0,6.25,684.914
17591,100.0,6.25,684.914
17592,100.4,6.275,684.914
17593,100.0,6.25,684.914
17594,100.0,6.25,684.914
17595,100.0,6.25,684.914
17596,88.7,5.544,684.914
17597,66.5,4.156,684.914
17598,100.0,6.25,684.914
17599,100.0,6.25,684.914
17600,100.0,6.25,684.914
17601,87.5,5.469,684.914
17602,87.5,5.469,684.914
17603,100.0,6.25,684.914
17604,100.0,6.25,684.914
17605,100.0,6.25,684.914
17606,100.0,6.25,684.914
17607,100.0,6.25,684.914
17608,100.0,6.25,684.914
17609,100.0,6.25,684.914
17610,100.0,6.25,684.914
17611,100.0,6.25,684.914
17612,100.0,6.25,684.914
17613,89.3,5.581,684.914
17614,100.0,6.25,684.914
17615,100.0,6.25,684.914
17616,112.5,7.031,684.914
17617,100.0,6.25,684.914
17618,100.0,6.25,684.914
17619,100.0,6.25,700.914
17620,100.0,6.25,700.914
17621,100.0,6.25,700.914
17622,100.0,6.25,700.914
17623,100.0,6.25,700.914
17624,100.0,6.25,700.914
17625,100.0,6.25,700.914
17626,88.7,5.544,700.914
17627,100.0,6.25,700.914
17628,100.0,6.25,700.914
17629,87.5,5.469,700.914
17630,87.5,5.469,700.914
17631,100.0,6.25,700.914
17632,100.0,6.25,700.914
17633,100.0,6.25,700.914
17634,100.0,6.25,700.914
17635,100.0,6.25,700.914
17636,78.1,4.881,700.914
17637,100.0,6.25,700.914
17638,100.0,6.25,700.914
17639,112.5,7.031,700.914
17640,100.0,6.25,700.914
17641,100.0,6.25,700.914
17642,100.0,6.25,700.914
17643,100.0,6.25,700.914
17644,100.0,6.25,700.914
17645,100.0,6.25,700.914
17646,87.5,5.469,700.914
17647,100.0,6.25,700.914
17648,88.7,5.544,700.914
17649,100.0,6.25,700.914
17650,100.0,6.25,700.914
17651,100.0,6.25,700.914
17652,100.0,6.25,700.914
17653,100.0,6.25,700.914
17654,99.7,6.231,700.914
17655,100.0,6.25,700.914
17656,100.0,6.25,700.914
17657,87.5,5.469,700.914
17658,100.0,6.25,700.914
17659,87.5,5.469,700.914
17660,100.0,6.25,700.914
17661,100.0,6.25,700.914
17662,89.3,5.581,700.914
17663,100.0,6.25,700.914
17664,100.0,6.25,700.914
17665,112.5,7.031,700.914
17666,100.0,6.25,700.914
17667,100.0,6.25,700.914
17668,100.0,6.25,700.914
17669,100.0,6.25,700.914
17670,100.0,6.25,700.914
17671,100.0,6.25,700.914
17672,100.0,6.25,700.914
17673,87.5,5.469,700.914
17674,100.0,6.25,700.914
17675,88.7,5.544,700.914
17676,114.7,7.169,700.914
17677,77.6,4.85,700.914
17678,100.0,6.25,700.914
17679,87.5,5.469,700.914
17680,100.0,6.25,676.535
17681,88.7,5.544,668.91
17682,14.3,0.894,668.91
17683,28.4,1.775,669.078
17684,0.0,0.0,669.078
17685,0.0,0.0,669.078
17686,14.2,0.887,669.074
17687,0.0,0.0,669.117
17688,0.0,0.0,669.117
17689,0.0,0.0,669.117
17690,75.0,4.688,669.121
17691,100.0,6.25,669.121
17692,100.0,6.25,669.121
17693,87.5,5.469,671.125
17694,112.5,7.031,671.125
17695,100.0,6.25,671.125
17696,100.0,6.25,671.125
17697,100.0,6.25,671.125
17698,100.0,6.25,671.125
17699,100.0,6.25,671.125
17700,88.7,5.544,671.125
17701,100.0,6.25,671.125
17702,100.0,6.25,671.125
17703,100.0,6.25,673.125
17704,87.5,5.469,673.125
17705,75.0,4.688,673.125
17706,100.0,6.25,673.125
17707,100.0,6.25,673.125
17708,87.5,5.469,673.125
17709,100.0,6.25,673.125
17710,112.5,7.031,673.125
17711,100.0,6.25,673.125
17712,75.0,4.688,673.125
17713,100.0,6.25,673.125
17714,100.0,6.25,673.125
17715,100.0,6.25,673.125
17716,100.0,6.25,673.125
17717,100.0,6.25,677.125
17718,100.0,6.25,677.125
17719,100.0,6.25,677.125
17720,100.0,6.25,677.125
17721,89.3,5.581,677.125
17722,87.5,5.469,677.125
17723,100.0,6.25,677.125
17724,100.0,6.25,677.125
17725,112.5,7.031,677.125
17726,88.7,5.544,677.125
17727,87.5,5.469,677.125
17728,100.0,6.25,677.125
17729,100.0,6.25,677.125
17730,87.5,5.469,677.125
17731,87.5,5.469,677.125
17732,100.0,6.25,677.125
17733,100.0,6.25,677.125
17734,100.0,6.25,677.125
17735,100.0,6.25,677.125
17736,100.0,6.25,677.125
17737,100.0,6.25,677.125
17738,100.0,6.25,677.125
17739,100.0,6.25,677.125
17740,100.0,6.25,677.125
17741,100.0,6.25,677.125
17742,100.0,6.25,677.125
17743,87.5,5.469,685.125
17744,89.3,5.581,685.125
17745,87.5,5.469,685.125
17746,100.0,6.25,685.125
17747,100.0,6.25,685.125
17748,100.0,6.25,685.125
17749,100.0,6.25,685.125
17750,100.0,6.25,685.125
17751,99.7,6.231,685.125
17752,100.0,6.25,685.125
17753,100.0,6.25,685.125
17754,100.0,6.25,685.125
17755,100.0,6.25,685.125
17756,100.0,6.25,685.125
17757,100.0,6.25,685.125
17758,100.0,6.25,685.125
17759,100.0,6.25,685.125
17760,100.0,6.25,685.125
17761,100.0,6.25,685.125
17762,100.0,6.25,685.125
17763,87.5,5.469,685.125
17764,87.5,5.469,685.125
17765,100.0,6.25,685.125
17766,77.6,4.85,685.125
17767,100.0,6.25,685.125
17768,100.0,6.25,685.125
17769,100.0,6.25,685.125
17770,100.0,6.25,685.125
17771,100.0,6.25,685.125
17772,100.0,6.25,685.125
17773,100.0,6.25,685.125
17774,100.0,6.25,685.125
17775,100.0,6.25,685.125
17776,100.0,6.25,685.125
17777,100.0,6.25,685.125
17778,100.0,6.25,685.125
17779,100.0,6.25,685.125
17780,89.3,5.581,685.125
17781,100.0,6.25,685.125
17782,87.5,5.469,685.125
17783,100.0,6.25,685.125
17784,100.0,6.25,685.125
17785,100.0,6.25,685.125
17786,100.0,6.25,685.125
17787,100.0,6.25,685.125
17788,100.0,6.25,685.125
17789,100.0,6.25,685.125
17790,100.0,6.25,685.125
17791,88.7,5.544,685.125
17792,100.0,6.25,685.125
17793,100.0,6.25,685.125
17794,112.5,7.031,701.125
17795,75.0,4.688,701.125
17796,100.0,6.25,701.125
17797,100.0,6.25,701.125
17798,100.0,6.25,701.125
17799,100.0,6.25,701.125
17800,100.0,6.25,701.125
17801,100.0,6.25,701.125
17802,100.0,6.25,701.125
17803,100.0,6.25,701.125
17804,88.7,5.544,701.125
17805,100.0,6.25,701.125
17806,87.5,5.469,701.125
17807,75.0,4.688,701.125
17808,100.0,6.25,701.125
17809,112.5,7.031,701.125
17810,78.1,4.881,701.125
17811,100.0,6.25,701.125
17812,100.0,6.25,701.125
17813,100.0,6.25,701.125
17814,88.7,5.544,701.125
17815,100.0,6.25,701.125
17816,114.7,7.169,701.125
17817,100.0,6.25,701.125
17818,100.0,6.25,701.125
17819,100.0,6.25,701.125
17820,77.6,4.85,701.125
17821,100.0,6.25,701.125
17822,100.0,6.25,701.125
17823,87.5,5.469,701.125
17824,100.0,6.25,701.125
17825,100.0,6.25,701.125
17826,100.0,6.25,701.125
17827,100.0,6.25,701.125
17828,100.0,6.25,701.125
17829,100.0,6.25,701.125
17830,100.0,6.25,701.125
17831,78.1,4.881,701.125
17832,100.0,6.25,701.125
17833,100.0,6.25,701.125
17834,100.0,6.25,701.125
17835,87.5,5.469,701.125
17836,100.0,6.25,701.125
17837,100.0,6.25,701.125
17838,100.0,6.25,701.125
17839,100.0,6.25,701.125
17840,100.0,6.25,701.125
17841,100.0,6.25,701.125
17842,100.0,6.25,701.125
17843,88.7,5.544,701.125
17844,100.0,6.25,701.125
17845,100.0,6.25,701.125
17846,112.5,7.031,701.125
17847,100.0,6.25,701.125
17848,100.0,6.25,701.125
17849,100.0,6.25,701.125
17850,100.0,6.25,701.125
17851,88.7,5.544,701.125
17852,100.0,6.25,701.125
17853,100.0,6.25,701.125
17854,101.4,6.338,676.75
17855,100.0,6.25,676.75
17856,50.0,3.125,669.125
17857,28.7,1.794,669.125
17858,0.0,0.0,669.125
17859,0.0,0.0,669.125
17860,0.0,0.0,669.125
17861,0.0,0.0,669.125
17862,0.0,0.0,669.125
17863,0.0,0.0,669.125
17864,0.0,0.0,669.125
17865,0.0,0.0,669.125
17866,0.0,0.0,669.125
17867,0.0,0.0,669.125
17868,0.0,0.0,669.125
17869,0.0,0.0,669.125
17870,0.0,0.0,669.125
17871,0.0,0.0,669.125
17872,0.0,0.0,669.125
17873,0.0,0.0,669.125
17874,0.0,0.0,669.125
17875,0.0,0.0,669.125
17876,0.0,0.0,669.125
17877,0.0,0.0,669.125
17878,0.0,0.0,669.125
17879,0.0,0.0,669.125
17880,0.0,0.0,669.125
17881,0.0,0.0,669.125
17882,0.0,0.0,669.125
17883,0.0,0.0,669.125
17884,0.0,0.0,669.125
17885,0.0,0.0,669.125
17886,0.0,0.0,669.125
17887,0.0,0.0,669.125
17888,0.0,0.0,669.125
17889,0.0,0.0,669.125
17890,0.0,0.0,669.125
17891,0.0,0.0,669.125
17892,0.0,0.0,669.125
17893,0.0,0.0,669.125
17894,0.0,0.0,669.125
17895,0.0,0.0,669.125
17896,0.0,0.0,669.125
17897,0.0,0.0,669.125
17898,0.0,0.0,669.125
17899,0.0,0.0,669.125
17900,0.0,0.0,669.125
17901,14.3,0.894,669.125
17902,0.0,0.0,669.125
17903,0.0,0.0,669.125
17904,0.0,0.0,669.125
17905,0.0,0.0,669.125
17906,0.0,0.0,669.125
17907,0.0,0.0,669.125
17908,0.0,0.0,669.125
17909,0.0,0.0,669.125
17910,0.0,0.0,669.125
17911,0.0,0.0,669.125
17912,0.0,0.0,669.125
17913,0.0,0.0,669.125
17914,0.0,0.0,669.125
17915,0.0,0.0,669.125
17916,0.0,0.0,669.125
17917,0.0,0.0,669.125
17918,0.0,0.0,669.125
17919,0.0,0.0,669.125
17920,0.0,0.0,669.125
17921,0.0,0.0,669.125
17922,0.0,0.0,669.125
17923,0.0,0.0,669.125
17924,0.0,0.0,669.125
17925,42.6,2.663,669.121
17926,0.0,0.0,669.121
17927,0.0,0.0,669.121
17928,0.0,0.0,669.121
17929,0.0,0.0,669.121
17930,0.0,0.0,669.121
17931,0.0,0.0,669.121
17932,0.0,0.0,669.121
17933,0.0,0.0,669.121
17934,0.0,0.0,669.121
17935,14.2,0.887,669.121
17936,0.0,0.0,669.121
17937,0.0,0.0,669.121
17938,0.0,0.0,669.121
17939,0.0,0.0,669.121
17940,0.0,0.0,669.121
17941,0.0,0.0,669.121
17942,0.0,0.0,669.121
17943,0.0,0.0,669.121
17944,0.0,0.0,669.121
17945,0.0,0.0,669.121
17946,0.0,0.0,669.121
17947,0.0,0.0,669.121
17948,0.0,0.0,669.121
17949,0.0,0.0,669.121
17950,0.0,0.0,669.121
17951,0.0,0.0,669.121
17952,0.0,0.0,669.121
17953,0.0,0.0,669.121
17954,0.0,0.0,669.121
17955,0.0,0.0,669.121
17956,0.0,0.0,669.121
17957,0.0,0.0,669.121
17958,0.0,0.0,669.121
17959,0.0,0.0,669.121
17960,0.0,0.0,669.121
17961,0.0,0.0,669.121
17962,0.0,0.0,669.121
17963,0.0,0.0,669.121
17964,0.0,0.0,669.121
17965,0.0,0.0,669.121
17966,0.0,0.0,669.121
17967,0.0,0.0,669.121
17968,0.0,0.0,669.121
17969,0.0,0.0,669.121
17970,0.0,0.0,669.121
17971,0.0,0.0,669.121
17972,0.0,0.0,669.121
17973,0.0,0.0,669.121
17974,0.0,0.0,669.121
17975,0.0,0.0,669.121
17976,0.0,0.0,669.121
17977,0.0,0.0,669.121
17978,0.0,0.0,669.121
17979,0.0,0.0,669.121
17980,0.0,0.0,669.121
17981,0.0,0.0,669.121
17982,0.0,0.0,669.121
17983,0.0,0.0,669.121
17984,0.0,0.0,669.121
17985,0.0,0.0,669.121
17986,0.0,0.0,669.121
17987,0.0,0.0,669.121
17988,0.0,0.0,669.121
17989,0.0,0.0,669.121
17990,62.5,3.906,669.121
17991,89.3,5.581,669.121
17992,100.0,6.25,669.121
17993,100.0,6.25,671.125
17994,100.0,6.25,671.125
17995,112.5,7.031,671.125
17996,100.0,6.25,671.125
17997,75.0,4.688,671.125
17998,100.0,6.25,671.125
17999,100.0,6.25,671.125
18000,88.7,5.544,671.125
18001,100.0,6.25,671.125
18002,87.5,5.469,671.125
18003,100.0,6.25,673.125
18004,87.5,5.469,673.125
18005,87.5,5.469,673.125
18006,75.0,4.688,673.125
18007,100.0,6.25,673.125
18008,100.0,6.25,673.125
18009,100.0,6.25,673.125
18010,100.0,6.25,673.125
18011,100.0,6.25,673.125
18012,100.4,6.275,673.125
18013,88.7,5.544,673.125
18014,112.5,7.031,673.125
18015,100.0,6.25,673.125
18016,100.0,6.25,677.125
18017,100.0,6.25,677.125
18018,100.0,6.25,677.125
18019,100.0,6.25,677.125
18020,100.0,6.25,677.125
18021,100.0,6.25,677.125
18022,100.0,6.25,677.125
18023,77.6,4.85,677.125
18024,100.0,6.25,677.125
18025,100.0,6.25,677.125
18026,112.5,7.031,677.125
18027,100.0,6.25,677.125
18028,100.0,6.25,677.125
18029,100.0,6.25,677.125
18030,100.0,6.25,677.125
18031,100.0,6.25,677.125
18032,89.3,5.581,677.125
18033,100.0,6.25,677.125
18034,100.0,6.25,677.125
18035,112.5,7.031,677.125
18036,100.0,6.25,677.125
18037,100.0,6.25,677.125
18038,100.0,6.25,677.125
18039,100.0,6.25,677.125
18040,75.0,4.688,677.125
18041,100.0,6.25,677.125
18042,88.7,5.544,685.125
18043,100.0,6.25,685.125
18044,100.0,6.25,685.125
18045,99.7,6.231,685.125
18046,87.5,5.469,685.125
18047,87.5,5.469,685.125
18048,87.5,5.469,685.125
18049,87.5,5.469,685.125
18050,100.0,6.25,685.125
18051,89.3,5.581,685.125
18052,100.0,6.25,685.125
18053,100.0,6.25,685.125
18054,100.0,6.25,685.125
18055,87.5,5.469,685.125
18056,100.0,6.25,685.125
18057,100.0,6.25,685.125
18058,100.0,6.25,685.125
18059,87.5,5.469,685.125
18060,77.6,4.85,685.125
18061,100.0,6.25,685.125
18062,87.5,5.469,685.125
18063,100.0,6.25,685.125
18064,100.0,6.25,685.125
18065,100.0,6.25,685.125
18066,100.0,6.25,685.125
18067,87.5,5.469,685.125
18068,89.3,5.581,685.125
18069,112.5,7.031,685.125
18070,75.0,4.688,685.125
18071,100.0,6.25,685.125
18072,100.0,6.25,685.125
18073,100.0,6.25,685.125
18074,100.0,6.25,685.125
18075,87.5,5.469,685.125
18076,88.7,5.544,685.125
18077,100.0,6.25,685.125
18078,112.5,7.031,685.125
18079,100.0,6.25,685.125
18080,100.0,6.25,685.125
18081,100.0,6.25,685.125
18082,100.0,6.25,685.125
18083,100.0,6.25,685.125
18084,100.0,6.25,685.125
18085,88.7,5.544,685.125
18086,100.0,6.25,685.125
18087,87.5,5.469,685.125
18088,112.5,7.031,685.125
18089,100.0,6.25,685.125
18090,100.0,6.25,685.125
18091,100.0,6.25,685.125
18092,89.3,5.581,685.125
18093,100.0,6.25,701.125
18094,100.0,6.25,701.125
18095,75.0,4.688,701.125
18096,100.0,6.25,701.125
18097,100.0,6.25,701.125
18098,100.0,6.25,701.125
18099,100.0,6.25,701.125
18100,100.0,6.25,701.125
18101,88.7,5.544,701.125
18102,100.0,6.25,701.125
18103,75.0,4.688,701.125
18104,100.0,6.25,701.125
18105,100.0,6.25,701.125
18106,112.5,7.031,701.125
18107,100.0,6.25,701.125
18108,100.0,6.25,701.125
18109,100.0,6.25,701.125
18110,88.7,5.544,701.125
18111,100.0,6.25,701.125
18112,112.5,7.031,701.125
18113,100.0,6.25,701.125
18114,100.0,6.25,701.125
18115,100.0,6.25,701.125
18116,100.0,6.25,701.125
18117,100.0,6.25,701.125
18118,100.0,6.25,701.125
18119,78.1,4.881,701.125
18120,100.0,6.25,701.125
18121,87.5,5.469,701.125
18122,112.5,7.031,701.125
18123,100.0,6.25,701.125
18124,100.0,6.25,701.125
18125,100.0,6.25,701.125
18126,100.0,6.25,701.125
18127,100.0,6.25,701.125
18128,77.6,4.85,701.125
18129,100.0,6.25,701.125
18130,112.5,7.031,701.125
18131,100.0,6.25,701.125
18132,100.0,6.25,701.125
18133,100.0,6.25,701.125
18134,100.0,6.25,701.125
18135,100.0,6.25,701.125
18136,100.0,6.25,701.125
18137,78.1,4.881,701.125
18138,100.0,6.25,701.125
18139,87.5,5.469,701.125
18140,87.5,5.469,701.125
18141,100.0,6.25,701.125
18142,100.0,6.25,701.125
18143,100.0,6.25,701.125
18144,100.0,6.25,701.125
18145,100.0,6.25,701.125
18146,77.6,4.85,701.125
18147,100.0,6.25,701.125
18148,112.5,7.031,701.125
18149,100.0,6.25,701.125
18150,100.0,6.25,701.125
18151,100.0,6.25,701.125
18152,100.0,6.25,701.125
18153,98.5,6.156,676.746
18154,114.7,7.169,669.121
18155,55.4,3.462,669.121
18156,100.0,6.25,669.121
18157,89.3,5.581,669.121
18158,112.5,7.031,671.125
18159,100.0,6.25,671.125
18160,100.0,6.25,671.125
18161,87.5,5.469,671.125
18162,100.0,6.25,671.125
18163,100.0,6.25,671.125
18164,88.7,5.544,671.125
18165,100.0,6.25,671.125
18166,100.0,6.25,671.125
18167,100.0,6.25,673.125
18168,100.0,6.25,673.125
18169,100.0,6.25,673.125
18170,100.0,6.25,673.125
18171,100.0,6.25,673.125
18172,100.0,6.25,673.125
18173,100.0,6.25,673.125
18174,88.7,5.544,673.125
18175,112.5,7.031,673.125
18176,100.0,6.25,673.125
18177,62.5,3.906,673.125
18178,100.0,6.25,673.125
18179,100.0,6.25,673.125
18180,100.0,6.25,677.125
18181,100.0,6.25,677.125
18182,100.0,6.25,677.125
18183,89.3,5.581,677.125
18184,87.5,5.469,677.125
18185,112.5,7.031,677.125
18186,100.0,6.25,677.125
18187,100.0,6.25,677.125
18188,100.0,6.25,677.125
18189,100.0,6.25,677.125
18190,100.0,6.25,677.125
18191,100.0,6.25,677.125
18192,88.7,5.544,677.125
18193,100.0,6.25,677.125
18194,100.0,6.25,677.125
18195,100.0,6.25,677.125
18196,100.0,6.25,677.125
18197,100.0,6.25,677.125
18198,87.5,5.469,677.125
18199,100.0,6.25,677.125
18200,88.7,5.544,677.125
18201,100.0,6.25,677.125
18202,100.0,6.25,677.125
18203,112.5,7.031,677.125
18204,100.0,6.25,677.125
18205,100.0,6.25,685.125
18206,87.5,5.469,685.125
18207,100.0,6.25,685.125
18208,100.0,6.25,685.125
18209,89.3,5.581,685.125
18210,87.5,5.469,685.125
18211,100.0,6.25,685.125
18212,100.0,6.25,685.125
18213,100.0,6.25,685.125
18214,100.0,6.25,685.125
18215,100.0,6.25,685.125
18216,100.0,6.25,685.125
18217,100.0,6.25,685.125
18218,88.7,5.544,685.125
18219,100.0,6.25,685.125
18220,112.5,7.031,685.125
18221,100.0,6.25,685.125
18222,100.0,6.25,685.125
18223,100.0,6.25,685.125
18224,62.5,3.906,685.125
18225,87.5,5.469,685.125
18226,100.0,6.25,685.125
18227,100.0,6.25,685.125
18228,89.3,5.581,685.125
18229,100.0,6.25,685.125
18230,112.5,7.031,685.125
18231,87.5,5.469,685.125
18232,100.0,6.25,685.125
18233,100.0,6.25,685.125
18234,100.0,6.25,685.125
18235,100.0,6.25,685.125
18236,100.0,6.25,685.125
18237,88.7,5.544,685.125
18238,100.0,6.25,685.125
18239,112.5,7.031,685.125
18240,75.0,4.688,685.125
18241,100.0,6.25,685.125
18242,100.0,6.25,685.125
18243,87.5,5.469,685.125
18244,100.0,6.25,685.125
18245,100.0,6.25,685.125
18246,100.0,6.25,685.125
18247,100.0,6.25,685.125
18248,88.7,5.544,685.125
18249,100.0,6.25,685.125
18250,100.0,6.25,685.125
18251,100.0,6.25,685.125
18252,100.0,6.25,685.125
18253,100.0,6.25,685.125
18254,100.0,6.25,685.125
18255,100.0,6.25,685.125
18256,100.0,6.25,685.125
18257,89.3,5.581,701.125
18258,100.0,6.25,701.125
18259,112.5,7.031,701.125
18260,87.5,5.469,701.125
18261,100.0,6.25,701.125
18262,100.0,6.25,701.125
18263,100.0,6.25,701.125
18264,100.0,6.25,701.125
18265,100.0,6.25,701.125
18266,88.7,5.544,701.125
18267,100.0,6.25,701.125
18268,99.7,6.231,701.125
18269,100.4,6.275,701.125
18270,100.0,6.25,701.125
18271,100.0,6.25,701.125
18272,87.5,5.469,701.125
18273,100.0,6.25,701.125
18274,100.0,6.25,701.125
18275,88.7,5.544,701.125
18276,100.0,6.25,701.125
18277,100.0,6.25,701.125
18278,112.5,7.031,701.125
18279,100.0,6.25,701.125
18280,100.0,6.25,701.125
18281,100.0,6.25,701.125
18282,100.0,6.25,701.125
18283,100.0,6.25,701.125
18284,67.0,4.188,701.125
18285,100.0,6.25,701.125
18286,100.0,6.25,701.125
18287,100.0,6.25,701.125
18288,100.0,6.25,701.125
18289,100.0,6.25,701.125
18290,100.0,6.25,701.125
18291,100.0,6.25,701.125
18292,88.7,5.544,701.125
18293,100.0,6.25,701.125
18294,100.0,6.25,701.125
18295,112.5,7.031,701.125
18296,87.5,5.469,701.125
18297,100.0,6.25,701.125
18298,87.5,5.469,701.125
18299,100.0,6.25,701.125
18300,100.0,6.25,701.125
18301,87.5,5.469,701.125
18302,88.7,5.544,701.125
18303,100.0,6.25,701.125
18304,125.0,7.812,701.125
18305,100.0,6.25,701.125
18306,112.5,7.031,701.125
18307,89.3,5.581,701.125
18308,100.0,6.25,701.125
18309,100.0,6.25,701.125
18310,100.0,6.25,701.125
18311,88.7,5.544,701.125
18312,100.0,6.25,701.125
18313,100.0,6.25,701.125
18314,100.0,6.25,701.125
18315,100.0,6.25,701.125
18316,100.0,6.25,701.125
18317,95.8,5.987,676.746
18318,114.7,7.169,669.121
18319,0.0,0.0,669.102
